row,label,x,y
0,a|a,0,0
1,a|adjusts,0,0
2,a|an,0,0
3,a|and,0,0
4,a|applies,0,0
5,a|attention,0,0
6,a|be,0,0
7,a|between,0,0
8,a|bias,-0.0982,-0.0982
9,a|by,0,0
10,a|can,0,0
11,a|change,0,0
12,a|chosen,0,0
13,a|collection,-0.0518,-0.0518
14,a|conditions,0,0
15,a|corpus,-0.0809,-0.0809
16,a|create,0,0
17,a|data,0,0
18,a|descent,0,0
19,a|determines,0,0
20,a|does,0,0
21,a|during,0,0
22,a|embedding,0,0
23,a|emphasizes,0,0
24,a|error,0,0
25,a|fact,4.3550,-0.0369
26,a|fit,0,0
27,a|from,0,0
28,a|function,0,0
29,a|functions,0,0
30,a|gradient,0,0
31,a|gradients,0,0
32,a|has,0,0
33,a|helps,0,0
34,a|improvement,0,0
35,a|in,0,0
36,a|inference,0,0
37,a|input,0,0
38,a|inputs,0,0
39,a|instruct,0,0
40,a|intent,0,0
41,a|is,0,0
42,a|itself,0,0
43,a|know,0,0
44,a|language,-0.0579,-0.0579
45,a|large,-0.0579,-0.0579
46,a|learn,0,0
47,a|learned,0,0
48,a|likelihood,0,0
49,a|maps,0,0
50,a|mathematical,-0.0369,-0.0369
51,a|meaning,0,0
52,a|mechanism,0,0
53,a|method,0,0
54,a|minimization,0,0
55,a|model,-0.1259,-0.1259
56,a|network,0,0
57,a|neural,-0.0579,-0.0579
58,a|next,0,0
59,a|no,0,0
60,a|nonlinear,0,0
61,a|not,0,0
62,a|number,-0.0369,-0.0369
63,a|numeric,-0.0982,-0.0982
64,a|of,0,0
65,a|offset,0,0
66,a|on,0,0
67,a|one,0,0
68,a|optimization,0,0
69,a|output,0,0
70,a|outputs,0,0
71,a|over,0,0
72,a|parameter,0,0
73,a|parameters,0,0
74,a|part,0,0
75,a|patterns,0,0
76,a|people,0,0
77,a|predicted,-0.0369,-0.0369
78,a|prediction,4.3550,-0.0369
79,a|predictor,0,0
80,a|predicts,0,0
81,a|probabilities,0,0
82,a|probability,-0.0688,-0.0688
83,a|produces,0,0
84,a|prompt,-0.0982,-0.0982
85,a|reason,0,0
86,a|reduces,0,0
87,a|relevant,0,0
88,a|repeated,0,0
89,a|represents,0,0
90,a|scales,0,0
91,a|shifts,0,0
92,a|slows,0,0
93,a|statistical,-0.0369,-0.0369
94,a|stops,0,0
95,a|sum,0,0
96,a|sums,0,0
97,a|text,0,0
98,a|the,0,0
99,a|to,0,0
100,a|token,-0.1363,-0.1363
101,a|tokens,0,0
102,a|trained,-0.0369,-0.0369
103,a|training,0,0
104,a|truth,0,0
105,a|understand,0,0
106,a|understanding,0,0
107,a|unit,-0.0369,-0.0369
108,a|updated,0,0
109,a|updates,0,0
110,a|using,0,0
111,a|vector,0,0
112,a|weight,-0.0811,-0.0811
113,a|weighted,0,0
114,a|weighting,-0.0369,-0.0369
115,a|what,0,0
116,a|when,0,0
117,a|word,6.1087,-0.0518
118,a|zero,0,0
119,adjusts|a,0,0
120,adjusts|adjusts,0,0
121,adjusts|an,0,0
122,adjusts|and,0,0
123,adjusts|applies,0,0
124,adjusts|attention,0,0
125,adjusts|be,0,0
126,adjusts|between,0,0
127,adjusts|bias,0,0
128,adjusts|by,0,0
129,adjusts|can,0,0
130,adjusts|change,0,0
131,adjusts|chosen,0,0
132,adjusts|collection,0,0
133,adjusts|conditions,0,0
134,adjusts|corpus,0,0
135,adjusts|create,0,0
136,adjusts|data,0,0
137,adjusts|descent,0,0
138,adjusts|determines,0,0
139,adjusts|does,0,0
140,adjusts|during,0,0
141,adjusts|embedding,0,0
142,adjusts|emphasizes,0,0
143,adjusts|error,0,0
144,adjusts|fact,0,0
145,adjusts|fit,0,0
146,adjusts|from,0,0
147,adjusts|function,0,0
148,adjusts|functions,0,0
149,adjusts|gradient,0,0
150,adjusts|gradients,0,0
151,adjusts|has,0,0
152,adjusts|helps,0,0
153,adjusts|improvement,0,0
154,adjusts|in,0,0
155,adjusts|inference,0,0
156,adjusts|input,0,0
157,adjusts|inputs,0,0
158,adjusts|instruct,0,0
159,adjusts|intent,0,0
160,adjusts|is,0,0
161,adjusts|itself,0,0
162,adjusts|know,0,0
163,adjusts|language,0,0
164,adjusts|large,0,0
165,adjusts|learn,0,0
166,adjusts|learned,0,0
167,adjusts|likelihood,0,0
168,adjusts|maps,0,0
169,adjusts|mathematical,0,0
170,adjusts|meaning,0,0
171,adjusts|mechanism,0,0
172,adjusts|method,0,0
173,adjusts|minimization,0,0
174,adjusts|model,0,0
175,adjusts|network,0,0
176,adjusts|neural,0,0
177,adjusts|next,0,0
178,adjusts|no,0,0
179,adjusts|nonlinear,0,0
180,adjusts|not,0,0
181,adjusts|number,0,0
182,adjusts|numeric,-0.0369,-0.0369
183,adjusts|of,0,0
184,adjusts|offset,0,0
185,adjusts|on,0,0
186,adjusts|one,0,0
187,adjusts|optimization,0,0
188,adjusts|output,0,0
189,adjusts|outputs,0,0
190,adjusts|over,0,0
191,adjusts|parameter,0,0
192,adjusts|parameters,0,0
193,adjusts|part,0,0
194,adjusts|patterns,0,0
195,adjusts|people,0,0
196,adjusts|predicted,0,0
197,adjusts|prediction,0,0
198,adjusts|predictor,0,0
199,adjusts|predicts,0,0
200,adjusts|probabilities,0,0
201,adjusts|probability,0,0
202,adjusts|produces,0,0
203,adjusts|prompt,0,0
204,adjusts|reason,0,0
205,adjusts|reduces,0,0
206,adjusts|relevant,0,0
207,adjusts|repeated,0,0
208,adjusts|represents,0,0
209,adjusts|scales,0,0
210,adjusts|shifts,0,0
211,adjusts|slows,0,0
212,adjusts|statistical,0,0
213,adjusts|stops,0,0
214,adjusts|sum,0,0
215,adjusts|sums,0,0
216,adjusts|text,0,0
217,adjusts|the,0,0
218,adjusts|to,0,0
219,adjusts|token,0,0
220,adjusts|tokens,0,0
221,adjusts|trained,0,0
222,adjusts|training,0,0
223,adjusts|truth,0,0
224,adjusts|understand,0,0
225,adjusts|understanding,0,0
226,adjusts|unit,0,0
227,adjusts|updated,0,0
228,adjusts|updates,0,0
229,adjusts|using,0,0
230,adjusts|vector,0,0
231,adjusts|weight,0,0
232,adjusts|weighted,0,0
233,adjusts|weighting,0,0
234,adjusts|what,0,0
235,adjusts|when,0,0
236,adjusts|word,0,0
237,adjusts|zero,0,0
238,an|a,0,0
239,an|adjusts,0,0
240,an|an,0,0
241,an|and,0,0
242,an|applies,0,0
243,an|attention,0,0
244,an|be,0,0
245,an|between,0,0
246,an|bias,0,0
247,an|by,0,0
248,an|can,0,0
249,an|change,0,0
250,an|chosen,0,0
251,an|collection,0,0
252,an|conditions,0,0
253,an|corpus,0,0
254,an|create,0,0
255,an|data,0,0
256,an|descent,0,0
257,an|determines,0,0
258,an|does,0,0
259,an|during,0,0
260,an|embedding,-0.0811,-0.0811
261,an|emphasizes,0,0
262,an|error,0,0
263,an|fact,0,0
264,an|fit,0,0
265,an|from,0,0
266,an|function,0,0
267,an|functions,0,0
268,an|gradient,0,0
269,an|gradients,0,0
270,an|has,0,0
271,an|helps,0,0
272,an|improvement,0,0
273,an|in,0,0
274,an|inference,0,0
275,an|input,4.3550,-0.0369
276,an|inputs,0,0
277,an|instruct,0,0
278,an|intent,0,0
279,an|is,0,0
280,an|itself,0,0
281,an|know,0,0
282,an|language,0,0
283,an|large,0,0
284,an|learn,0,0
285,an|learned,0,0
286,an|likelihood,0,0
287,an|maps,0,0
288,an|mathematical,0,0
289,an|meaning,0,0
290,an|mechanism,0,0
291,an|method,0,0
292,an|minimization,0,0
293,an|model,0,0
294,an|network,0,0
295,an|neural,0,0
296,an|next,0,0
297,an|no,0,0
298,an|nonlinear,0,0
299,an|not,0,0
300,an|number,0,0
301,an|numeric,0,0
302,an|of,0,0
303,an|offset,0,0
304,an|on,0,0
305,an|one,0,0
306,an|optimization,-0.0369,-0.0369
307,an|output,-0.0579,-0.0579
308,an|outputs,0,0
309,an|over,0,0
310,an|parameter,0,0
311,an|parameters,0,0
312,an|part,0,0
313,an|patterns,0,0
314,an|people,0,0
315,an|predicted,0,0
316,an|prediction,0,0
317,an|predictor,0,0
318,an|predicts,0,0
319,an|probabilities,0,0
320,an|probability,0,0
321,an|produces,0,0
322,an|prompt,0,0
323,an|reason,0,0
324,an|reduces,0,0
325,an|relevant,0,0
326,an|repeated,0,0
327,an|represents,0,0
328,an|scales,0,0
329,an|shifts,0,0
330,an|slows,0,0
331,an|statistical,0,0
332,an|stops,0,0
333,an|sum,0,0
334,an|sums,0,0
335,an|text,0,0
336,an|the,0,0
337,an|to,0,0
338,an|token,0,0
339,an|tokens,0,0
340,an|trained,0,0
341,an|training,0,0
342,an|truth,0,0
343,an|understand,0,0
344,an|understanding,0,0
345,an|unit,0,0
346,an|updated,0,0
347,an|updates,0,0
348,an|using,0,0
349,an|vector,0,0
350,an|weight,0,0
351,an|weighted,0,0
352,an|weighting,0,0
353,an|what,0,0
354,an|when,0,0
355,an|word,0,0
356,an|zero,0,0
357,and|a,0,0
358,and|adjusts,0,0
359,and|an,0,0
360,and|and,0,0
361,and|applies,0,0
362,and|attention,0,0
363,and|be,0,0
364,and|between,0,0
365,and|bias,0,0
366,and|by,0,0
367,and|can,0,0
368,and|change,0,0
369,and|chosen,0,0
370,and|collection,0,0
371,and|conditions,0,0
372,and|corpus,0,0
373,and|create,0,0
374,and|data,0,0
375,and|descent,0,0
376,and|determines,0,0
377,and|does,0,0
378,and|during,0,0
379,and|embedding,0,0
380,and|emphasizes,0,0
381,and|error,0,0
382,and|fact,0,0
383,and|fit,0,0
384,and|from,0,0
385,and|function,0,0
386,and|functions,0,0
387,and|gradient,0,0
388,and|gradients,0,0
389,and|has,0,0
390,and|helps,0,0
391,and|improvement,0,0
392,and|in,0,0
393,and|inference,0,0
394,and|input,0,0
395,and|inputs,0,0
396,and|instruct,0,0
397,and|intent,0,0
398,and|is,0,0
399,and|itself,0,0
400,and|know,0,0
401,and|language,0,0
402,and|large,0,0
403,and|learn,0,0
404,and|learned,0,0
405,and|likelihood,0,0
406,and|maps,0,0
407,and|mathematical,0,0
408,and|meaning,0,0
409,and|mechanism,0,0
410,and|method,0,0
411,and|minimization,0,0
412,and|model,0,0
413,and|network,0,0
414,and|neural,0,0
415,and|next,0,0
416,and|no,0,0
417,and|nonlinear,0,0
418,and|not,0,0
419,and|number,0,0
420,and|numeric,0,0
421,and|of,0,0
422,and|offset,0,0
423,and|on,0,0
424,and|one,4.3550,-0.0369
425,and|optimization,0,0
426,and|output,0,0
427,and|outputs,0,0
428,and|over,0,0
429,and|parameter,0,0
430,and|parameters,0,0
431,and|part,0,0
432,and|patterns,0,0
433,and|people,0,0
434,and|predicted,0,0
435,and|prediction,0,0
436,and|predictor,0,0
437,and|predicts,0,0
438,and|probabilities,0,0
439,and|probability,0,0
440,and|produces,0,0
441,and|prompt,0,0
442,and|reason,0,0
443,and|reduces,0,0
444,and|relevant,0,0
445,and|repeated,0,0
446,and|represents,0,0
447,and|scales,0,0
448,and|shifts,0,0
449,and|slows,0,0
450,and|statistical,0,0
451,and|stops,0,0
452,and|sum,0,0
453,and|sums,0,0
454,and|text,0,0
455,and|the,0,0
456,and|to,0,0
457,and|token,0,0
458,and|tokens,0,0
459,and|trained,0,0
460,and|training,0,0
461,and|truth,0,0
462,and|understand,0,0
463,and|understanding,0,0
464,and|unit,0,0
465,and|updated,0,0
466,and|updates,0,0
467,and|using,0,0
468,and|vector,0,0
469,and|weight,0,0
470,and|weighted,0,0
471,and|weighting,0,0
472,and|what,0,0
473,and|when,0,0
474,and|word,0,0
475,and|zero,0,0
476,applies|a,0,0
477,applies|adjusts,0,0
478,applies|an,0,0
479,applies|and,0,0
480,applies|applies,0,0
481,applies|attention,0,0
482,applies|be,0,0
483,applies|between,0,0
484,applies|bias,0,0
485,applies|by,0,0
486,applies|can,0,0
487,applies|change,0,0
488,applies|chosen,0,0
489,applies|collection,0,0
490,applies|conditions,0,0
491,applies|corpus,0,0
492,applies|create,0,0
493,applies|data,0,0
494,applies|descent,0,0
495,applies|determines,0,0
496,applies|does,0,0
497,applies|during,0,0
498,applies|embedding,0,0
499,applies|emphasizes,0,0
500,applies|error,0,0
501,applies|fact,0,0
502,applies|fit,0,0
503,applies|from,0,0
504,applies|function,0,0
505,applies|functions,0,0
506,applies|gradient,0,0
507,applies|gradients,0,0
508,applies|has,0,0
509,applies|helps,0,0
510,applies|improvement,0,0
511,applies|in,0,0
512,applies|inference,0,0
513,applies|input,0,0
514,applies|inputs,0,0
515,applies|instruct,0,0
516,applies|intent,0,0
517,applies|is,0,0
518,applies|itself,0,0
519,applies|know,0,0
520,applies|language,0,0
521,applies|large,0,0
522,applies|learn,0,0
523,applies|learned,0,0
524,applies|likelihood,0,0
525,applies|maps,0,0
526,applies|mathematical,0,0
527,applies|meaning,0,0
528,applies|mechanism,0,0
529,applies|method,0,0
530,applies|minimization,0,0
531,applies|model,0,0
532,applies|network,0,0
533,applies|neural,0,0
534,applies|next,0,0
535,applies|no,0,0
536,applies|nonlinear,-0.0369,-0.0369
537,applies|not,0,0
538,applies|number,0,0
539,applies|numeric,0,0
540,applies|of,0,0
541,applies|offset,0,0
542,applies|on,0,0
543,applies|one,0,0
544,applies|optimization,0,0
545,applies|output,0,0
546,applies|outputs,0,0
547,applies|over,0,0
548,applies|parameter,0,0
549,applies|parameters,0,0
550,applies|part,0,0
551,applies|patterns,0,0
552,applies|people,0,0
553,applies|predicted,0,0
554,applies|prediction,0,0
555,applies|predictor,0,0
556,applies|predicts,0,0
557,applies|probabilities,0,0
558,applies|probability,0,0
559,applies|produces,0,0
560,applies|prompt,0,0
561,applies|reason,0,0
562,applies|reduces,0,0
563,applies|relevant,0,0
564,applies|repeated,0,0
565,applies|represents,0,0
566,applies|scales,0,0
567,applies|shifts,0,0
568,applies|slows,0,0
569,applies|statistical,0,0
570,applies|stops,0,0
571,applies|sum,0,0
572,applies|sums,0,0
573,applies|text,0,0
574,applies|the,0,0
575,applies|to,0,0
576,applies|token,0,0
577,applies|tokens,0,0
578,applies|trained,0,0
579,applies|training,0,0
580,applies|truth,0,0
581,applies|understand,0,0
582,applies|understanding,0,0
583,applies|unit,0,0
584,applies|updated,0,0
585,applies|updates,0,0
586,applies|using,0,0
587,applies|vector,0,0
588,applies|weight,0,0
589,applies|weighted,0,0
590,applies|weighting,0,0
591,applies|what,0,0
592,applies|when,0,0
593,applies|word,0,0
594,applies|zero,0,0
595,attention|a,0,0
596,attention|adjusts,0,0
597,attention|an,0,0
598,attention|and,0,0
599,attention|applies,0,0
600,attention|attention,0,0
601,attention|be,0,0
602,attention|between,0,0
603,attention|bias,0,0
604,attention|by,0,0
605,attention|can,0,0
606,attention|change,0,0
607,attention|chosen,0,0
608,attention|collection,0,0
609,attention|conditions,0,0
610,attention|corpus,0,0
611,attention|create,0,0
612,attention|data,0,0
613,attention|descent,0,0
614,attention|determines,0,0
615,attention|does,-0.0369,-0.0369
616,attention|during,0,0
617,attention|embedding,0,0
618,attention|emphasizes,-0.0369,-0.0369
619,attention|error,0,0
620,attention|fact,0,0
621,attention|fit,0,0
622,attention|from,0,0
623,attention|function,0,0
624,attention|functions,0,0
625,attention|gradient,0,0
626,attention|gradients,0,0
627,attention|has,0,0
628,attention|helps,0,0
629,attention|improvement,0,0
630,attention|in,0,0
631,attention|inference,0,0
632,attention|input,0,0
633,attention|inputs,0,0
634,attention|instruct,0,0
635,attention|intent,0,0
636,attention|is,4.3550,-0.0369
637,attention|itself,0,0
638,attention|know,0,0
639,attention|language,0,0
640,attention|large,0,0
641,attention|learn,0,0
642,attention|learned,0,0
643,attention|likelihood,0,0
644,attention|maps,0,0
645,attention|mathematical,0,0
646,attention|meaning,0,0
647,attention|mechanism,0,0
648,attention|method,0,0
649,attention|minimization,0,0
650,attention|model,0,0
651,attention|network,0,0
652,attention|neural,0,0
653,attention|next,0,0
654,attention|no,0,0
655,attention|nonlinear,0,0
656,attention|not,0,0
657,attention|number,0,0
658,attention|numeric,0,0
659,attention|of,0,0
660,attention|offset,0,0
661,attention|on,0,0
662,attention|one,0,0
663,attention|optimization,0,0
664,attention|output,0,0
665,attention|outputs,0,0
666,attention|over,0,0
667,attention|parameter,0,0
668,attention|parameters,0,0
669,attention|part,0,0
670,attention|patterns,0,0
671,attention|people,0,0
672,attention|predicted,0,0
673,attention|prediction,0,0
674,attention|predictor,0,0
675,attention|predicts,0,0
676,attention|probabilities,0,0
677,attention|probability,0,0
678,attention|produces,0,0
679,attention|prompt,0,0
680,attention|reason,0,0
681,attention|reduces,0,0
682,attention|relevant,0,0
683,attention|repeated,0,0
684,attention|represents,0,0
685,attention|scales,0,0
686,attention|shifts,0,0
687,attention|slows,0,0
688,attention|statistical,0,0
689,attention|stops,0,0
690,attention|sum,0,0
691,attention|sums,0,0
692,attention|text,0,0
693,attention|the,0,0
694,attention|to,0,0
695,attention|token,0,0
696,attention|tokens,0,0
697,attention|trained,0,0
698,attention|training,0,0
699,attention|truth,0,0
700,attention|understand,0,0
701,attention|understanding,0,0
702,attention|unit,0,0
703,attention|updated,0,0
704,attention|updates,0,0
705,attention|using,0,0
706,attention|vector,0,0
707,attention|weight,0,0
708,attention|weighted,0,0
709,attention|weighting,0,0
710,attention|what,0,0
711,attention|when,0,0
712,attention|word,0,0
713,attention|zero,0,0
714,be|a,-0.0369,-0.0369
715,be|adjusts,0,0
716,be|an,0,0
717,be|and,0,0
718,be|applies,0,0
719,be|attention,0,0
720,be|be,0,0
721,be|between,0,0
722,be|bias,0,0
723,be|by,0,0
724,be|can,0,0
725,be|change,0,0
726,be|chosen,0,0
727,be|collection,0,0
728,be|conditions,0,0
729,be|corpus,0,0
730,be|create,0,0
731,be|data,0,0
732,be|descent,0,0
733,be|determines,0,0
734,be|does,0,0
735,be|during,0,0
736,be|embedding,0,0
737,be|emphasizes,0,0
738,be|error,0,0
739,be|fact,0,0
740,be|fit,0,0
741,be|from,0,0
742,be|function,0,0
743,be|functions,0,0
744,be|gradient,0,0
745,be|gradients,0,0
746,be|has,0,0
747,be|helps,0,0
748,be|improvement,0,0
749,be|in,0,0
750,be|inference,0,0
751,be|input,0,0
752,be|inputs,0,0
753,be|instruct,0,0
754,be|intent,0,0
755,be|is,0,0
756,be|itself,0,0
757,be|know,0,0
758,be|language,0,0
759,be|large,0,0
760,be|learn,0,0
761,be|learned,0,0
762,be|likelihood,0,0
763,be|maps,0,0
764,be|mathematical,0,0
765,be|meaning,0,0
766,be|mechanism,0,0
767,be|method,0,0
768,be|minimization,0,0
769,be|model,0,0
770,be|network,0,0
771,be|neural,0,0
772,be|next,0,0
773,be|no,0,0
774,be|nonlinear,0,0
775,be|not,0,0
776,be|number,0,0
777,be|numeric,0,0
778,be|of,0,0
779,be|offset,0,0
780,be|on,0,0
781,be|one,0,0
782,be|optimization,0,0
783,be|output,0,0
784,be|outputs,0,0
785,be|over,0,0
786,be|parameter,0,0
787,be|parameters,0,0
788,be|part,-0.0369,-0.0369
789,be|patterns,0,0
790,be|people,0,0
791,be|predicted,0,0
792,be|prediction,0,0
793,be|predictor,0,0
794,be|predicts,0,0
795,be|probabilities,0,0
796,be|probability,0,0
797,be|produces,0,0
798,be|prompt,0,0
799,be|reason,0,0
800,be|reduces,0,0
801,be|relevant,0,0
802,be|repeated,0,0
803,be|represents,0,0
804,be|scales,0,0
805,be|shifts,0,0
806,be|slows,0,0
807,be|statistical,0,0
808,be|stops,0,0
809,be|sum,0,0
810,be|sums,0,0
811,be|text,0,0
812,be|the,0,0
813,be|to,0,0
814,be|token,0,0
815,be|tokens,0,0
816,be|trained,0,0
817,be|training,0,0
818,be|truth,0,0
819,be|understand,0,0
820,be|understanding,0,0
821,be|unit,0,0
822,be|updated,0,0
823,be|updates,0,0
824,be|using,0,0
825,be|vector,0,0
826,be|weight,0,0
827,be|weighted,0,0
828,be|weighting,0,0
829,be|what,0,0
830,be|when,0,0
831,be|word,0,0
832,be|zero,0,0
833,between|a,0,0
834,between|adjusts,0,0
835,between|an,0,0
836,between|and,0,0
837,between|applies,0,0
838,between|attention,0,0
839,between|be,0,0
840,between|between,0,0
841,between|bias,0,0
842,between|by,0,0
843,between|can,0,0
844,between|change,0,0
845,between|chosen,0,0
846,between|collection,0,0
847,between|conditions,0,0
848,between|corpus,0,0
849,between|create,0,0
850,between|data,0,0
851,between|descent,0,0
852,between|determines,0,0
853,between|does,0,0
854,between|during,0,0
855,between|embedding,0,0
856,between|emphasizes,0,0
857,between|error,0,0
858,between|fact,0,0
859,between|fit,0,0
860,between|from,0,0
861,between|function,0,0
862,between|functions,0,0
863,between|gradient,0,0
864,between|gradients,0,0
865,between|has,0,0
866,between|helps,0,0
867,between|improvement,0,0
868,between|in,0,0
869,between|inference,0,0
870,between|input,0,0
871,between|inputs,0,0
872,between|instruct,0,0
873,between|intent,0,0
874,between|is,0,0
875,between|itself,0,0
876,between|know,0,0
877,between|language,0,0
878,between|large,0,0
879,between|learn,0,0
880,between|learned,0,0
881,between|likelihood,0,0
882,between|maps,0,0
883,between|mathematical,0,0
884,between|meaning,0,0
885,between|mechanism,0,0
886,between|method,0,0
887,between|minimization,0,0
888,between|model,0,0
889,between|network,0,0
890,between|neural,0,0
891,between|next,0,0
892,between|no,0,0
893,between|nonlinear,0,0
894,between|not,0,0
895,between|number,0,0
896,between|numeric,0,0
897,between|of,0,0
898,between|offset,0,0
899,between|on,0,0
900,between|one,0,0
901,between|optimization,0,0
902,between|output,0,0
903,between|outputs,0,0
904,between|over,0,0
905,between|parameter,0,0
906,between|parameters,0,0
907,between|part,0,0
908,between|patterns,0,0
909,between|people,0,0
910,between|predicted,0,0
911,between|prediction,0,0
912,between|predictor,0,0
913,between|predicts,0,0
914,between|probabilities,0,0
915,between|probability,0,0
916,between|produces,0,0
917,between|prompt,0,0
918,between|reason,0,0
919,between|reduces,0,0
920,between|relevant,0,0
921,between|repeated,0,0
922,between|represents,0,0
923,between|scales,0,0
924,between|shifts,0,0
925,between|slows,0,0
926,between|statistical,0,0
927,between|stops,0,0
928,between|sum,0,0
929,between|sums,0,0
930,between|text,0,0
931,between|the,0,0
932,between|to,0,0
933,between|token,0,0
934,between|tokens,0,0
935,between|trained,0,0
936,between|training,0,0
937,between|truth,0,0
938,between|understand,0,0
939,between|understanding,0,0
940,between|unit,0,0
941,between|updated,0,0
942,between|updates,0,0
943,between|using,0,0
944,between|vector,0,0
945,between|weight,0,0
946,between|weighted,0,0
947,between|weighting,0,0
948,between|what,0,0
949,between|when,0,0
950,between|word,0,0
951,between|zero,-0.0369,-0.0369
952,bias|a,0,0
953,bias|adjusts,0,0
954,bias|an,0,0
955,bias|and,0,0
956,bias|applies,0,0
957,bias|attention,0,0
958,bias|be,0,0
959,bias|between,0,0
960,bias|bias,0,0
961,bias|by,0,0
962,bias|can,0,0
963,bias|change,0,0
964,bias|chosen,0,0
965,bias|collection,0,0
966,bias|conditions,0,0
967,bias|corpus,0,0
968,bias|create,0,0
969,bias|data,0,0
970,bias|descent,0,0
971,bias|determines,0,0
972,bias|does,0,0
973,bias|during,0,0
974,bias|embedding,0,0
975,bias|emphasizes,0,0
976,bias|error,0,0
977,bias|fact,0,0
978,bias|fit,0,0
979,bias|from,0,0
980,bias|function,0,0
981,bias|functions,0,0
982,bias|gradient,0,0
983,bias|gradients,0,0
984,bias|has,0,0
985,bias|helps,-0.0369,-0.0369
986,bias|improvement,0,0
987,bias|in,0,0
988,bias|inference,0,0
989,bias|input,0,0
990,bias|inputs,0,0
991,bias|instruct,0,0
992,bias|intent,0,0
993,bias|is,4.3550,-0.0369
994,bias|itself,0,0
995,bias|know,0,0
996,bias|language,0,0
997,bias|large,0,0
998,bias|learn,0,0
999,bias|learned,0,0
1000,bias|likelihood,0,0
1001,bias|maps,0,0
1002,bias|mathematical,0,0
1003,bias|meaning,0,0
1004,bias|mechanism,0,0
1005,bias|method,0,0
1006,bias|minimization,0,0
1007,bias|model,0,0
1008,bias|network,0,0
1009,bias|neural,0,0
1010,bias|next,0,0
1011,bias|no,0,0
1012,bias|nonlinear,0,0
1013,bias|not,0,0
1014,bias|number,0,0
1015,bias|numeric,0,0
1016,bias|of,0,0
1017,bias|offset,0,0
1018,bias|on,0,0
1019,bias|one,0,0
1020,bias|optimization,0,0
1021,bias|output,0,0
1022,bias|outputs,0,0
1023,bias|over,0,0
1024,bias|parameter,0,0
1025,bias|parameters,0,0
1026,bias|part,0,0
1027,bias|patterns,0,0
1028,bias|people,0,0
1029,bias|predicted,0,0
1030,bias|prediction,0,0
1031,bias|predictor,0,0
1032,bias|predicts,0,0
1033,bias|probabilities,0,0
1034,bias|probability,0,0
1035,bias|produces,0,0
1036,bias|prompt,0,0
1037,bias|reason,0,0
1038,bias|reduces,0,0
1039,bias|relevant,0,0
1040,bias|repeated,0,0
1041,bias|represents,0,0
1042,bias|scales,0,0
1043,bias|shifts,4.3550,-0.0369
1044,bias|slows,0,0
1045,bias|statistical,0,0
1046,bias|stops,0,0
1047,bias|sum,0,0
1048,bias|sums,0,0
1049,bias|text,0,0
1050,bias|the,0,0
1051,bias|to,0,0
1052,bias|token,0,0
1053,bias|tokens,0,0
1054,bias|trained,0,0
1055,bias|training,0,0
1056,bias|truth,0,0
1057,bias|understand,0,0
1058,bias|understanding,0,0
1059,bias|unit,0,0
1060,bias|updated,0,0
1061,bias|updates,0,0
1062,bias|using,0,0
1063,bias|vector,0,0
1064,bias|weight,0,0
1065,bias|weighted,0,0
1066,bias|weighting,0,0
1067,bias|what,0,0
1068,bias|when,0,0
1069,bias|word,0,0
1070,bias|zero,0,0
1071,by|a,0,0
1072,by|adjusts,0,0
1073,by|an,0,0
1074,by|and,0,0
1075,by|applies,0,0
1076,by|attention,0,0
1077,by|be,0,0
1078,by|between,0,0
1079,by|bias,0,0
1080,by|by,0,0
1081,by|can,0,0
1082,by|change,0,0
1083,by|chosen,0,0
1084,by|collection,0,0
1085,by|conditions,0,0
1086,by|corpus,0,0
1087,by|create,0,0
1088,by|data,0,0
1089,by|descent,0,0
1090,by|determines,0,0
1091,by|does,0,0
1092,by|during,0,0
1093,by|embedding,0,0
1094,by|emphasizes,0,0
1095,by|error,0,0
1096,by|fact,0,0
1097,by|fit,0,0
1098,by|from,0,0
1099,by|function,0,0
1100,by|functions,0,0
1101,by|gradient,0,0
1102,by|gradients,0,0
1103,by|has,0,0
1104,by|helps,0,0
1105,by|improvement,0,0
1106,by|in,0,0
1107,by|inference,0,0
1108,by|input,0,0
1109,by|inputs,0,0
1110,by|instruct,0,0
1111,by|intent,0,0
1112,by|is,0,0
1113,by|itself,4.3550,-0.0369
1114,by|know,0,0
1115,by|language,0,0
1116,by|large,0,0
1117,by|learn,0,0
1118,by|learned,0,0
1119,by|likelihood,0,0
1120,by|maps,0,0
1121,by|mathematical,0,0
1122,by|meaning,0,0
1123,by|mechanism,0,0
1124,by|method,0,0
1125,by|minimization,0,0
1126,by|model,0,0
1127,by|network,0,0
1128,by|neural,0,0
1129,by|next,0,0
1130,by|no,0,0
1131,by|nonlinear,0,0
1132,by|not,0,0
1133,by|number,0,0
1134,by|numeric,0,0
1135,by|of,0,0
1136,by|offset,0,0
1137,by|on,0,0
1138,by|one,0,0
1139,by|optimization,0,0
1140,by|output,0,0
1141,by|outputs,0,0
1142,by|over,0,0
1143,by|parameter,0,0
1144,by|parameters,0,0
1145,by|part,0,0
1146,by|patterns,0,0
1147,by|people,4.3550,-0.0369
1148,by|predicted,0,0
1149,by|prediction,0,0
1150,by|predictor,0,0
1151,by|predicts,0,0
1152,by|probabilities,0,0
1153,by|probability,0,0
1154,by|produces,0,0
1155,by|prompt,0,0
1156,by|reason,0,0
1157,by|reduces,0,0
1158,by|relevant,0,0
1159,by|repeated,0,0
1160,by|represents,0,0
1161,by|scales,0,0
1162,by|shifts,0,0
1163,by|slows,0,0
1164,by|statistical,0,0
1165,by|stops,0,0
1166,by|sum,0,0
1167,by|sums,0,0
1168,by|text,0,0
1169,by|the,0,0
1170,by|to,0,0
1171,by|token,0,0
1172,by|tokens,0,0
1173,by|trained,0,0
1174,by|training,0,0
1175,by|truth,0,0
1176,by|understand,0,0
1177,by|understanding,0,0
1178,by|unit,0,0
1179,by|updated,0,0
1180,by|updates,0,0
1181,by|using,0,0
1182,by|vector,0,0
1183,by|weight,0,0
1184,by|weighted,0,0
1185,by|weighting,0,0
1186,by|what,0,0
1187,by|when,0,0
1188,by|word,0,0
1189,by|zero,0,0
1190,can|a,0,0
1191,can|adjusts,0,0
1192,can|an,0,0
1193,can|and,0,0
1194,can|applies,0,0
1195,can|attention,0,0
1196,can|be,4.0094,-0.0688
1197,can|between,0,0
1198,can|bias,0,0
1199,can|by,0,0
1200,can|can,0,0
1201,can|change,0,0
1202,can|chosen,0,0
1203,can|collection,0,0
1204,can|conditions,0,0
1205,can|corpus,0,0
1206,can|create,0,0
1207,can|data,0,0
1208,can|descent,0,0
1209,can|determines,0,0
1210,can|does,0,0
1211,can|during,0,0
1212,can|embedding,0,0
1213,can|emphasizes,0,0
1214,can|error,0,0
1215,can|fact,0,0
1216,can|fit,0,0
1217,can|from,0,0
1218,can|function,0,0
1219,can|functions,0,0
1220,can|gradient,0,0
1221,can|gradients,0,0
1222,can|has,0,0
1223,can|helps,0,0
1224,can|improvement,0,0
1225,can|in,0,0
1226,can|inference,0,0
1227,can|input,0,0
1228,can|inputs,0,0
1229,can|instruct,0,0
1230,can|intent,0,0
1231,can|is,0,0
1232,can|itself,0,0
1233,can|know,0,0
1234,can|language,0,0
1235,can|large,0,0
1236,can|learn,-0.0369,-0.0369
1237,can|learned,0,0
1238,can|likelihood,0,0
1239,can|maps,0,0
1240,can|mathematical,0,0
1241,can|meaning,0,0
1242,can|mechanism,0,0
1243,can|method,0,0
1244,can|minimization,0,0
1245,can|model,0,0
1246,can|network,0,0
1247,can|neural,0,0
1248,can|next,0,0
1249,can|no,0,0
1250,can|nonlinear,0,0
1251,can|not,0,0
1252,can|number,0,0
1253,can|numeric,0,0
1254,can|of,0,0
1255,can|offset,0,0
1256,can|on,0,0
1257,can|one,0,0
1258,can|optimization,0,0
1259,can|output,0,0
1260,can|outputs,0,0
1261,can|over,0,0
1262,can|parameter,0,0
1263,can|parameters,0,0
1264,can|part,0,0
1265,can|patterns,0,0
1266,can|people,0,0
1267,can|predicted,0,0
1268,can|prediction,0,0
1269,can|predictor,0,0
1270,can|predicts,0,0
1271,can|probabilities,0,0
1272,can|probability,0,0
1273,can|produces,0,0
1274,can|prompt,0,0
1275,can|reason,0,0
1276,can|reduces,0,0
1277,can|relevant,0,0
1278,can|repeated,0,0
1279,can|represents,0,0
1280,can|scales,0,0
1281,can|shifts,0,0
1282,can|slows,0,0
1283,can|statistical,0,0
1284,can|stops,0,0
1285,can|sum,0,0
1286,can|sums,0,0
1287,can|text,0,0
1288,can|the,0,0
1289,can|to,0,0
1290,can|token,0,0
1291,can|tokens,0,0
1292,can|trained,0,0
1293,can|training,0,0
1294,can|truth,0,0
1295,can|understand,0,0
1296,can|understanding,0,0
1297,can|unit,0,0
1298,can|updated,0,0
1299,can|updates,0,0
1300,can|using,0,0
1301,can|vector,0,0
1302,can|weight,0,0
1303,can|weighted,0,0
1304,can|weighting,0,0
1305,can|what,0,0
1306,can|when,0,0
1307,can|word,0,0
1308,can|zero,0,0
1309,change|a,0,0
1310,change|adjusts,0,0
1311,change|an,0,0
1312,change|and,0,0
1313,change|applies,0,0
1314,change|attention,0,0
1315,change|be,0,0
1316,change|between,0,0
1317,change|bias,0,0
1318,change|by,0,0
1319,change|can,0,0
1320,change|change,0,0
1321,change|chosen,0,0
1322,change|collection,0,0
1323,change|conditions,0,0
1324,change|corpus,0,0
1325,change|create,0,0
1326,change|data,0,0
1327,change|descent,0,0
1328,change|determines,0,0
1329,change|does,0,0
1330,change|during,0,0
1331,change|embedding,0,0
1332,change|emphasizes,0,0
1333,change|error,0,0
1334,change|fact,0,0
1335,change|fit,0,0
1336,change|from,0,0
1337,change|function,0,0
1338,change|functions,0,0
1339,change|gradient,0,0
1340,change|gradients,0,0
1341,change|has,0,0
1342,change|helps,0,0
1343,change|improvement,0,0
1344,change|in,0,0
1345,change|inference,0,0
1346,change|input,0,0
1347,change|inputs,0,0
1348,change|instruct,0,0
1349,change|intent,0,0
1350,change|is,0,0
1351,change|itself,0,0
1352,change|know,0,0
1353,change|language,0,0
1354,change|large,0,0
1355,change|learn,0,0
1356,change|learned,0,0
1357,change|likelihood,0,0
1358,change|maps,0,0
1359,change|mathematical,0,0
1360,change|meaning,0,0
1361,change|mechanism,0,0
1362,change|method,0,0
1363,change|minimization,0,0
1364,change|model,0,0
1365,change|network,0,0
1366,change|neural,0,0
1367,change|next,0,0
1368,change|no,0,0
1369,change|nonlinear,0,0
1370,change|not,0,0
1371,change|number,0,0
1372,change|numeric,0,0
1373,change|of,0,0
1374,change|offset,0,0
1375,change|on,0,0
1376,change|one,0,0
1377,change|optimization,0,0
1378,change|output,0,0
1379,change|outputs,0,0
1380,change|over,0,0
1381,change|parameter,0,0
1382,change|parameters,-0.0369,-0.0369
1383,change|part,0,0
1384,change|patterns,0,0
1385,change|people,0,0
1386,change|predicted,0,0
1387,change|prediction,0,0
1388,change|predictor,0,0
1389,change|predicts,0,0
1390,change|probabilities,0,0
1391,change|probability,0,0
1392,change|produces,0,0
1393,change|prompt,0,0
1394,change|reason,0,0
1395,change|reduces,0,0
1396,change|relevant,0,0
1397,change|repeated,0,0
1398,change|represents,0,0
1399,change|scales,0,0
1400,change|shifts,0,0
1401,change|slows,0,0
1402,change|statistical,0,0
1403,change|stops,0,0
1404,change|sum,0,0
1405,change|sums,0,0
1406,change|text,0,0
1407,change|the,0,0
1408,change|to,0,0
1409,change|token,0,0
1410,change|tokens,0,0
1411,change|trained,0,0
1412,change|training,0,0
1413,change|truth,0,0
1414,change|understand,0,0
1415,change|understanding,0,0
1416,change|unit,0,0
1417,change|updated,0,0
1418,change|updates,0,0
1419,change|using,0,0
1420,change|vector,0,0
1421,change|weight,0,0
1422,change|weighted,0,0
1423,change|weighting,0,0
1424,change|what,0,0
1425,change|when,0,0
1426,change|word,0,0
1427,change|zero,0,0
1428,chosen|a,0,0
1429,chosen|adjusts,0,0
1430,chosen|an,0,0
1431,chosen|and,0,0
1432,chosen|applies,0,0
1433,chosen|attention,0,0
1434,chosen|be,0,0
1435,chosen|between,0,0
1436,chosen|bias,0,0
1437,chosen|by,-0.0369,-0.0369
1438,chosen|can,0,0
1439,chosen|change,0,0
1440,chosen|chosen,0,0
1441,chosen|collection,0,0
1442,chosen|conditions,0,0
1443,chosen|corpus,0,0
1444,chosen|create,0,0
1445,chosen|data,0,0
1446,chosen|descent,0,0
1447,chosen|determines,0,0
1448,chosen|does,0,0
1449,chosen|during,0,0
1450,chosen|embedding,0,0
1451,chosen|emphasizes,0,0
1452,chosen|error,0,0
1453,chosen|fact,0,0
1454,chosen|fit,0,0
1455,chosen|from,-0.0369,-0.0369
1456,chosen|function,0,0
1457,chosen|functions,0,0
1458,chosen|gradient,0,0
1459,chosen|gradients,0,0
1460,chosen|has,0,0
1461,chosen|helps,0,0
1462,chosen|improvement,0,0
1463,chosen|in,0,0
1464,chosen|inference,0,0
1465,chosen|input,0,0
1466,chosen|inputs,0,0
1467,chosen|instruct,0,0
1468,chosen|intent,0,0
1469,chosen|is,0,0
1470,chosen|itself,0,0
1471,chosen|know,0,0
1472,chosen|language,0,0
1473,chosen|large,0,0
1474,chosen|learn,0,0
1475,chosen|learned,0,0
1476,chosen|likelihood,0,0
1477,chosen|maps,0,0
1478,chosen|mathematical,0,0
1479,chosen|meaning,0,0
1480,chosen|mechanism,0,0
1481,chosen|method,0,0
1482,chosen|minimization,0,0
1483,chosen|model,0,0
1484,chosen|network,0,0
1485,chosen|neural,0,0
1486,chosen|next,0,0
1487,chosen|no,0,0
1488,chosen|nonlinear,0,0
1489,chosen|not,0,0
1490,chosen|number,0,0
1491,chosen|numeric,0,0
1492,chosen|of,0,0
1493,chosen|offset,0,0
1494,chosen|on,0,0
1495,chosen|one,0,0
1496,chosen|optimization,0,0
1497,chosen|output,0,0
1498,chosen|outputs,0,0
1499,chosen|over,0,0
1500,chosen|parameter,0,0
1501,chosen|parameters,0,0
1502,chosen|part,0,0
1503,chosen|patterns,0,0
1504,chosen|people,0,0
1505,chosen|predicted,0,0
1506,chosen|prediction,0,0
1507,chosen|predictor,0,0
1508,chosen|predicts,0,0
1509,chosen|probabilities,0,0
1510,chosen|probability,0,0
1511,chosen|produces,0,0
1512,chosen|prompt,0,0
1513,chosen|reason,0,0
1514,chosen|reduces,0,0
1515,chosen|relevant,0,0
1516,chosen|repeated,0,0
1517,chosen|represents,0,0
1518,chosen|scales,0,0
1519,chosen|shifts,0,0
1520,chosen|slows,0,0
1521,chosen|statistical,0,0
1522,chosen|stops,0,0
1523,chosen|sum,0,0
1524,chosen|sums,0,0
1525,chosen|text,0,0
1526,chosen|the,0,0
1527,chosen|to,0,0
1528,chosen|token,0,0
1529,chosen|tokens,0,0
1530,chosen|trained,0,0
1531,chosen|training,0,0
1532,chosen|truth,0,0
1533,chosen|understand,0,0
1534,chosen|understanding,0,0
1535,chosen|unit,0,0
1536,chosen|updated,0,0
1537,chosen|updates,0,0
1538,chosen|using,0,0
1539,chosen|vector,0,0
1540,chosen|weight,0,0
1541,chosen|weighted,0,0
1542,chosen|weighting,0,0
1543,chosen|what,0,0
1544,chosen|when,0,0
1545,chosen|word,0,0
1546,chosen|zero,0,0
1547,collection|a,0,0
1548,collection|adjusts,0,0
1549,collection|an,0,0
1550,collection|and,0,0
1551,collection|applies,0,0
1552,collection|attention,0,0
1553,collection|be,0,0
1554,collection|between,0,0
1555,collection|bias,0,0
1556,collection|by,0,0
1557,collection|can,0,0
1558,collection|change,0,0
1559,collection|chosen,0,0
1560,collection|collection,0,0
1561,collection|conditions,0,0
1562,collection|corpus,0,0
1563,collection|create,0,0
1564,collection|data,0,0
1565,collection|descent,0,0
1566,collection|determines,0,0
1567,collection|does,0,0
1568,collection|during,0,0
1569,collection|embedding,0,0
1570,collection|emphasizes,0,0
1571,collection|error,0,0
1572,collection|fact,0,0
1573,collection|fit,0,0
1574,collection|from,0,0
1575,collection|function,0,0
1576,collection|functions,0,0
1577,collection|gradient,0,0
1578,collection|gradients,0,0
1579,collection|has,0,0
1580,collection|helps,0,0
1581,collection|improvement,0,0
1582,collection|in,0,0
1583,collection|inference,0,0
1584,collection|input,0,0
1585,collection|inputs,0,0
1586,collection|instruct,0,0
1587,collection|intent,0,0
1588,collection|is,0,0
1589,collection|itself,0,0
1590,collection|know,0,0
1591,collection|language,0,0
1592,collection|large,0,0
1593,collection|learn,0,0
1594,collection|learned,0,0
1595,collection|likelihood,0,0
1596,collection|maps,0,0
1597,collection|mathematical,0,0
1598,collection|meaning,0,0
1599,collection|mechanism,0,0
1600,collection|method,0,0
1601,collection|minimization,0,0
1602,collection|model,0,0
1603,collection|network,0,0
1604,collection|neural,0,0
1605,collection|next,0,0
1606,collection|no,0,0
1607,collection|nonlinear,0,0
1608,collection|not,0,0
1609,collection|number,0,0
1610,collection|numeric,0,0
1611,collection|of,-0.0688,-0.0688
1612,collection|offset,0,0
1613,collection|on,0,0
1614,collection|one,0,0
1615,collection|optimization,0,0
1616,collection|output,0,0
1617,collection|outputs,0,0
1618,collection|over,0,0
1619,collection|parameter,0,0
1620,collection|parameters,0,0
1621,collection|part,0,0
1622,collection|patterns,0,0
1623,collection|people,0,0
1624,collection|predicted,0,0
1625,collection|prediction,0,0
1626,collection|predictor,0,0
1627,collection|predicts,0,0
1628,collection|probabilities,0,0
1629,collection|probability,0,0
1630,collection|produces,0,0
1631,collection|prompt,0,0
1632,collection|reason,0,0
1633,collection|reduces,0,0
1634,collection|relevant,0,0
1635,collection|repeated,0,0
1636,collection|represents,0,0
1637,collection|scales,0,0
1638,collection|shifts,0,0
1639,collection|slows,0,0
1640,collection|statistical,0,0
1641,collection|stops,0,0
1642,collection|sum,0,0
1643,collection|sums,0,0
1644,collection|text,0,0
1645,collection|the,0,0
1646,collection|to,0,0
1647,collection|token,0,0
1648,collection|tokens,0,0
1649,collection|trained,0,0
1650,collection|training,0,0
1651,collection|truth,0,0
1652,collection|understand,0,0
1653,collection|understanding,0,0
1654,collection|unit,0,0
1655,collection|updated,0,0
1656,collection|updates,0,0
1657,collection|using,0,0
1658,collection|vector,0,0
1659,collection|weight,0,0
1660,collection|weighted,0,0
1661,collection|weighting,0,0
1662,collection|what,0,0
1663,collection|when,0,0
1664,collection|word,0,0
1665,collection|zero,0,0
1666,conditions|a,0,0
1667,conditions|adjusts,0,0
1668,conditions|an,0,0
1669,conditions|and,0,0
1670,conditions|applies,0,0
1671,conditions|attention,0,0
1672,conditions|be,0,0
1673,conditions|between,0,0
1674,conditions|bias,0,0
1675,conditions|by,0,0
1676,conditions|can,0,0
1677,conditions|change,0,0
1678,conditions|chosen,0,0
1679,conditions|collection,0,0
1680,conditions|conditions,0,0
1681,conditions|corpus,0,0
1682,conditions|create,0,0
1683,conditions|data,0,0
1684,conditions|descent,0,0
1685,conditions|determines,0,0
1686,conditions|does,0,0
1687,conditions|during,0,0
1688,conditions|embedding,0,0
1689,conditions|emphasizes,0,0
1690,conditions|error,0,0
1691,conditions|fact,0,0
1692,conditions|fit,0,0
1693,conditions|from,0,0
1694,conditions|function,0,0
1695,conditions|functions,0,0
1696,conditions|gradient,0,0
1697,conditions|gradients,0,0
1698,conditions|has,0,0
1699,conditions|helps,0,0
1700,conditions|improvement,0,0
1701,conditions|in,0,0
1702,conditions|inference,0,0
1703,conditions|input,0,0
1704,conditions|inputs,0,0
1705,conditions|instruct,0,0
1706,conditions|intent,0,0
1707,conditions|is,0,0
1708,conditions|itself,0,0
1709,conditions|know,0,0
1710,conditions|language,0,0
1711,conditions|large,0,0
1712,conditions|learn,0,0
1713,conditions|learned,0,0
1714,conditions|likelihood,0,0
1715,conditions|maps,0,0
1716,conditions|mathematical,0,0
1717,conditions|meaning,0,0
1718,conditions|mechanism,0,0
1719,conditions|method,0,0
1720,conditions|minimization,0,0
1721,conditions|model,0,0
1722,conditions|network,0,0
1723,conditions|neural,0,0
1724,conditions|next,0,0
1725,conditions|no,0,0
1726,conditions|nonlinear,0,0
1727,conditions|not,0,0
1728,conditions|number,0,0
1729,conditions|numeric,0,0
1730,conditions|of,0,0
1731,conditions|offset,0,0
1732,conditions|on,0,0
1733,conditions|one,0,0
1734,conditions|optimization,0,0
1735,conditions|output,0,0
1736,conditions|outputs,0,0
1737,conditions|over,0,0
1738,conditions|parameter,0,0
1739,conditions|parameters,0,0
1740,conditions|part,0,0
1741,conditions|patterns,0,0
1742,conditions|people,0,0
1743,conditions|predicted,0,0
1744,conditions|prediction,4.3550,-0.0369
1745,conditions|predictor,0,0
1746,conditions|predicts,0,0
1747,conditions|probabilities,0,0
1748,conditions|probability,0,0
1749,conditions|produces,0,0
1750,conditions|prompt,0,0
1751,conditions|reason,0,0
1752,conditions|reduces,0,0
1753,conditions|relevant,0,0
1754,conditions|repeated,0,0
1755,conditions|represents,0,0
1756,conditions|scales,0,0
1757,conditions|shifts,0,0
1758,conditions|slows,0,0
1759,conditions|statistical,0,0
1760,conditions|stops,0,0
1761,conditions|sum,0,0
1762,conditions|sums,0,0
1763,conditions|text,0,0
1764,conditions|the,0,0
1765,conditions|to,0,0
1766,conditions|token,0,0
1767,conditions|tokens,0,0
1768,conditions|trained,0,0
1769,conditions|training,0,0
1770,conditions|truth,0,0
1771,conditions|understand,0,0
1772,conditions|understanding,0,0
1773,conditions|unit,0,0
1774,conditions|updated,0,0
1775,conditions|updates,0,0
1776,conditions|using,0,0
1777,conditions|vector,0,0
1778,conditions|weight,0,0
1779,conditions|weighted,0,0
1780,conditions|weighting,0,0
1781,conditions|what,0,0
1782,conditions|when,0,0
1783,conditions|word,0,0
1784,conditions|zero,0,0
1785,corpus|a,0,0
1786,corpus|adjusts,0,0
1787,corpus|an,0,0
1788,corpus|and,0,0
1789,corpus|applies,0,0
1790,corpus|attention,0,0
1791,corpus|be,0,0
1792,corpus|between,0,0
1793,corpus|bias,0,0
1794,corpus|by,0,0
1795,corpus|can,0,0
1796,corpus|change,0,0
1797,corpus|chosen,0,0
1798,corpus|collection,0,0
1799,corpus|conditions,0,0
1800,corpus|corpus,0,0
1801,corpus|create,0,0
1802,corpus|data,0,0
1803,corpus|descent,0,0
1804,corpus|determines,-0.0369,-0.0369
1805,corpus|does,0,0
1806,corpus|during,0,0
1807,corpus|embedding,0,0
1808,corpus|emphasizes,0,0
1809,corpus|error,0,0
1810,corpus|fact,0,0
1811,corpus|fit,0,0
1812,corpus|from,0,0
1813,corpus|function,0,0
1814,corpus|functions,0,0
1815,corpus|gradient,0,0
1816,corpus|gradients,0,0
1817,corpus|has,0,0
1818,corpus|helps,0,0
1819,corpus|improvement,0,0
1820,corpus|in,0,0
1821,corpus|inference,0,0
1822,corpus|input,0,0
1823,corpus|inputs,0,0
1824,corpus|instruct,0,0
1825,corpus|intent,0,0
1826,corpus|is,4.0094,-0.0688
1827,corpus|itself,0,0
1828,corpus|know,0,0
1829,corpus|language,0,0
1830,corpus|large,0,0
1831,corpus|learn,0,0
1832,corpus|learned,0,0
1833,corpus|likelihood,0,0
1834,corpus|maps,0,0
1835,corpus|mathematical,0,0
1836,corpus|meaning,0,0
1837,corpus|mechanism,0,0
1838,corpus|method,0,0
1839,corpus|minimization,0,0
1840,corpus|model,0,0
1841,corpus|network,0,0
1842,corpus|neural,0,0
1843,corpus|next,0,0
1844,corpus|no,0,0
1845,corpus|nonlinear,0,0
1846,corpus|not,0,0
1847,corpus|number,0,0
1848,corpus|numeric,0,0
1849,corpus|of,0,0
1850,corpus|offset,0,0
1851,corpus|on,0,0
1852,corpus|one,0,0
1853,corpus|optimization,0,0
1854,corpus|output,0,0
1855,corpus|outputs,0,0
1856,corpus|over,0,0
1857,corpus|parameter,0,0
1858,corpus|parameters,0,0
1859,corpus|part,0,0
1860,corpus|patterns,0,0
1861,corpus|people,0,0
1862,corpus|predicted,0,0
1863,corpus|prediction,0,0
1864,corpus|predictor,0,0
1865,corpus|predicts,0,0
1866,corpus|probabilities,0,0
1867,corpus|probability,0,0
1868,corpus|produces,0,0
1869,corpus|prompt,0,0
1870,corpus|reason,0,0
1871,corpus|reduces,0,0
1872,corpus|relevant,0,0
1873,corpus|repeated,0,0
1874,corpus|represents,0,0
1875,corpus|scales,0,0
1876,corpus|shifts,0,0
1877,corpus|slows,0,0
1878,corpus|statistical,0,0
1879,corpus|stops,0,0
1880,corpus|sum,0,0
1881,corpus|sums,0,0
1882,corpus|text,0,0
1883,corpus|the,0,0
1884,corpus|to,0,0
1885,corpus|token,0,0
1886,corpus|tokens,0,0
1887,corpus|trained,0,0
1888,corpus|training,0,0
1889,corpus|truth,0,0
1890,corpus|understand,0,0
1891,corpus|understanding,0,0
1892,corpus|unit,0,0
1893,corpus|updated,0,0
1894,corpus|updates,0,0
1895,corpus|using,0,0
1896,corpus|vector,0,0
1897,corpus|weight,0,0
1898,corpus|weighted,0,0
1899,corpus|weighting,0,0
1900,corpus|what,0,0
1901,corpus|when,0,0
1902,corpus|word,0,0
1903,corpus|zero,0,0
1904,create|a,0,0
1905,create|adjusts,0,0
1906,create|an,0,0
1907,create|and,0,0
1908,create|applies,0,0
1909,create|attention,0,0
1910,create|be,0,0
1911,create|between,0,0
1912,create|bias,0,0
1913,create|by,0,0
1914,create|can,0,0
1915,create|change,0,0
1916,create|chosen,0,0
1917,create|collection,0,0
1918,create|conditions,0,0
1919,create|corpus,0,0
1920,create|create,0,0
1921,create|data,0,0
1922,create|descent,0,0
1923,create|determines,0,0
1924,create|does,0,0
1925,create|during,0,0
1926,create|embedding,0,0
1927,create|emphasizes,0,0
1928,create|error,0,0
1929,create|fact,0,0
1930,create|fit,0,0
1931,create|from,0,0
1932,create|function,0,0
1933,create|functions,0,0
1934,create|gradient,0,0
1935,create|gradients,0,0
1936,create|has,0,0
1937,create|helps,0,0
1938,create|improvement,0,0
1939,create|in,0,0
1940,create|inference,0,0
1941,create|input,0,0
1942,create|inputs,0,0
1943,create|instruct,0,0
1944,create|intent,0,0
1945,create|is,0,0
1946,create|itself,0,0
1947,create|know,0,0
1948,create|language,0,0
1949,create|large,0,0
1950,create|learn,0,0
1951,create|learned,0,0
1952,create|likelihood,0,0
1953,create|maps,0,0
1954,create|mathematical,0,0
1955,create|meaning,0,0
1956,create|mechanism,0,0
1957,create|method,0,0
1958,create|minimization,0,0
1959,create|model,0,0
1960,create|network,0,0
1961,create|neural,0,0
1962,create|next,0,0
1963,create|no,0,0
1964,create|nonlinear,0,0
1965,create|not,0,0
1966,create|number,0,0
1967,create|numeric,0,0
1968,create|of,0,0
1969,create|offset,0,0
1970,create|on,0,0
1971,create|one,0,0
1972,create|optimization,0,0
1973,create|output,0,0
1974,create|outputs,0,0
1975,create|over,0,0
1976,create|parameter,0,0
1977,create|parameters,0,0
1978,create|part,0,0
1979,create|patterns,0,0
1980,create|people,0,0
1981,create|predicted,0,0
1982,create|prediction,0,0
1983,create|predictor,0,0
1984,create|predicts,0,0
1985,create|probabilities,0,0
1986,create|probability,0,0
1987,create|produces,0,0
1988,create|prompt,0,0
1989,create|reason,0,0
1990,create|reduces,0,0
1991,create|relevant,0,0
1992,create|repeated,0,0
1993,create|represents,0,0
1994,create|scales,0,0
1995,create|shifts,0,0
1996,create|slows,0,0
1997,create|statistical,0,0
1998,create|stops,0,0
1999,create|sum,0,0
2000,create|sums,0,0
2001,create|text,0,0
2002,create|the,0,0
2003,create|to,0,0
2004,create|token,0,0
2005,create|tokens,0,0
2006,create|trained,0,0
2007,create|training,0,0
2008,create|truth,0,0
2009,create|understand,0,0
2010,create|understanding,-0.0369,-0.0369
2011,create|unit,0,0
2012,create|updated,0,0
2013,create|updates,0,0
2014,create|using,0,0
2015,create|vector,0,0
2016,create|weight,0,0
2017,create|weighted,0,0
2018,create|weighting,0,0
2019,create|what,0,0
2020,create|when,0,0
2021,create|word,0,0
2022,create|zero,0,0
2023,data|a,-0.0369,-0.0369
2024,data|adjusts,0,0
2025,data|an,0,0
2026,data|and,0,0
2027,data|applies,0,0
2028,data|attention,0,0
2029,data|be,0,0
2030,data|between,0,0
2031,data|bias,0,0
2032,data|by,0,0
2033,data|can,0,0
2034,data|change,0,0
2035,data|chosen,0,0
2036,data|collection,0,0
2037,data|conditions,0,0
2038,data|corpus,0,0
2039,data|create,0,0
2040,data|data,0,0
2041,data|descent,0,0
2042,data|determines,0,0
2043,data|does,0,0
2044,data|during,0,0
2045,data|embedding,0,0
2046,data|emphasizes,0,0
2047,data|error,0,0
2048,data|fact,0,0
2049,data|fit,0,0
2050,data|from,0,0
2051,data|function,0,0
2052,data|functions,0,0
2053,data|gradient,0,0
2054,data|gradients,0,0
2055,data|has,0,0
2056,data|helps,0,0
2057,data|improvement,0,0
2058,data|in,0,0
2059,data|inference,0,0
2060,data|input,0,0
2061,data|inputs,0,0
2062,data|instruct,0,0
2063,data|intent,0,0
2064,data|is,0,0
2065,data|itself,0,0
2066,data|know,0,0
2067,data|language,0,0
2068,data|large,0,0
2069,data|learn,0,0
2070,data|learned,0,0
2071,data|likelihood,0,0
2072,data|maps,0,0
2073,data|mathematical,0,0
2074,data|meaning,0,0
2075,data|mechanism,0,0
2076,data|method,0,0
2077,data|minimization,0,0
2078,data|model,0,0
2079,data|network,0,0
2080,data|neural,0,0
2081,data|next,0,0
2082,data|no,0,0
2083,data|nonlinear,0,0
2084,data|not,0,0
2085,data|number,0,0
2086,data|numeric,0,0
2087,data|of,0,0
2088,data|offset,0,0
2089,data|on,0,0
2090,data|one,0,0
2091,data|optimization,0,0
2092,data|output,0,0
2093,data|outputs,0,0
2094,data|over,0,0
2095,data|parameter,0,0
2096,data|parameters,0,0
2097,data|part,0,0
2098,data|patterns,0,0
2099,data|people,0,0
2100,data|predicted,0,0
2101,data|prediction,0,0
2102,data|predictor,0,0
2103,data|predicts,0,0
2104,data|probabilities,0,0
2105,data|probability,0,0
2106,data|produces,0,0
2107,data|prompt,0,0
2108,data|reason,0,0
2109,data|reduces,0,0
2110,data|relevant,0,0
2111,data|repeated,0,0
2112,data|represents,0,0
2113,data|scales,0,0
2114,data|shifts,0,0
2115,data|slows,0,0
2116,data|statistical,0,0
2117,data|stops,0,0
2118,data|sum,0,0
2119,data|sums,0,0
2120,data|text,0,0
2121,data|the,0,0
2122,data|to,0,0
2123,data|token,0,0
2124,data|tokens,0,0
2125,data|trained,0,0
2126,data|training,0,0
2127,data|truth,0,0
2128,data|understand,0,0
2129,data|understanding,0,0
2130,data|unit,0,0
2131,data|updated,0,0
2132,data|updates,0,0
2133,data|using,0,0
2134,data|vector,0,0
2135,data|weight,0,0
2136,data|weighted,0,0
2137,data|weighting,0,0
2138,data|what,0,0
2139,data|when,0,0
2140,data|word,0,0
2141,data|zero,0,0
2142,descent|a,0,0
2143,descent|adjusts,0,0
2144,descent|an,0,0
2145,descent|and,0,0
2146,descent|applies,0,0
2147,descent|attention,0,0
2148,descent|be,0,0
2149,descent|between,0,0
2150,descent|bias,0,0
2151,descent|by,0,0
2152,descent|can,0,0
2153,descent|change,0,0
2154,descent|chosen,0,0
2155,descent|collection,0,0
2156,descent|conditions,0,0
2157,descent|corpus,0,0
2158,descent|create,0,0
2159,descent|data,0,0
2160,descent|descent,0,0
2161,descent|determines,0,0
2162,descent|does,0,0
2163,descent|during,0,0
2164,descent|embedding,0,0
2165,descent|emphasizes,0,0
2166,descent|error,0,0
2167,descent|fact,0,0
2168,descent|fit,0,0
2169,descent|from,0,0
2170,descent|function,0,0
2171,descent|functions,0,0
2172,descent|gradient,0,0
2173,descent|gradients,0,0
2174,descent|has,0,0
2175,descent|helps,0,0
2176,descent|improvement,0,0
2177,descent|in,0,0
2178,descent|inference,0,0
2179,descent|input,0,0
2180,descent|inputs,0,0
2181,descent|instruct,0,0
2182,descent|intent,0,0
2183,descent|is,-0.0369,-0.0369
2184,descent|itself,0,0
2185,descent|know,0,0
2186,descent|language,0,0
2187,descent|large,0,0
2188,descent|learn,0,0
2189,descent|learned,0,0
2190,descent|likelihood,0,0
2191,descent|maps,0,0
2192,descent|mathematical,0,0
2193,descent|meaning,0,0
2194,descent|mechanism,0,0
2195,descent|method,0,0
2196,descent|minimization,0,0
2197,descent|model,0,0
2198,descent|network,0,0
2199,descent|neural,0,0
2200,descent|next,0,0
2201,descent|no,0,0
2202,descent|nonlinear,0,0
2203,descent|not,0,0
2204,descent|number,0,0
2205,descent|numeric,0,0
2206,descent|of,0,0
2207,descent|offset,0,0
2208,descent|on,0,0
2209,descent|one,0,0
2210,descent|optimization,0,0
2211,descent|output,0,0
2212,descent|outputs,0,0
2213,descent|over,0,0
2214,descent|parameter,0,0
2215,descent|parameters,0,0
2216,descent|part,0,0
2217,descent|patterns,0,0
2218,descent|people,0,0
2219,descent|predicted,0,0
2220,descent|prediction,0,0
2221,descent|predictor,0,0
2222,descent|predicts,0,0
2223,descent|probabilities,0,0
2224,descent|probability,0,0
2225,descent|produces,0,0
2226,descent|prompt,0,0
2227,descent|reason,0,0
2228,descent|reduces,-0.0369,-0.0369
2229,descent|relevant,0,0
2230,descent|repeated,0,0
2231,descent|represents,0,0
2232,descent|scales,0,0
2233,descent|shifts,0,0
2234,descent|slows,0,0
2235,descent|statistical,0,0
2236,descent|stops,0,0
2237,descent|sum,0,0
2238,descent|sums,0,0
2239,descent|text,0,0
2240,descent|the,0,0
2241,descent|to,0,0
2242,descent|token,0,0
2243,descent|tokens,0,0
2244,descent|trained,0,0
2245,descent|training,0,0
2246,descent|truth,0,0
2247,descent|understand,0,0
2248,descent|understanding,0,0
2249,descent|unit,0,0
2250,descent|updated,0,0
2251,descent|updates,-0.0369,-0.0369
2252,descent|using,0,0
2253,descent|vector,0,0
2254,descent|weight,0,0
2255,descent|weighted,0,0
2256,descent|weighting,0,0
2257,descent|what,0,0
2258,descent|when,0,0
2259,descent|word,0,0
2260,descent|zero,0,0
2261,determines|a,0,0
2262,determines|adjusts,0,0
2263,determines|an,0,0
2264,determines|and,0,0
2265,determines|applies,0,0
2266,determines|attention,0,0
2267,determines|be,0,0
2268,determines|between,0,0
2269,determines|bias,0,0
2270,determines|by,0,0
2271,determines|can,0,0
2272,determines|change,0,0
2273,determines|chosen,0,0
2274,determines|collection,0,0
2275,determines|conditions,0,0
2276,determines|corpus,0,0
2277,determines|create,0,0
2278,determines|data,0,0
2279,determines|descent,0,0
2280,determines|determines,0,0
2281,determines|does,0,0
2282,determines|during,0,0
2283,determines|embedding,0,0
2284,determines|emphasizes,0,0
2285,determines|error,0,0
2286,determines|fact,0,0
2287,determines|fit,0,0
2288,determines|from,0,0
2289,determines|function,0,0
2290,determines|functions,0,0
2291,determines|gradient,0,0
2292,determines|gradients,0,0
2293,determines|has,0,0
2294,determines|helps,0,0
2295,determines|improvement,0,0
2296,determines|in,0,0
2297,determines|inference,0,0
2298,determines|input,0,0
2299,determines|inputs,0,0
2300,determines|instruct,0,0
2301,determines|intent,0,0
2302,determines|is,0,0
2303,determines|itself,0,0
2304,determines|know,0,0
2305,determines|language,0,0
2306,determines|large,0,0
2307,determines|learn,0,0
2308,determines|learned,0,0
2309,determines|likelihood,0,0
2310,determines|maps,0,0
2311,determines|mathematical,0,0
2312,determines|meaning,0,0
2313,determines|mechanism,0,0
2314,determines|method,0,0
2315,determines|minimization,0,0
2316,determines|model,0,0
2317,determines|network,0,0
2318,determines|neural,0,0
2319,determines|next,0,0
2320,determines|no,0,0
2321,determines|nonlinear,0,0
2322,determines|not,0,0
2323,determines|number,0,0
2324,determines|numeric,0,0
2325,determines|of,0,0
2326,determines|offset,0,0
2327,determines|on,0,0
2328,determines|one,0,0
2329,determines|optimization,0,0
2330,determines|output,0,0
2331,determines|outputs,0,0
2332,determines|over,0,0
2333,determines|parameter,0,0
2334,determines|parameters,0,0
2335,determines|part,0,0
2336,determines|patterns,0,0
2337,determines|people,0,0
2338,determines|predicted,0,0
2339,determines|prediction,0,0
2340,determines|predictor,0,0
2341,determines|predicts,0,0
2342,determines|probabilities,0,0
2343,determines|probability,0,0
2344,determines|produces,0,0
2345,determines|prompt,0,0
2346,determines|reason,0,0
2347,determines|reduces,0,0
2348,determines|relevant,0,0
2349,determines|repeated,0,0
2350,determines|represents,0,0
2351,determines|scales,0,0
2352,determines|shifts,0,0
2353,determines|slows,0,0
2354,determines|statistical,0,0
2355,determines|stops,0,0
2356,determines|sum,0,0
2357,determines|sums,0,0
2358,determines|text,0,0
2359,determines|the,0,0
2360,determines|to,0,0
2361,determines|token,0,0
2362,determines|tokens,0,0
2363,determines|trained,0,0
2364,determines|training,0,0
2365,determines|truth,0,0
2366,determines|understand,0,0
2367,determines|understanding,0,0
2368,determines|unit,0,0
2369,determines|updated,0,0
2370,determines|updates,0,0
2371,determines|using,0,0
2372,determines|vector,0,0
2373,determines|weight,0,0
2374,determines|weighted,0,0
2375,determines|weighting,0,0
2376,determines|what,4.3550,-0.0369
2377,determines|when,0,0
2378,determines|word,0,0
2379,determines|zero,0,0
2380,does|a,0,0
2381,does|adjusts,0,0
2382,does|an,0,0
2383,does|and,0,0
2384,does|applies,0,0
2385,does|attention,0,0
2386,does|be,0,0
2387,does|between,0,0
2388,does|bias,0,0
2389,does|by,0,0
2390,does|can,0,0
2391,does|change,0,0
2392,does|chosen,0,0
2393,does|collection,0,0
2394,does|conditions,0,0
2395,does|corpus,0,0
2396,does|create,0,0
2397,does|data,0,0
2398,does|descent,0,0
2399,does|determines,0,0
2400,does|does,0,0
2401,does|during,0,0
2402,does|embedding,0,0
2403,does|emphasizes,0,0
2404,does|error,0,0
2405,does|fact,0,0
2406,does|fit,0,0
2407,does|from,0,0
2408,does|function,0,0
2409,does|functions,0,0
2410,does|gradient,0,0
2411,does|gradients,0,0
2412,does|has,0,0
2413,does|helps,0,0
2414,does|improvement,0,0
2415,does|in,0,0
2416,does|inference,0,0
2417,does|input,0,0
2418,does|inputs,0,0
2419,does|instruct,0,0
2420,does|intent,0,0
2421,does|is,0,0
2422,does|itself,0,0
2423,does|know,0,0
2424,does|language,0,0
2425,does|large,0,0
2426,does|learn,0,0
2427,does|learned,0,0
2428,does|likelihood,0,0
2429,does|maps,0,0
2430,does|mathematical,0,0
2431,does|meaning,0,0
2432,does|mechanism,0,0
2433,does|method,0,0
2434,does|minimization,0,0
2435,does|model,0,0
2436,does|network,0,0
2437,does|neural,0,0
2438,does|next,0,0
2439,does|no,0,0
2440,does|nonlinear,0,0
2441,does|not,-0.1777,-0.1777
2442,does|number,0,0
2443,does|numeric,0,0
2444,does|of,0,0
2445,does|offset,0,0
2446,does|on,0,0
2447,does|one,0,0
2448,does|optimization,0,0
2449,does|output,0,0
2450,does|outputs,0,0
2451,does|over,0,0
2452,does|parameter,0,0
2453,does|parameters,0,0
2454,does|part,0,0
2455,does|patterns,0,0
2456,does|people,0,0
2457,does|predicted,0,0
2458,does|prediction,0,0
2459,does|predictor,0,0
2460,does|predicts,0,0
2461,does|probabilities,0,0
2462,does|probability,0,0
2463,does|produces,0,0
2464,does|prompt,0,0
2465,does|reason,0,0
2466,does|reduces,0,0
2467,does|relevant,0,0
2468,does|repeated,0,0
2469,does|represents,0,0
2470,does|scales,0,0
2471,does|shifts,0,0
2472,does|slows,0,0
2473,does|statistical,0,0
2474,does|stops,0,0
2475,does|sum,0,0
2476,does|sums,0,0
2477,does|text,0,0
2478,does|the,0,0
2479,does|to,0,0
2480,does|token,0,0
2481,does|tokens,0,0
2482,does|trained,0,0
2483,does|training,0,0
2484,does|truth,0,0
2485,does|understand,0,0
2486,does|understanding,0,0
2487,does|unit,0,0
2488,does|updated,0,0
2489,does|updates,0,0
2490,does|using,0,0
2491,does|vector,0,0
2492,does|weight,0,0
2493,does|weighted,0,0
2494,does|weighting,0,0
2495,does|what,0,0
2496,does|when,0,0
2497,does|word,0,0
2498,does|zero,0,0
2499,during|a,0,0
2500,during|adjusts,0,0
2501,during|an,0,0
2502,during|and,0,0
2503,during|applies,0,0
2504,during|attention,0,0
2505,during|be,0,0
2506,during|between,0,0
2507,during|bias,0,0
2508,during|by,0,0
2509,during|can,0,0
2510,during|change,0,0
2511,during|chosen,0,0
2512,during|collection,0,0
2513,during|conditions,0,0
2514,during|corpus,0,0
2515,during|create,0,0
2516,during|data,0,0
2517,during|descent,0,0
2518,during|determines,0,0
2519,during|does,0,0
2520,during|during,0,0
2521,during|embedding,0,0
2522,during|emphasizes,0,0
2523,during|error,0,0
2524,during|fact,0,0
2525,during|fit,0,0
2526,during|from,0,0
2527,during|function,0,0
2528,during|functions,0,0
2529,during|gradient,0,0
2530,during|gradients,0,0
2531,during|has,0,0
2532,during|helps,0,0
2533,during|improvement,0,0
2534,during|in,0,0
2535,during|inference,0,0
2536,during|input,0,0
2537,during|inputs,0,0
2538,during|instruct,0,0
2539,during|intent,0,0
2540,during|is,0,0
2541,during|itself,0,0
2542,during|know,0,0
2543,during|language,0,0
2544,during|large,0,0
2545,during|learn,0,0
2546,during|learned,0,0
2547,during|likelihood,0,0
2548,during|maps,0,0
2549,during|mathematical,0,0
2550,during|meaning,0,0
2551,during|mechanism,0,0
2552,during|method,0,0
2553,during|minimization,0,0
2554,during|model,0,0
2555,during|network,0,0
2556,during|neural,0,0
2557,during|next,0,0
2558,during|no,0,0
2559,during|nonlinear,0,0
2560,during|not,0,0
2561,during|number,0,0
2562,during|numeric,0,0
2563,during|of,0,0
2564,during|offset,0,0
2565,during|on,0,0
2566,during|one,0,0
2567,during|optimization,0,0
2568,during|output,0,0
2569,during|outputs,0,0
2570,during|over,0,0
2571,during|parameter,0,0
2572,during|parameters,0,0
2573,during|part,0,0
2574,during|patterns,0,0
2575,during|people,0,0
2576,during|predicted,0,0
2577,during|prediction,0,0
2578,during|predictor,0,0
2579,during|predicts,0,0
2580,during|probabilities,0,0
2581,during|probability,0,0
2582,during|produces,0,0
2583,during|prompt,0,0
2584,during|reason,0,0
2585,during|reduces,0,0
2586,during|relevant,0,0
2587,during|repeated,0,0
2588,during|represents,0,0
2589,during|scales,0,0
2590,during|shifts,0,0
2591,during|slows,0,0
2592,during|statistical,0,0
2593,during|stops,0,0
2594,during|sum,0,0
2595,during|sums,0,0
2596,during|text,0,0
2597,during|the,0,0
2598,during|to,0,0
2599,during|token,0,0
2600,during|tokens,0,0
2601,during|trained,0,0
2602,during|training,6.1087,-0.0518
2603,during|truth,0,0
2604,during|understand,0,0
2605,during|understanding,0,0
2606,during|unit,0,0
2607,during|updated,0,0
2608,during|updates,0,0
2609,during|using,0,0
2610,during|vector,0,0
2611,during|weight,0,0
2612,during|weighted,0,0
2613,during|weighting,0,0
2614,during|what,0,0
2615,during|when,0,0
2616,during|word,0,0
2617,during|zero,0,0
2618,embedding|a,0,0
2619,embedding|adjusts,0,0
2620,embedding|an,0,0
2621,embedding|and,0,0
2622,embedding|applies,0,0
2623,embedding|attention,0,0
2624,embedding|be,0,0
2625,embedding|between,0,0
2626,embedding|bias,0,0
2627,embedding|by,0,0
2628,embedding|can,0,0
2629,embedding|change,0,0
2630,embedding|chosen,0,0
2631,embedding|collection,0,0
2632,embedding|conditions,0,0
2633,embedding|corpus,0,0
2634,embedding|create,0,0
2635,embedding|data,0,0
2636,embedding|descent,0,0
2637,embedding|determines,0,0
2638,embedding|does,0,0
2639,embedding|during,0,0
2640,embedding|embedding,0,0
2641,embedding|emphasizes,0,0
2642,embedding|error,0,0
2643,embedding|fact,0,0
2644,embedding|fit,0,0
2645,embedding|from,0,0
2646,embedding|function,0,0
2647,embedding|functions,0,0
2648,embedding|gradient,0,0
2649,embedding|gradients,0,0
2650,embedding|has,0,0
2651,embedding|helps,0,0
2652,embedding|improvement,0,0
2653,embedding|in,0,0
2654,embedding|inference,0,0
2655,embedding|input,0,0
2656,embedding|inputs,0,0
2657,embedding|instruct,0,0
2658,embedding|intent,0,0
2659,embedding|is,4.0094,-0.0688
2660,embedding|itself,0,0
2661,embedding|know,0,0
2662,embedding|language,0,0
2663,embedding|large,0,0
2664,embedding|learn,0,0
2665,embedding|learned,0,0
2666,embedding|likelihood,0,0
2667,embedding|maps,0,0
2668,embedding|mathematical,0,0
2669,embedding|meaning,0,0
2670,embedding|mechanism,0,0
2671,embedding|method,0,0
2672,embedding|minimization,0,0
2673,embedding|model,0,0
2674,embedding|network,0,0
2675,embedding|neural,0,0
2676,embedding|next,0,0
2677,embedding|no,0,0
2678,embedding|nonlinear,0,0
2679,embedding|not,0,0
2680,embedding|number,0,0
2681,embedding|numeric,0,0
2682,embedding|of,0,0
2683,embedding|offset,0,0
2684,embedding|on,0,0
2685,embedding|one,0,0
2686,embedding|optimization,0,0
2687,embedding|output,0,0
2688,embedding|outputs,0,0
2689,embedding|over,0,0
2690,embedding|parameter,0,0
2691,embedding|parameters,0,0
2692,embedding|part,0,0
2693,embedding|patterns,0,0
2694,embedding|people,0,0
2695,embedding|predicted,0,0
2696,embedding|prediction,0,0
2697,embedding|predictor,0,0
2698,embedding|predicts,0,0
2699,embedding|probabilities,0,0
2700,embedding|probability,0,0
2701,embedding|produces,0,0
2702,embedding|prompt,0,0
2703,embedding|reason,0,0
2704,embedding|reduces,0,0
2705,embedding|relevant,0,0
2706,embedding|repeated,0,0
2707,embedding|represents,4.3550,-0.0369
2708,embedding|scales,0,0
2709,embedding|shifts,0,0
2710,embedding|slows,0,0
2711,embedding|statistical,0,0
2712,embedding|stops,0,0
2713,embedding|sum,0,0
2714,embedding|sums,0,0
2715,embedding|text,0,0
2716,embedding|the,0,0
2717,embedding|to,0,0
2718,embedding|token,0,0
2719,embedding|tokens,0,0
2720,embedding|trained,0,0
2721,embedding|training,0,0
2722,embedding|truth,0,0
2723,embedding|understand,0,0
2724,embedding|understanding,0,0
2725,embedding|unit,0,0
2726,embedding|updated,0,0
2727,embedding|updates,0,0
2728,embedding|using,0,0
2729,embedding|vector,0,0
2730,embedding|weight,0,0
2731,embedding|weighted,0,0
2732,embedding|weighting,0,0
2733,embedding|what,0,0
2734,embedding|when,0,0
2735,embedding|word,0,0
2736,embedding|zero,0,0
2737,emphasizes|a,0,0
2738,emphasizes|adjusts,0,0
2739,emphasizes|an,0,0
2740,emphasizes|and,0,0
2741,emphasizes|applies,0,0
2742,emphasizes|attention,0,0
2743,emphasizes|be,0,0
2744,emphasizes|between,0,0
2745,emphasizes|bias,0,0
2746,emphasizes|by,0,0
2747,emphasizes|can,0,0
2748,emphasizes|change,0,0
2749,emphasizes|chosen,0,0
2750,emphasizes|collection,0,0
2751,emphasizes|conditions,0,0
2752,emphasizes|corpus,0,0
2753,emphasizes|create,0,0
2754,emphasizes|data,0,0
2755,emphasizes|descent,0,0
2756,emphasizes|determines,0,0
2757,emphasizes|does,0,0
2758,emphasizes|during,0,0
2759,emphasizes|embedding,0,0
2760,emphasizes|emphasizes,0,0
2761,emphasizes|error,0,0
2762,emphasizes|fact,0,0
2763,emphasizes|fit,0,0
2764,emphasizes|from,0,0
2765,emphasizes|function,0,0
2766,emphasizes|functions,0,0
2767,emphasizes|gradient,0,0
2768,emphasizes|gradients,0,0
2769,emphasizes|has,0,0
2770,emphasizes|helps,0,0
2771,emphasizes|improvement,0,0
2772,emphasizes|in,0,0
2773,emphasizes|inference,0,0
2774,emphasizes|input,0,0
2775,emphasizes|inputs,0,0
2776,emphasizes|instruct,0,0
2777,emphasizes|intent,0,0
2778,emphasizes|is,0,0
2779,emphasizes|itself,0,0
2780,emphasizes|know,0,0
2781,emphasizes|language,0,0
2782,emphasizes|large,0,0
2783,emphasizes|learn,0,0
2784,emphasizes|learned,0,0
2785,emphasizes|likelihood,0,0
2786,emphasizes|maps,0,0
2787,emphasizes|mathematical,0,0
2788,emphasizes|meaning,0,0
2789,emphasizes|mechanism,0,0
2790,emphasizes|method,0,0
2791,emphasizes|minimization,0,0
2792,emphasizes|model,0,0
2793,emphasizes|network,0,0
2794,emphasizes|neural,0,0
2795,emphasizes|next,0,0
2796,emphasizes|no,0,0
2797,emphasizes|nonlinear,0,0
2798,emphasizes|not,0,0
2799,emphasizes|number,0,0
2800,emphasizes|numeric,0,0
2801,emphasizes|of,0,0
2802,emphasizes|offset,0,0
2803,emphasizes|on,0,0
2804,emphasizes|one,0,0
2805,emphasizes|optimization,0,0
2806,emphasizes|output,0,0
2807,emphasizes|outputs,0,0
2808,emphasizes|over,0,0
2809,emphasizes|parameter,0,0
2810,emphasizes|parameters,0,0
2811,emphasizes|part,0,0
2812,emphasizes|patterns,0,0
2813,emphasizes|people,0,0
2814,emphasizes|predicted,0,0
2815,emphasizes|prediction,0,0
2816,emphasizes|predictor,0,0
2817,emphasizes|predicts,0,0
2818,emphasizes|probabilities,0,0
2819,emphasizes|probability,0,0
2820,emphasizes|produces,0,0
2821,emphasizes|prompt,0,0
2822,emphasizes|reason,0,0
2823,emphasizes|reduces,0,0
2824,emphasizes|relevant,-0.0369,-0.0369
2825,emphasizes|repeated,0,0
2826,emphasizes|represents,0,0
2827,emphasizes|scales,0,0
2828,emphasizes|shifts,0,0
2829,emphasizes|slows,0,0
2830,emphasizes|statistical,0,0
2831,emphasizes|stops,0,0
2832,emphasizes|sum,0,0
2833,emphasizes|sums,0,0
2834,emphasizes|text,0,0
2835,emphasizes|the,0,0
2836,emphasizes|to,0,0
2837,emphasizes|token,0,0
2838,emphasizes|tokens,0,0
2839,emphasizes|trained,0,0
2840,emphasizes|training,0,0
2841,emphasizes|truth,0,0
2842,emphasizes|understand,0,0
2843,emphasizes|understanding,0,0
2844,emphasizes|unit,0,0
2845,emphasizes|updated,0,0
2846,emphasizes|updates,0,0
2847,emphasizes|using,0,0
2848,emphasizes|vector,0,0
2849,emphasizes|weight,0,0
2850,emphasizes|weighted,0,0
2851,emphasizes|weighting,0,0
2852,emphasizes|what,0,0
2853,emphasizes|when,0,0
2854,emphasizes|word,0,0
2855,emphasizes|zero,0,0
2856,error|a,0,0
2857,error|adjusts,0,0
2858,error|an,0,0
2859,error|and,0,0
2860,error|applies,0,0
2861,error|attention,0,0
2862,error|be,0,0
2863,error|between,0,0
2864,error|bias,0,0
2865,error|by,0,0
2866,error|can,0,0
2867,error|change,0,0
2868,error|chosen,0,0
2869,error|collection,0,0
2870,error|conditions,0,0
2871,error|corpus,0,0
2872,error|create,0,0
2873,error|data,0,0
2874,error|descent,0,0
2875,error|determines,0,0
2876,error|does,0,0
2877,error|during,0,0
2878,error|embedding,0,0
2879,error|emphasizes,0,0
2880,error|error,0,0
2881,error|fact,0,0
2882,error|fit,0,0
2883,error|from,0,0
2884,error|function,0,0
2885,error|functions,0,0
2886,error|gradient,-0.0369,-0.0369
2887,error|gradients,0,0
2888,error|has,0,0
2889,error|helps,0,0
2890,error|improvement,0,0
2891,error|in,0,0
2892,error|inference,0,0
2893,error|input,0,0
2894,error|inputs,0,0
2895,error|instruct,0,0
2896,error|intent,0,0
2897,error|is,0,0
2898,error|itself,0,0
2899,error|know,0,0
2900,error|language,0,0
2901,error|large,0,0
2902,error|learn,0,0
2903,error|learned,0,0
2904,error|likelihood,0,0
2905,error|maps,0,0
2906,error|mathematical,0,0
2907,error|meaning,0,0
2908,error|mechanism,0,0
2909,error|method,0,0
2910,error|minimization,-0.0369,-0.0369
2911,error|model,0,0
2912,error|network,0,0
2913,error|neural,0,0
2914,error|next,0,0
2915,error|no,0,0
2916,error|nonlinear,0,0
2917,error|not,0,0
2918,error|number,0,0
2919,error|numeric,0,0
2920,error|of,0,0
2921,error|offset,0,0
2922,error|on,0,0
2923,error|one,0,0
2924,error|optimization,0,0
2925,error|output,0,0
2926,error|outputs,0,0
2927,error|over,0,0
2928,error|parameter,0,0
2929,error|parameters,0,0
2930,error|part,0,0
2931,error|patterns,0,0
2932,error|people,0,0
2933,error|predicted,0,0
2934,error|prediction,0,0
2935,error|predictor,0,0
2936,error|predicts,0,0
2937,error|probabilities,0,0
2938,error|probability,0,0
2939,error|produces,0,0
2940,error|prompt,0,0
2941,error|reason,0,0
2942,error|reduces,0,0
2943,error|relevant,0,0
2944,error|repeated,0,0
2945,error|represents,0,0
2946,error|scales,0,0
2947,error|shifts,0,0
2948,error|slows,0,0
2949,error|statistical,0,0
2950,error|stops,0,0
2951,error|sum,0,0
2952,error|sums,0,0
2953,error|text,0,0
2954,error|the,0,0
2955,error|to,0,0
2956,error|token,0,0
2957,error|tokens,0,0
2958,error|trained,0,0
2959,error|training,0,0
2960,error|truth,0,0
2961,error|understand,0,0
2962,error|understanding,0,0
2963,error|unit,0,0
2964,error|updated,0,0
2965,error|updates,0,0
2966,error|using,0,0
2967,error|vector,0,0
2968,error|weight,0,0
2969,error|weighted,0,0
2970,error|weighting,0,0
2971,error|what,0,0
2972,error|when,0,0
2973,error|word,0,0
2974,error|zero,0,0
2975,fact|a,-0.0369,-0.0369
2976,fact|adjusts,0,0
2977,fact|an,0,0
2978,fact|and,0,0
2979,fact|applies,0,0
2980,fact|attention,0,0
2981,fact|be,0,0
2982,fact|between,0,0
2983,fact|bias,0,0
2984,fact|by,0,0
2985,fact|can,0,0
2986,fact|change,0,0
2987,fact|chosen,0,0
2988,fact|collection,0,0
2989,fact|conditions,0,0
2990,fact|corpus,0,0
2991,fact|create,0,0
2992,fact|data,0,0
2993,fact|descent,0,0
2994,fact|determines,0,0
2995,fact|does,0,0
2996,fact|during,0,0
2997,fact|embedding,0,0
2998,fact|emphasizes,0,0
2999,fact|error,0,0
3000,fact|fact,0,0
3001,fact|fit,0,0
3002,fact|from,0,0
3003,fact|function,0,0
3004,fact|functions,0,0
3005,fact|gradient,0,0
3006,fact|gradients,0,0
3007,fact|has,0,0
3008,fact|helps,0,0
3009,fact|improvement,0,0
3010,fact|in,0,0
3011,fact|inference,0,0
3012,fact|input,0,0
3013,fact|inputs,0,0
3014,fact|instruct,0,0
3015,fact|intent,0,0
3016,fact|is,0,0
3017,fact|itself,0,0
3018,fact|know,0,0
3019,fact|language,0,0
3020,fact|large,0,0
3021,fact|learn,0,0
3022,fact|learned,0,0
3023,fact|likelihood,0,0
3024,fact|maps,0,0
3025,fact|mathematical,0,0
3026,fact|meaning,0,0
3027,fact|mechanism,0,0
3028,fact|method,0,0
3029,fact|minimization,0,0
3030,fact|model,0,0
3031,fact|network,0,0
3032,fact|neural,0,0
3033,fact|next,0,0
3034,fact|no,0,0
3035,fact|nonlinear,0,0
3036,fact|not,0,0
3037,fact|number,0,0
3038,fact|numeric,0,0
3039,fact|of,0,0
3040,fact|offset,0,0
3041,fact|on,0,0
3042,fact|one,0,0
3043,fact|optimization,0,0
3044,fact|output,0,0
3045,fact|outputs,0,0
3046,fact|over,0,0
3047,fact|parameter,0,0
3048,fact|parameters,0,0
3049,fact|part,0,0
3050,fact|patterns,0,0
3051,fact|people,0,0
3052,fact|predicted,0,0
3053,fact|prediction,0,0
3054,fact|predictor,0,0
3055,fact|predicts,0,0
3056,fact|probabilities,0,0
3057,fact|probability,0,0
3058,fact|produces,0,0
3059,fact|prompt,0,0
3060,fact|reason,0,0
3061,fact|reduces,0,0
3062,fact|relevant,0,0
3063,fact|repeated,0,0
3064,fact|represents,0,0
3065,fact|scales,0,0
3066,fact|shifts,0,0
3067,fact|slows,0,0
3068,fact|statistical,0,0
3069,fact|stops,0,0
3070,fact|sum,0,0
3071,fact|sums,0,0
3072,fact|text,0,0
3073,fact|the,0,0
3074,fact|to,0,0
3075,fact|token,0,0
3076,fact|tokens,0,0
3077,fact|trained,0,0
3078,fact|training,0,0
3079,fact|truth,0,0
3080,fact|understand,0,0
3081,fact|understanding,0,0
3082,fact|unit,0,0
3083,fact|updated,0,0
3084,fact|updates,0,0
3085,fact|using,0,0
3086,fact|vector,0,0
3087,fact|weight,0,0
3088,fact|weighted,0,0
3089,fact|weighting,0,0
3090,fact|what,0,0
3091,fact|when,0,0
3092,fact|word,0,0
3093,fact|zero,0,0
3094,fit|a,0,0
3095,fit|adjusts,0,0
3096,fit|an,0,0
3097,fit|and,0,0
3098,fit|applies,0,0
3099,fit|attention,0,0
3100,fit|be,0,0
3101,fit|between,0,0
3102,fit|bias,0,0
3103,fit|by,0,0
3104,fit|can,0,0
3105,fit|change,0,0
3106,fit|chosen,0,0
3107,fit|collection,0,0
3108,fit|conditions,0,0
3109,fit|corpus,0,0
3110,fit|create,0,0
3111,fit|data,0,0
3112,fit|descent,0,0
3113,fit|determines,0,0
3114,fit|does,0,0
3115,fit|during,0,0
3116,fit|embedding,0,0
3117,fit|emphasizes,0,0
3118,fit|error,0,0
3119,fit|fact,0,0
3120,fit|fit,0,0
3121,fit|from,0,0
3122,fit|function,0,0
3123,fit|functions,0,0
3124,fit|gradient,0,0
3125,fit|gradients,0,0
3126,fit|has,0,0
3127,fit|helps,0,0
3128,fit|improvement,0,0
3129,fit|in,0,0
3130,fit|inference,0,0
3131,fit|input,0,0
3132,fit|inputs,0,0
3133,fit|instruct,0,0
3134,fit|intent,0,0
3135,fit|is,0,0
3136,fit|itself,0,0
3137,fit|know,0,0
3138,fit|language,0,0
3139,fit|large,0,0
3140,fit|learn,0,0
3141,fit|learned,0,0
3142,fit|likelihood,0,0
3143,fit|maps,0,0
3144,fit|mathematical,0,0
3145,fit|meaning,0,0
3146,fit|mechanism,0,0
3147,fit|method,0,0
3148,fit|minimization,0,0
3149,fit|model,0,0
3150,fit|network,0,0
3151,fit|neural,0,0
3152,fit|next,0,0
3153,fit|no,0,0
3154,fit|nonlinear,0,0
3155,fit|not,0,0
3156,fit|number,0,0
3157,fit|numeric,0,0
3158,fit|of,0,0
3159,fit|offset,0,0
3160,fit|on,0,0
3161,fit|one,0,0
3162,fit|optimization,0,0
3163,fit|output,0,0
3164,fit|outputs,0,0
3165,fit|over,0,0
3166,fit|parameter,0,0
3167,fit|parameters,0,0
3168,fit|part,0,0
3169,fit|patterns,0,0
3170,fit|people,0,0
3171,fit|predicted,0,0
3172,fit|prediction,0,0
3173,fit|predictor,0,0
3174,fit|predicts,0,0
3175,fit|probabilities,0,0
3176,fit|probability,0,0
3177,fit|produces,0,0
3178,fit|prompt,0,0
3179,fit|reason,0,0
3180,fit|reduces,0,0
3181,fit|relevant,0,0
3182,fit|repeated,0,0
3183,fit|represents,0,0
3184,fit|scales,0,0
3185,fit|shifts,0,0
3186,fit|slows,0,0
3187,fit|statistical,0,0
3188,fit|stops,0,0
3189,fit|sum,0,0
3190,fit|sums,0,0
3191,fit|text,0,0
3192,fit|the,-0.0369,-0.0369
3193,fit|to,0,0
3194,fit|token,0,0
3195,fit|tokens,0,0
3196,fit|trained,0,0
3197,fit|training,0,0
3198,fit|truth,0,0
3199,fit|understand,0,0
3200,fit|understanding,0,0
3201,fit|unit,0,0
3202,fit|updated,0,0
3203,fit|updates,0,0
3204,fit|using,0,0
3205,fit|vector,0,0
3206,fit|weight,0,0
3207,fit|weighted,0,0
3208,fit|weighting,0,0
3209,fit|what,0,0
3210,fit|when,0,0
3211,fit|word,0,0
3212,fit|zero,0,0
3213,from|a,0,0
3214,from|adjusts,0,0
3215,from|an,0,0
3216,from|and,0,0
3217,from|applies,0,0
3218,from|attention,0,0
3219,from|be,0,0
3220,from|between,0,0
3221,from|bias,0,0
3222,from|by,0,0
3223,from|can,0,0
3224,from|change,0,0
3225,from|chosen,0,0
3226,from|collection,0,0
3227,from|conditions,0,0
3228,from|corpus,0,0
3229,from|create,0,0
3230,from|data,0,0
3231,from|descent,0,0
3232,from|determines,0,0
3233,from|does,0,0
3234,from|during,0,0
3235,from|embedding,0,0
3236,from|emphasizes,0,0
3237,from|error,0,0
3238,from|fact,0,0
3239,from|fit,0,0
3240,from|from,0,0
3241,from|function,0,0
3242,from|functions,0,0
3243,from|gradient,0,0
3244,from|gradients,0,0
3245,from|has,0,0
3246,from|helps,0,0
3247,from|improvement,0,0
3248,from|in,0,0
3249,from|inference,0,0
3250,from|input,0,0
3251,from|inputs,0,0
3252,from|instruct,0,0
3253,from|intent,0,0
3254,from|is,0,0
3255,from|itself,0,0
3256,from|know,0,0
3257,from|language,0,0
3258,from|large,0,0
3259,from|learn,0,0
3260,from|learned,0,0
3261,from|likelihood,0,0
3262,from|maps,0,0
3263,from|mathematical,0,0
3264,from|meaning,0,0
3265,from|mechanism,0,0
3266,from|method,0,0
3267,from|minimization,0,0
3268,from|model,0,0
3269,from|network,0,0
3270,from|neural,0,0
3271,from|next,0,0
3272,from|no,0,0
3273,from|nonlinear,0,0
3274,from|not,0,0
3275,from|number,0,0
3276,from|numeric,0,0
3277,from|of,0,0
3278,from|offset,0,0
3279,from|on,0,0
3280,from|one,0,0
3281,from|optimization,0,0
3282,from|output,0,0
3283,from|outputs,0,0
3284,from|over,0,0
3285,from|parameter,0,0
3286,from|parameters,0,0
3287,from|part,0,0
3288,from|patterns,0,0
3289,from|people,0,0
3290,from|predicted,0,0
3291,from|prediction,0,0
3292,from|predictor,0,0
3293,from|predicts,0,0
3294,from|probabilities,-0.0369,-0.0369
3295,from|probability,0,0
3296,from|produces,0,0
3297,from|prompt,0,0
3298,from|reason,0,0
3299,from|reduces,0,0
3300,from|relevant,0,0
3301,from|repeated,0,0
3302,from|represents,0,0
3303,from|scales,0,0
3304,from|shifts,0,0
3305,from|slows,0,0
3306,from|statistical,0,0
3307,from|stops,0,0
3308,from|sum,0,0
3309,from|sums,0,0
3310,from|text,0,0
3311,from|the,0,0
3312,from|to,0,0
3313,from|token,0,0
3314,from|tokens,0,0
3315,from|trained,0,0
3316,from|training,0,0
3317,from|truth,0,0
3318,from|understand,0,0
3319,from|understanding,0,0
3320,from|unit,0,0
3321,from|updated,0,0
3322,from|updates,0,0
3323,from|using,0,0
3324,from|vector,0,0
3325,from|weight,0,0
3326,from|weighted,0,0
3327,from|weighting,0,0
3328,from|what,0,0
3329,from|when,0,0
3330,from|word,0,0
3331,from|zero,0,0
3332,function|a,-0.0369,-0.0369
3333,function|adjusts,0,0
3334,function|an,0,0
3335,function|and,0,0
3336,function|applies,0,0
3337,function|attention,0,0
3338,function|be,0,0
3339,function|between,0,0
3340,function|bias,0,0
3341,function|by,0,0
3342,function|can,0,0
3343,function|change,0,0
3344,function|chosen,0,0
3345,function|collection,0,0
3346,function|conditions,0,0
3347,function|corpus,0,0
3348,function|create,0,0
3349,function|data,0,0
3350,function|descent,0,0
3351,function|determines,0,0
3352,function|does,0,0
3353,function|during,0,0
3354,function|embedding,0,0
3355,function|emphasizes,0,0
3356,function|error,0,0
3357,function|fact,0,0
3358,function|fit,0,0
3359,function|from,0,0
3360,function|function,0,0
3361,function|functions,0,0
3362,function|gradient,0,0
3363,function|gradients,0,0
3364,function|has,0,0
3365,function|helps,0,0
3366,function|improvement,0,0
3367,function|in,0,0
3368,function|inference,0,0
3369,function|input,0,0
3370,function|inputs,0,0
3371,function|instruct,0,0
3372,function|intent,0,0
3373,function|is,0,0
3374,function|itself,0,0
3375,function|know,0,0
3376,function|language,0,0
3377,function|large,0,0
3378,function|learn,0,0
3379,function|learned,0,0
3380,function|likelihood,0,0
3381,function|maps,0,0
3382,function|mathematical,0,0
3383,function|meaning,0,0
3384,function|mechanism,0,0
3385,function|method,0,0
3386,function|minimization,0,0
3387,function|model,0,0
3388,function|network,0,0
3389,function|neural,0,0
3390,function|next,0,0
3391,function|no,0,0
3392,function|nonlinear,0,0
3393,function|not,0,0
3394,function|number,0,0
3395,function|numeric,0,0
3396,function|of,0,0
3397,function|offset,0,0
3398,function|on,0,0
3399,function|one,0,0
3400,function|optimization,0,0
3401,function|output,0,0
3402,function|outputs,0,0
3403,function|over,0,0
3404,function|parameter,0,0
3405,function|parameters,0,0
3406,function|part,0,0
3407,function|patterns,0,0
3408,function|people,0,0
3409,function|predicted,0,0
3410,function|prediction,0,0
3411,function|predictor,0,0
3412,function|predicts,0,0
3413,function|probabilities,0,0
3414,function|probability,0,0
3415,function|produces,0,0
3416,function|prompt,0,0
3417,function|reason,0,0
3418,function|reduces,0,0
3419,function|relevant,0,0
3420,function|repeated,0,0
3421,function|represents,0,0
3422,function|scales,0,0
3423,function|shifts,0,0
3424,function|slows,0,0
3425,function|statistical,0,0
3426,function|stops,0,0
3427,function|sum,0,0
3428,function|sums,0,0
3429,function|text,0,0
3430,function|the,0,0
3431,function|to,0,0
3432,function|token,0,0
3433,function|tokens,0,0
3434,function|trained,0,0
3435,function|training,0,0
3436,function|truth,0,0
3437,function|understand,0,0
3438,function|understanding,0,0
3439,function|unit,0,0
3440,function|updated,0,0
3441,function|updates,0,0
3442,function|using,0,0
3443,function|vector,0,0
3444,function|weight,0,0
3445,function|weighted,0,0
3446,function|weighting,0,0
3447,function|what,0,0
3448,function|when,0,0
3449,function|word,0,0
3450,function|zero,0,0
3451,functions|a,-0.0369,-0.0369
3452,functions|adjusts,0,0
3453,functions|an,0,0
3454,functions|and,0,0
3455,functions|applies,0,0
3456,functions|attention,0,0
3457,functions|be,0,0
3458,functions|between,0,0
3459,functions|bias,0,0
3460,functions|by,0,0
3461,functions|can,0,0
3462,functions|change,0,0
3463,functions|chosen,0,0
3464,functions|collection,0,0
3465,functions|conditions,0,0
3466,functions|corpus,0,0
3467,functions|create,0,0
3468,functions|data,0,0
3469,functions|descent,0,0
3470,functions|determines,0,0
3471,functions|does,0,0
3472,functions|during,0,0
3473,functions|embedding,0,0
3474,functions|emphasizes,0,0
3475,functions|error,0,0
3476,functions|fact,0,0
3477,functions|fit,0,0
3478,functions|from,0,0
3479,functions|function,0,0
3480,functions|functions,0,0
3481,functions|gradient,0,0
3482,functions|gradients,0,0
3483,functions|has,0,0
3484,functions|helps,0,0
3485,functions|improvement,0,0
3486,functions|in,0,0
3487,functions|inference,0,0
3488,functions|input,0,0
3489,functions|inputs,0,0
3490,functions|instruct,0,0
3491,functions|intent,0,0
3492,functions|is,0,0
3493,functions|itself,0,0
3494,functions|know,0,0
3495,functions|language,0,0
3496,functions|large,0,0
3497,functions|learn,0,0
3498,functions|learned,0,0
3499,functions|likelihood,0,0
3500,functions|maps,0,0
3501,functions|mathematical,0,0
3502,functions|meaning,0,0
3503,functions|mechanism,0,0
3504,functions|method,0,0
3505,functions|minimization,0,0
3506,functions|model,0,0
3507,functions|network,0,0
3508,functions|neural,0,0
3509,functions|next,0,0
3510,functions|no,0,0
3511,functions|nonlinear,0,0
3512,functions|not,0,0
3513,functions|number,0,0
3514,functions|numeric,0,0
3515,functions|of,0,0
3516,functions|offset,0,0
3517,functions|on,0,0
3518,functions|one,0,0
3519,functions|optimization,0,0
3520,functions|output,0,0
3521,functions|outputs,0,0
3522,functions|over,0,0
3523,functions|parameter,0,0
3524,functions|parameters,0,0
3525,functions|part,0,0
3526,functions|patterns,0,0
3527,functions|people,0,0
3528,functions|predicted,0,0
3529,functions|prediction,0,0
3530,functions|predictor,0,0
3531,functions|predicts,0,0
3532,functions|probabilities,0,0
3533,functions|probability,0,0
3534,functions|produces,0,0
3535,functions|prompt,0,0
3536,functions|reason,0,0
3537,functions|reduces,0,0
3538,functions|relevant,0,0
3539,functions|repeated,0,0
3540,functions|represents,0,0
3541,functions|scales,0,0
3542,functions|shifts,0,0
3543,functions|slows,0,0
3544,functions|statistical,0,0
3545,functions|stops,0,0
3546,functions|sum,0,0
3547,functions|sums,0,0
3548,functions|text,0,0
3549,functions|the,0,0
3550,functions|to,0,0
3551,functions|token,0,0
3552,functions|tokens,0,0
3553,functions|trained,0,0
3554,functions|training,0,0
3555,functions|truth,0,0
3556,functions|understand,0,0
3557,functions|understanding,0,0
3558,functions|unit,0,0
3559,functions|updated,0,0
3560,functions|updates,0,0
3561,functions|using,0,0
3562,functions|vector,0,0
3563,functions|weight,0,0
3564,functions|weighted,0,0
3565,functions|weighting,0,0
3566,functions|what,0,0
3567,functions|when,0,0
3568,functions|word,0,0
3569,functions|zero,0,0
3570,gradient|a,0,0
3571,gradient|adjusts,0,0
3572,gradient|an,0,0
3573,gradient|and,0,0
3574,gradient|applies,0,0
3575,gradient|attention,0,0
3576,gradient|be,0,0
3577,gradient|between,0,0
3578,gradient|bias,0,0
3579,gradient|by,0,0
3580,gradient|can,0,0
3581,gradient|change,0,0
3582,gradient|chosen,0,0
3583,gradient|collection,0,0
3584,gradient|conditions,0,0
3585,gradient|corpus,0,0
3586,gradient|create,0,0
3587,gradient|data,0,0
3588,gradient|descent,-0.0982,-0.0982
3589,gradient|determines,0,0
3590,gradient|does,0,0
3591,gradient|during,0,0
3592,gradient|embedding,0,0
3593,gradient|emphasizes,0,0
3594,gradient|error,0,0
3595,gradient|fact,0,0
3596,gradient|fit,0,0
3597,gradient|from,0,0
3598,gradient|function,0,0
3599,gradient|functions,0,0
3600,gradient|gradient,0,0
3601,gradient|gradients,0,0
3602,gradient|has,0,0
3603,gradient|helps,0,0
3604,gradient|improvement,0,0
3605,gradient|in,0,0
3606,gradient|inference,0,0
3607,gradient|input,0,0
3608,gradient|inputs,0,0
3609,gradient|instruct,0,0
3610,gradient|intent,0,0
3611,gradient|is,0,0
3612,gradient|itself,0,0
3613,gradient|know,0,0
3614,gradient|language,0,0
3615,gradient|large,0,0
3616,gradient|learn,0,0
3617,gradient|learned,0,0
3618,gradient|likelihood,0,0
3619,gradient|maps,0,0
3620,gradient|mathematical,0,0
3621,gradient|meaning,0,0
3622,gradient|mechanism,0,0
3623,gradient|method,0,0
3624,gradient|minimization,0,0
3625,gradient|model,0,0
3626,gradient|network,0,0
3627,gradient|neural,0,0
3628,gradient|next,0,0
3629,gradient|no,0,0
3630,gradient|nonlinear,0,0
3631,gradient|not,0,0
3632,gradient|number,0,0
3633,gradient|numeric,0,0
3634,gradient|of,0,0
3635,gradient|offset,0,0
3636,gradient|on,0,0
3637,gradient|one,0,0
3638,gradient|optimization,0,0
3639,gradient|output,0,0
3640,gradient|outputs,0,0
3641,gradient|over,0,0
3642,gradient|parameter,0,0
3643,gradient|parameters,0,0
3644,gradient|part,0,0
3645,gradient|patterns,0,0
3646,gradient|people,0,0
3647,gradient|predicted,0,0
3648,gradient|prediction,0,0
3649,gradient|predictor,0,0
3650,gradient|predicts,0,0
3651,gradient|probabilities,0,0
3652,gradient|probability,0,0
3653,gradient|produces,0,0
3654,gradient|prompt,0,0
3655,gradient|reason,0,0
3656,gradient|reduces,0,0
3657,gradient|relevant,0,0
3658,gradient|repeated,0,0
3659,gradient|represents,0,0
3660,gradient|scales,0,0
3661,gradient|shifts,0,0
3662,gradient|slows,0,0
3663,gradient|statistical,0,0
3664,gradient|stops,0,0
3665,gradient|sum,0,0
3666,gradient|sums,0,0
3667,gradient|text,0,0
3668,gradient|the,0,0
3669,gradient|to,0,0
3670,gradient|token,0,0
3671,gradient|tokens,0,0
3672,gradient|trained,0,0
3673,gradient|training,0,0
3674,gradient|truth,0,0
3675,gradient|understand,0,0
3676,gradient|understanding,0,0
3677,gradient|unit,0,0
3678,gradient|updated,0,0
3679,gradient|updates,0,0
3680,gradient|using,0,0
3681,gradient|vector,0,0
3682,gradient|weight,0,0
3683,gradient|weighted,0,0
3684,gradient|weighting,0,0
3685,gradient|what,0,0
3686,gradient|when,0,0
3687,gradient|word,0,0
3688,gradient|zero,0,0
3689,gradients|a,0,0
3690,gradients|adjusts,0,0
3691,gradients|an,0,0
3692,gradients|and,0,0
3693,gradients|applies,0,0
3694,gradients|attention,0,0
3695,gradients|be,0,0
3696,gradients|between,0,0
3697,gradients|bias,0,0
3698,gradients|by,0,0
3699,gradients|can,0,0
3700,gradients|change,0,0
3701,gradients|chosen,0,0
3702,gradients|collection,0,0
3703,gradients|conditions,0,0
3704,gradients|corpus,0,0
3705,gradients|create,0,0
3706,gradients|data,0,0
3707,gradients|descent,0,0
3708,gradients|determines,0,0
3709,gradients|does,0,0
3710,gradients|during,0,0
3711,gradients|embedding,0,0
3712,gradients|emphasizes,0,0
3713,gradients|error,0,0
3714,gradients|fact,0,0
3715,gradients|fit,0,0
3716,gradients|from,0,0
3717,gradients|function,0,0
3718,gradients|functions,0,0
3719,gradients|gradient,-0.0369,-0.0369
3720,gradients|gradients,0,0
3721,gradients|has,0,0
3722,gradients|helps,0,0
3723,gradients|improvement,0,0
3724,gradients|in,0,0
3725,gradients|inference,0,0
3726,gradients|input,0,0
3727,gradients|inputs,0,0
3728,gradients|instruct,0,0
3729,gradients|intent,0,0
3730,gradients|is,0,0
3731,gradients|itself,0,0
3732,gradients|know,0,0
3733,gradients|language,0,0
3734,gradients|large,0,0
3735,gradients|learn,0,0
3736,gradients|learned,0,0
3737,gradients|likelihood,0,0
3738,gradients|maps,0,0
3739,gradients|mathematical,0,0
3740,gradients|meaning,0,0
3741,gradients|mechanism,0,0
3742,gradients|method,0,0
3743,gradients|minimization,0,0
3744,gradients|model,0,0
3745,gradients|network,0,0
3746,gradients|neural,0,0
3747,gradients|next,0,0
3748,gradients|no,0,0
3749,gradients|nonlinear,0,0
3750,gradients|not,0,0
3751,gradients|number,0,0
3752,gradients|numeric,0,0
3753,gradients|of,0,0
3754,gradients|offset,0,0
3755,gradients|on,0,0
3756,gradients|one,0,0
3757,gradients|optimization,0,0
3758,gradients|output,0,0
3759,gradients|outputs,0,0
3760,gradients|over,0,0
3761,gradients|parameter,0,0
3762,gradients|parameters,0,0
3763,gradients|part,0,0
3764,gradients|patterns,0,0
3765,gradients|people,0,0
3766,gradients|predicted,0,0
3767,gradients|prediction,0,0
3768,gradients|predictor,0,0
3769,gradients|predicts,0,0
3770,gradients|probabilities,0,0
3771,gradients|probability,0,0
3772,gradients|produces,0,0
3773,gradients|prompt,0,0
3774,gradients|reason,0,0
3775,gradients|reduces,0,0
3776,gradients|relevant,0,0
3777,gradients|repeated,0,0
3778,gradients|represents,0,0
3779,gradients|scales,0,0
3780,gradients|shifts,0,0
3781,gradients|slows,0,0
3782,gradients|statistical,0,0
3783,gradients|stops,0,0
3784,gradients|sum,0,0
3785,gradients|sums,0,0
3786,gradients|text,0,0
3787,gradients|the,0,0
3788,gradients|to,0,0
3789,gradients|token,0,0
3790,gradients|tokens,0,0
3791,gradients|trained,0,0
3792,gradients|training,0,0
3793,gradients|truth,0,0
3794,gradients|understand,0,0
3795,gradients|understanding,0,0
3796,gradients|unit,0,0
3797,gradients|updated,0,0
3798,gradients|updates,0,0
3799,gradients|using,0,0
3800,gradients|vector,0,0
3801,gradients|weight,0,0
3802,gradients|weighted,0,0
3803,gradients|weighting,0,0
3804,gradients|what,0,0
3805,gradients|when,0,0
3806,gradients|word,0,0
3807,gradients|zero,0,0
3808,has|a,0,0
3809,has|adjusts,0,0
3810,has|an,0,0
3811,has|and,0,0
3812,has|applies,0,0
3813,has|attention,0,0
3814,has|be,0,0
3815,has|between,0,0
3816,has|bias,0,0
3817,has|by,0,0
3818,has|can,0,0
3819,has|change,0,0
3820,has|chosen,0,0
3821,has|collection,0,0
3822,has|conditions,0,0
3823,has|corpus,0,0
3824,has|create,0,0
3825,has|data,0,0
3826,has|descent,0,0
3827,has|determines,0,0
3828,has|does,0,0
3829,has|during,0,0
3830,has|embedding,0,0
3831,has|emphasizes,0,0
3832,has|error,0,0
3833,has|fact,0,0
3834,has|fit,0,0
3835,has|from,0,0
3836,has|function,0,0
3837,has|functions,0,0
3838,has|gradient,0,0
3839,has|gradients,0,0
3840,has|has,0,0
3841,has|helps,0,0
3842,has|improvement,0,0
3843,has|in,0,0
3844,has|inference,0,0
3845,has|input,0,0
3846,has|inputs,0,0
3847,has|instruct,0,0
3848,has|intent,0,0
3849,has|is,0,0
3850,has|itself,0,0
3851,has|know,0,0
3852,has|language,0,0
3853,has|large,0,0
3854,has|learn,0,0
3855,has|learned,0,0
3856,has|likelihood,0,0
3857,has|maps,0,0
3858,has|mathematical,0,0
3859,has|meaning,0,0
3860,has|mechanism,0,0
3861,has|method,0,0
3862,has|minimization,0,0
3863,has|model,0,0
3864,has|network,0,0
3865,has|neural,0,0
3866,has|next,0,0
3867,has|no,-0.0369,-0.0369
3868,has|nonlinear,0,0
3869,has|not,0,0
3870,has|number,0,0
3871,has|numeric,0,0
3872,has|of,0,0
3873,has|offset,0,0
3874,has|on,0,0
3875,has|one,0,0
3876,has|optimization,0,0
3877,has|output,0,0
3878,has|outputs,0,0
3879,has|over,0,0
3880,has|parameter,0,0
3881,has|parameters,0,0
3882,has|part,0,0
3883,has|patterns,0,0
3884,has|people,0,0
3885,has|predicted,0,0
3886,has|prediction,0,0
3887,has|predictor,0,0
3888,has|predicts,0,0
3889,has|probabilities,0,0
3890,has|probability,0,0
3891,has|produces,0,0
3892,has|prompt,0,0
3893,has|reason,0,0
3894,has|reduces,0,0
3895,has|relevant,0,0
3896,has|repeated,0,0
3897,has|represents,0,0
3898,has|scales,0,0
3899,has|shifts,0,0
3900,has|slows,0,0
3901,has|statistical,0,0
3902,has|stops,0,0
3903,has|sum,0,0
3904,has|sums,0,0
3905,has|text,0,0
3906,has|the,0,0
3907,has|to,0,0
3908,has|token,0,0
3909,has|tokens,0,0
3910,has|trained,0,0
3911,has|training,0,0
3912,has|truth,0,0
3913,has|understand,0,0
3914,has|understanding,0,0
3915,has|unit,0,0
3916,has|updated,0,0
3917,has|updates,0,0
3918,has|using,0,0
3919,has|vector,0,0
3920,has|weight,0,0
3921,has|weighted,0,0
3922,has|weighting,0,0
3923,has|what,0,0
3924,has|when,0,0
3925,has|word,0,0
3926,has|zero,0,0
3927,helps|a,0,0
3928,helps|adjusts,0,0
3929,helps|an,0,0
3930,helps|and,0,0
3931,helps|applies,0,0
3932,helps|attention,0,0
3933,helps|be,0,0
3934,helps|between,0,0
3935,helps|bias,0,0
3936,helps|by,0,0
3937,helps|can,0,0
3938,helps|change,0,0
3939,helps|chosen,0,0
3940,helps|collection,0,0
3941,helps|conditions,0,0
3942,helps|corpus,0,0
3943,helps|create,0,0
3944,helps|data,0,0
3945,helps|descent,0,0
3946,helps|determines,0,0
3947,helps|does,0,0
3948,helps|during,0,0
3949,helps|embedding,0,0
3950,helps|emphasizes,0,0
3951,helps|error,0,0
3952,helps|fact,0,0
3953,helps|fit,-0.0369,-0.0369
3954,helps|from,0,0
3955,helps|function,0,0
3956,helps|functions,0,0
3957,helps|gradient,0,0
3958,helps|gradients,0,0
3959,helps|has,0,0
3960,helps|helps,0,0
3961,helps|improvement,0,0
3962,helps|in,0,0
3963,helps|inference,0,0
3964,helps|input,0,0
3965,helps|inputs,0,0
3966,helps|instruct,0,0
3967,helps|intent,0,0
3968,helps|is,0,0
3969,helps|itself,0,0
3970,helps|know,0,0
3971,helps|language,0,0
3972,helps|large,0,0
3973,helps|learn,0,0
3974,helps|learned,0,0
3975,helps|likelihood,0,0
3976,helps|maps,0,0
3977,helps|mathematical,0,0
3978,helps|meaning,0,0
3979,helps|mechanism,0,0
3980,helps|method,0,0
3981,helps|minimization,0,0
3982,helps|model,0,0
3983,helps|network,0,0
3984,helps|neural,0,0
3985,helps|next,0,0
3986,helps|no,0,0
3987,helps|nonlinear,0,0
3988,helps|not,0,0
3989,helps|number,0,0
3990,helps|numeric,0,0
3991,helps|of,0,0
3992,helps|offset,0,0
3993,helps|on,0,0
3994,helps|one,0,0
3995,helps|optimization,0,0
3996,helps|output,0,0
3997,helps|outputs,0,0
3998,helps|over,0,0
3999,helps|parameter,0,0
4000,helps|parameters,0,0
4001,helps|part,0,0
4002,helps|patterns,0,0
4003,helps|people,0,0
4004,helps|predicted,0,0
4005,helps|prediction,0,0
4006,helps|predictor,0,0
4007,helps|predicts,0,0
4008,helps|probabilities,0,0
4009,helps|probability,0,0
4010,helps|produces,0,0
4011,helps|prompt,0,0
4012,helps|reason,0,0
4013,helps|reduces,0,0
4014,helps|relevant,0,0
4015,helps|repeated,0,0
4016,helps|represents,0,0
4017,helps|scales,0,0
4018,helps|shifts,0,0
4019,helps|slows,0,0
4020,helps|statistical,0,0
4021,helps|stops,0,0
4022,helps|sum,0,0
4023,helps|sums,0,0
4024,helps|text,0,0
4025,helps|the,0,0
4026,helps|to,0,0
4027,helps|token,0,0
4028,helps|tokens,0,0
4029,helps|trained,0,0
4030,helps|training,0,0
4031,helps|truth,0,0
4032,helps|understand,0,0
4033,helps|understanding,0,0
4034,helps|unit,0,0
4035,helps|updated,0,0
4036,helps|updates,0,0
4037,helps|using,0,0
4038,helps|vector,0,0
4039,helps|weight,0,0
4040,helps|weighted,0,0
4041,helps|weighting,0,0
4042,helps|what,0,0
4043,helps|when,0,0
4044,helps|word,0,0
4045,helps|zero,0,0
4046,improvement|a,0,0
4047,improvement|adjusts,0,0
4048,improvement|an,0,0
4049,improvement|and,0,0
4050,improvement|applies,0,0
4051,improvement|attention,0,0
4052,improvement|be,0,0
4053,improvement|between,0,0
4054,improvement|bias,0,0
4055,improvement|by,0,0
4056,improvement|can,0,0
4057,improvement|change,0,0
4058,improvement|chosen,0,0
4059,improvement|collection,0,0
4060,improvement|conditions,0,0
4061,improvement|corpus,0,0
4062,improvement|create,0,0
4063,improvement|data,0,0
4064,improvement|descent,0,0
4065,improvement|determines,0,0
4066,improvement|does,0,0
4067,improvement|during,0,0
4068,improvement|embedding,0,0
4069,improvement|emphasizes,0,0
4070,improvement|error,0,0
4071,improvement|fact,0,0
4072,improvement|fit,0,0
4073,improvement|from,0,0
4074,improvement|function,0,0
4075,improvement|functions,0,0
4076,improvement|gradient,0,0
4077,improvement|gradients,0,0
4078,improvement|has,0,0
4079,improvement|helps,0,0
4080,improvement|improvement,0,0
4081,improvement|in,0,0
4082,improvement|inference,0,0
4083,improvement|input,0,0
4084,improvement|inputs,0,0
4085,improvement|instruct,0,0
4086,improvement|intent,0,0
4087,improvement|is,0,0
4088,improvement|itself,0,0
4089,improvement|know,0,0
4090,improvement|language,0,0
4091,improvement|large,0,0
4092,improvement|learn,0,0
4093,improvement|learned,0,0
4094,improvement|likelihood,0,0
4095,improvement|maps,0,0
4096,improvement|mathematical,0,0
4097,improvement|meaning,0,0
4098,improvement|mechanism,0,0
4099,improvement|method,0,0
4100,improvement|minimization,0,0
4101,improvement|model,0,0
4102,improvement|network,0,0
4103,improvement|neural,0,0
4104,improvement|next,0,0
4105,improvement|no,0,0
4106,improvement|nonlinear,0,0
4107,improvement|not,0,0
4108,improvement|number,0,0
4109,improvement|numeric,0,0
4110,improvement|of,0,0
4111,improvement|offset,0,0
4112,improvement|on,0,0
4113,improvement|one,0,0
4114,improvement|optimization,0,0
4115,improvement|output,0,0
4116,improvement|outputs,0,0
4117,improvement|over,0,0
4118,improvement|parameter,0,0
4119,improvement|parameters,0,0
4120,improvement|part,0,0
4121,improvement|patterns,0,0
4122,improvement|people,0,0
4123,improvement|predicted,0,0
4124,improvement|prediction,0,0
4125,improvement|predictor,0,0
4126,improvement|predicts,0,0
4127,improvement|probabilities,0,0
4128,improvement|probability,0,0
4129,improvement|produces,0,0
4130,improvement|prompt,0,0
4131,improvement|reason,0,0
4132,improvement|reduces,0,0
4133,improvement|relevant,0,0
4134,improvement|repeated,0,0
4135,improvement|represents,0,0
4136,improvement|scales,0,0
4137,improvement|shifts,0,0
4138,improvement|slows,4.3550,-0.0369
4139,improvement|statistical,0,0
4140,improvement|stops,0,0
4141,improvement|sum,0,0
4142,improvement|sums,0,0
4143,improvement|text,0,0
4144,improvement|the,0,0
4145,improvement|to,0,0
4146,improvement|token,0,0
4147,improvement|tokens,0,0
4148,improvement|trained,0,0
4149,improvement|training,0,0
4150,improvement|truth,0,0
4151,improvement|understand,0,0
4152,improvement|understanding,0,0
4153,improvement|unit,0,0
4154,improvement|updated,0,0
4155,improvement|updates,0,0
4156,improvement|using,0,0
4157,improvement|vector,0,0
4158,improvement|weight,0,0
4159,improvement|weighted,0,0
4160,improvement|weighting,0,0
4161,improvement|what,0,0
4162,improvement|when,0,0
4163,improvement|word,0,0
4164,improvement|zero,0,0
4165,in|a,0,0
4166,in|adjusts,0,0
4167,in|an,0,0
4168,in|and,0,0
4169,in|applies,0,0
4170,in|attention,0,0
4171,in|be,0,0
4172,in|between,0,0
4173,in|bias,0,0
4174,in|by,0,0
4175,in|can,0,0
4176,in|change,0,0
4177,in|chosen,0,0
4178,in|collection,0,0
4179,in|conditions,0,0
4180,in|corpus,0,0
4181,in|create,0,0
4182,in|data,0,0
4183,in|descent,0,0
4184,in|determines,0,0
4185,in|does,0,0
4186,in|during,0,0
4187,in|embedding,0,0
4188,in|emphasizes,0,0
4189,in|error,0,0
4190,in|fact,0,0
4191,in|fit,0,0
4192,in|from,0,0
4193,in|function,0,0
4194,in|functions,0,0
4195,in|gradient,0,0
4196,in|gradients,0,0
4197,in|has,0,0
4198,in|helps,0,0
4199,in|improvement,0,0
4200,in|in,0,0
4201,in|inference,0,0
4202,in|input,0,0
4203,in|inputs,0,0
4204,in|instruct,0,0
4205,in|intent,0,0
4206,in|is,0,0
4207,in|itself,0,0
4208,in|know,0,0
4209,in|language,0,0
4210,in|large,0,0
4211,in|learn,0,0
4212,in|learned,0,0
4213,in|likelihood,0,0
4214,in|maps,0,0
4215,in|mathematical,0,0
4216,in|meaning,0,0
4217,in|mechanism,0,0
4218,in|method,0,0
4219,in|minimization,0,0
4220,in|model,0,0
4221,in|network,0,0
4222,in|neural,0,0
4223,in|next,0,0
4224,in|no,0,0
4225,in|nonlinear,0,0
4226,in|not,0,0
4227,in|number,0,0
4228,in|numeric,0,0
4229,in|of,0,0
4230,in|offset,0,0
4231,in|on,0,0
4232,in|one,0,0
4233,in|optimization,0,0
4234,in|output,0,0
4235,in|outputs,0,0
4236,in|over,0,0
4237,in|parameter,0,0
4238,in|parameters,0,0
4239,in|part,0,0
4240,in|patterns,0,0
4241,in|people,0,0
4242,in|predicted,0,0
4243,in|prediction,0,0
4244,in|predictor,0,0
4245,in|predicts,0,0
4246,in|probabilities,0,0
4247,in|probability,0,0
4248,in|produces,0,0
4249,in|prompt,0,0
4250,in|reason,0,0
4251,in|reduces,0,0
4252,in|relevant,0,0
4253,in|repeated,0,0
4254,in|represents,0,0
4255,in|scales,0,0
4256,in|shifts,0,0
4257,in|slows,0,0
4258,in|statistical,0,0
4259,in|stops,0,0
4260,in|sum,0,0
4261,in|sums,0,0
4262,in|text,0,0
4263,in|the,0,0
4264,in|to,0,0
4265,in|token,0,0
4266,in|tokens,0,0
4267,in|trained,0,0
4268,in|training,0,0
4269,in|truth,0,0
4270,in|understand,0,0
4271,in|understanding,0,0
4272,in|unit,0,0
4273,in|updated,0,0
4274,in|updates,0,0
4275,in|using,0,0
4276,in|vector,0,0
4277,in|weight,0,0
4278,in|weighted,0,0
4279,in|weighting,0,0
4280,in|what,0,0
4281,in|when,0,0
4282,in|word,0,0
4283,in|zero,0,0
4284,inference|a,0,0
4285,inference|adjusts,0,0
4286,inference|an,0,0
4287,inference|and,0,0
4288,inference|applies,0,0
4289,inference|attention,0,0
4290,inference|be,0,0
4291,inference|between,0,0
4292,inference|bias,0,0
4293,inference|by,0,0
4294,inference|can,0,0
4295,inference|change,0,0
4296,inference|chosen,0,0
4297,inference|collection,0,0
4298,inference|conditions,0,0
4299,inference|corpus,0,0
4300,inference|create,0,0
4301,inference|data,0,0
4302,inference|descent,0,0
4303,inference|determines,0,0
4304,inference|does,-0.0369,-0.0369
4305,inference|during,0,0
4306,inference|embedding,0,0
4307,inference|emphasizes,0,0
4308,inference|error,0,0
4309,inference|fact,0,0
4310,inference|fit,0,0
4311,inference|from,0,0
4312,inference|function,0,0
4313,inference|functions,0,0
4314,inference|gradient,0,0
4315,inference|gradients,0,0
4316,inference|has,0,0
4317,inference|helps,0,0
4318,inference|improvement,0,0
4319,inference|in,0,0
4320,inference|inference,0,0
4321,inference|input,0,0
4322,inference|inputs,0,0
4323,inference|instruct,0,0
4324,inference|intent,0,0
4325,inference|is,-0.0369,-0.0369
4326,inference|itself,0,0
4327,inference|know,0,0
4328,inference|language,0,0
4329,inference|large,0,0
4330,inference|learn,0,0
4331,inference|learned,0,0
4332,inference|likelihood,0,0
4333,inference|maps,0,0
4334,inference|mathematical,0,0
4335,inference|meaning,0,0
4336,inference|mechanism,0,0
4337,inference|method,0,0
4338,inference|minimization,0,0
4339,inference|model,0,0
4340,inference|network,0,0
4341,inference|neural,0,0
4342,inference|next,0,0
4343,inference|no,0,0
4344,inference|nonlinear,0,0
4345,inference|not,0,0
4346,inference|number,0,0
4347,inference|numeric,0,0
4348,inference|of,0,0
4349,inference|offset,0,0
4350,inference|on,0,0
4351,inference|one,0,0
4352,inference|optimization,0,0
4353,inference|output,0,0
4354,inference|outputs,0,0
4355,inference|over,0,0
4356,inference|parameter,0,0
4357,inference|parameters,0,0
4358,inference|part,0,0
4359,inference|patterns,0,0
4360,inference|people,0,0
4361,inference|predicted,0,0
4362,inference|prediction,0,0
4363,inference|predictor,0,0
4364,inference|predicts,0,0
4365,inference|probabilities,0,0
4366,inference|probability,0,0
4367,inference|produces,-0.0369,-0.0369
4368,inference|prompt,0,0
4369,inference|reason,0,0
4370,inference|reduces,0,0
4371,inference|relevant,0,0
4372,inference|repeated,0,0
4373,inference|represents,0,0
4374,inference|scales,0,0
4375,inference|shifts,0,0
4376,inference|slows,0,0
4377,inference|statistical,0,0
4378,inference|stops,0,0
4379,inference|sum,0,0
4380,inference|sums,0,0
4381,inference|text,0,0
4382,inference|the,0,0
4383,inference|to,0,0
4384,inference|token,0,0
4385,inference|tokens,0,0
4386,inference|trained,0,0
4387,inference|training,0,0
4388,inference|truth,0,0
4389,inference|understand,0,0
4390,inference|understanding,0,0
4391,inference|unit,0,0
4392,inference|updated,0,0
4393,inference|updates,0,0
4394,inference|using,0,0
4395,inference|vector,0,0
4396,inference|weight,0,0
4397,inference|weighted,0,0
4398,inference|weighting,0,0
4399,inference|what,0,0
4400,inference|when,0,0
4401,inference|word,0,0
4402,inference|zero,0,0
4403,input|a,-0.0369,-0.0369
4404,input|adjusts,0,0
4405,input|an,0,0
4406,input|and,0,0
4407,input|applies,0,0
4408,input|attention,0,0
4409,input|be,0,0
4410,input|between,0,0
4411,input|bias,0,0
4412,input|by,0,0
4413,input|can,0,0
4414,input|change,0,0
4415,input|chosen,0,0
4416,input|collection,0,0
4417,input|conditions,0,0
4418,input|corpus,0,0
4419,input|create,0,0
4420,input|data,0,0
4421,input|descent,0,0
4422,input|determines,0,0
4423,input|does,0,0
4424,input|during,0,0
4425,input|embedding,0,0
4426,input|emphasizes,0,0
4427,input|error,0,0
4428,input|fact,0,0
4429,input|fit,0,0
4430,input|from,0,0
4431,input|function,0,0
4432,input|functions,0,0
4433,input|gradient,0,0
4434,input|gradients,0,0
4435,input|has,0,0
4436,input|helps,0,0
4437,input|improvement,0,0
4438,input|in,0,0
4439,input|inference,0,0
4440,input|input,0,0
4441,input|inputs,0,0
4442,input|instruct,0,0
4443,input|intent,0,0
4444,input|is,0,0
4445,input|itself,0,0
4446,input|know,0,0
4447,input|language,0,0
4448,input|large,0,0
4449,input|learn,0,0
4450,input|learned,0,0
4451,input|likelihood,0,0
4452,input|maps,0,0
4453,input|mathematical,0,0
4454,input|meaning,0,0
4455,input|mechanism,0,0
4456,input|method,0,0
4457,input|minimization,0,0
4458,input|model,0,0
4459,input|network,0,0
4460,input|neural,0,0
4461,input|next,0,0
4462,input|no,0,0
4463,input|nonlinear,0,0
4464,input|not,0,0
4465,input|number,0,0
4466,input|numeric,0,0
4467,input|of,0,0
4468,input|offset,0,0
4469,input|on,0,0
4470,input|one,0,0
4471,input|optimization,0,0
4472,input|output,0,0
4473,input|outputs,0,0
4474,input|over,0,0
4475,input|parameter,0,0
4476,input|parameters,0,0
4477,input|part,0,0
4478,input|patterns,0,0
4479,input|people,0,0
4480,input|predicted,0,0
4481,input|prediction,0,0
4482,input|predictor,0,0
4483,input|predicts,0,0
4484,input|probabilities,0,0
4485,input|probability,0,0
4486,input|produces,0,0
4487,input|prompt,0,0
4488,input|reason,0,0
4489,input|reduces,0,0
4490,input|relevant,0,0
4491,input|repeated,0,0
4492,input|represents,0,0
4493,input|scales,0,0
4494,input|shifts,0,0
4495,input|slows,0,0
4496,input|statistical,0,0
4497,input|stops,0,0
4498,input|sum,0,0
4499,input|sums,0,0
4500,input|text,4.3550,-0.0369
4501,input|the,0,0
4502,input|to,0,0
4503,input|token,0,0
4504,input|tokens,0,0
4505,input|trained,0,0
4506,input|training,0,0
4507,input|truth,0,0
4508,input|understand,0,0
4509,input|understanding,0,0
4510,input|unit,0,0
4511,input|updated,0,0
4512,input|updates,0,0
4513,input|using,0,0
4514,input|vector,0,0
4515,input|weight,0,0
4516,input|weighted,0,0
4517,input|weighting,0,0
4518,input|what,0,0
4519,input|when,0,0
4520,input|word,0,0
4521,input|zero,0,0
4522,inputs|a,0,0
4523,inputs|adjusts,0,0
4524,inputs|an,0,0
4525,inputs|and,0,0
4526,inputs|applies,0,0
4527,inputs|attention,0,0
4528,inputs|be,0,0
4529,inputs|between,0,0
4530,inputs|bias,0,0
4531,inputs|by,0,0
4532,inputs|can,0,0
4533,inputs|change,0,0
4534,inputs|chosen,0,0
4535,inputs|collection,0,0
4536,inputs|conditions,0,0
4537,inputs|corpus,0,0
4538,inputs|create,0,0
4539,inputs|data,0,0
4540,inputs|descent,0,0
4541,inputs|determines,0,0
4542,inputs|does,0,0
4543,inputs|during,0,0
4544,inputs|embedding,0,0
4545,inputs|emphasizes,0,0
4546,inputs|error,0,0
4547,inputs|fact,0,0
4548,inputs|fit,0,0
4549,inputs|from,0,0
4550,inputs|function,0,0
4551,inputs|functions,0,0
4552,inputs|gradient,0,0
4553,inputs|gradients,0,0
4554,inputs|has,0,0
4555,inputs|helps,0,0
4556,inputs|improvement,0,0
4557,inputs|in,0,0
4558,inputs|inference,0,0
4559,inputs|input,0,0
4560,inputs|inputs,0,0
4561,inputs|instruct,0,0
4562,inputs|intent,0,0
4563,inputs|is,0,0
4564,inputs|itself,0,0
4565,inputs|know,0,0
4566,inputs|language,0,0
4567,inputs|large,0,0
4568,inputs|learn,0,0
4569,inputs|learned,0,0
4570,inputs|likelihood,0,0
4571,inputs|maps,0,0
4572,inputs|mathematical,0,0
4573,inputs|meaning,0,0
4574,inputs|mechanism,0,0
4575,inputs|method,0,0
4576,inputs|minimization,0,0
4577,inputs|model,0,0
4578,inputs|network,0,0
4579,inputs|neural,0,0
4580,inputs|next,0,0
4581,inputs|no,0,0
4582,inputs|nonlinear,0,0
4583,inputs|not,0,0
4584,inputs|number,0,0
4585,inputs|numeric,0,0
4586,inputs|of,0,0
4587,inputs|offset,0,0
4588,inputs|on,0,0
4589,inputs|one,0,0
4590,inputs|optimization,0,0
4591,inputs|output,0,0
4592,inputs|outputs,0,0
4593,inputs|over,0,0
4594,inputs|parameter,0,0
4595,inputs|parameters,0,0
4596,inputs|part,0,0
4597,inputs|patterns,0,0
4598,inputs|people,0,0
4599,inputs|predicted,0,0
4600,inputs|prediction,0,0
4601,inputs|predictor,0,0
4602,inputs|predicts,0,0
4603,inputs|probabilities,0,0
4604,inputs|probability,0,0
4605,inputs|produces,0,0
4606,inputs|prompt,0,0
4607,inputs|reason,0,0
4608,inputs|reduces,0,0
4609,inputs|relevant,0,0
4610,inputs|repeated,0,0
4611,inputs|represents,0,0
4612,inputs|scales,0,0
4613,inputs|shifts,0,0
4614,inputs|slows,0,0
4615,inputs|statistical,0,0
4616,inputs|stops,0,0
4617,inputs|sum,0,0
4618,inputs|sums,0,0
4619,inputs|text,0,0
4620,inputs|the,0,0
4621,inputs|to,-0.0369,-0.0369
4622,inputs|token,0,0
4623,inputs|tokens,0,0
4624,inputs|trained,0,0
4625,inputs|training,0,0
4626,inputs|truth,0,0
4627,inputs|understand,0,0
4628,inputs|understanding,0,0
4629,inputs|unit,0,0
4630,inputs|updated,0,0
4631,inputs|updates,0,0
4632,inputs|using,0,0
4633,inputs|vector,0,0
4634,inputs|weight,0,0
4635,inputs|weighted,0,0
4636,inputs|weighting,0,0
4637,inputs|what,0,0
4638,inputs|when,0,0
4639,inputs|word,0,0
4640,inputs|zero,0,0
4641,instruct|a,0,0
4642,instruct|adjusts,0,0
4643,instruct|an,0,0
4644,instruct|and,0,0
4645,instruct|applies,0,0
4646,instruct|attention,0,0
4647,instruct|be,0,0
4648,instruct|between,0,0
4649,instruct|bias,0,0
4650,instruct|by,0,0
4651,instruct|can,0,0
4652,instruct|change,0,0
4653,instruct|chosen,0,0
4654,instruct|collection,0,0
4655,instruct|conditions,0,0
4656,instruct|corpus,0,0
4657,instruct|create,0,0
4658,instruct|data,0,0
4659,instruct|descent,0,0
4660,instruct|determines,0,0
4661,instruct|does,0,0
4662,instruct|during,0,0
4663,instruct|embedding,0,0
4664,instruct|emphasizes,0,0
4665,instruct|error,0,0
4666,instruct|fact,0,0
4667,instruct|fit,0,0
4668,instruct|from,0,0
4669,instruct|function,0,0
4670,instruct|functions,0,0
4671,instruct|gradient,0,0
4672,instruct|gradients,0,0
4673,instruct|has,0,0
4674,instruct|helps,0,0
4675,instruct|improvement,0,0
4676,instruct|in,0,0
4677,instruct|inference,0,0
4678,instruct|input,0,0
4679,instruct|inputs,0,0
4680,instruct|instruct,0,0
4681,instruct|intent,-0.0369,-0.0369
4682,instruct|is,0,0
4683,instruct|itself,0,0
4684,instruct|know,0,0
4685,instruct|language,0,0
4686,instruct|large,0,0
4687,instruct|learn,0,0
4688,instruct|learned,0,0
4689,instruct|likelihood,0,0
4690,instruct|maps,0,0
4691,instruct|mathematical,0,0
4692,instruct|meaning,0,0
4693,instruct|mechanism,0,0
4694,instruct|method,0,0
4695,instruct|minimization,0,0
4696,instruct|model,0,0
4697,instruct|network,0,0
4698,instruct|neural,0,0
4699,instruct|next,0,0
4700,instruct|no,0,0
4701,instruct|nonlinear,0,0
4702,instruct|not,0,0
4703,instruct|number,0,0
4704,instruct|numeric,0,0
4705,instruct|of,0,0
4706,instruct|offset,0,0
4707,instruct|on,0,0
4708,instruct|one,0,0
4709,instruct|optimization,0,0
4710,instruct|output,0,0
4711,instruct|outputs,0,0
4712,instruct|over,0,0
4713,instruct|parameter,0,0
4714,instruct|parameters,0,0
4715,instruct|part,0,0
4716,instruct|patterns,0,0
4717,instruct|people,0,0
4718,instruct|predicted,0,0
4719,instruct|prediction,0,0
4720,instruct|predictor,0,0
4721,instruct|predicts,0,0
4722,instruct|probabilities,0,0
4723,instruct|probability,0,0
4724,instruct|produces,0,0
4725,instruct|prompt,0,0
4726,instruct|reason,0,0
4727,instruct|reduces,0,0
4728,instruct|relevant,0,0
4729,instruct|repeated,0,0
4730,instruct|represents,0,0
4731,instruct|scales,0,0
4732,instruct|shifts,0,0
4733,instruct|slows,0,0
4734,instruct|statistical,0,0
4735,instruct|stops,0,0
4736,instruct|sum,0,0
4737,instruct|sums,0,0
4738,instruct|text,0,0
4739,instruct|the,0,0
4740,instruct|to,0,0
4741,instruct|token,0,0
4742,instruct|tokens,0,0
4743,instruct|trained,0,0
4744,instruct|training,0,0
4745,instruct|truth,0,0
4746,instruct|understand,0,0
4747,instruct|understanding,0,0
4748,instruct|unit,0,0
4749,instruct|updated,0,0
4750,instruct|updates,0,0
4751,instruct|using,0,0
4752,instruct|vector,0,0
4753,instruct|weight,0,0
4754,instruct|weighted,0,0
4755,instruct|weighting,0,0
4756,instruct|what,0,0
4757,instruct|when,0,0
4758,instruct|word,0,0
4759,instruct|zero,0,0
4760,intent|a,0,0
4761,intent|adjusts,0,0
4762,intent|an,-0.0369,-0.0369
4763,intent|and,0,0
4764,intent|applies,0,0
4765,intent|attention,0,0
4766,intent|be,0,0
4767,intent|between,0,0
4768,intent|bias,0,0
4769,intent|by,0,0
4770,intent|can,0,0
4771,intent|change,0,0
4772,intent|chosen,0,0
4773,intent|collection,0,0
4774,intent|conditions,0,0
4775,intent|corpus,0,0
4776,intent|create,0,0
4777,intent|data,0,0
4778,intent|descent,0,0
4779,intent|determines,0,0
4780,intent|does,0,0
4781,intent|during,0,0
4782,intent|embedding,0,0
4783,intent|emphasizes,0,0
4784,intent|error,0,0
4785,intent|fact,0,0
4786,intent|fit,0,0
4787,intent|from,0,0
4788,intent|function,0,0
4789,intent|functions,0,0
4790,intent|gradient,0,0
4791,intent|gradients,0,0
4792,intent|has,0,0
4793,intent|helps,0,0
4794,intent|improvement,0,0
4795,intent|in,0,0
4796,intent|inference,0,0
4797,intent|input,0,0
4798,intent|inputs,0,0
4799,intent|instruct,0,0
4800,intent|intent,0,0
4801,intent|is,0,0
4802,intent|itself,0,0
4803,intent|know,0,0
4804,intent|language,0,0
4805,intent|large,0,0
4806,intent|learn,0,0
4807,intent|learned,0,0
4808,intent|likelihood,0,0
4809,intent|maps,0,0
4810,intent|mathematical,0,0
4811,intent|meaning,0,0
4812,intent|mechanism,0,0
4813,intent|method,0,0
4814,intent|minimization,0,0
4815,intent|model,0,0
4816,intent|network,0,0
4817,intent|neural,0,0
4818,intent|next,0,0
4819,intent|no,0,0
4820,intent|nonlinear,0,0
4821,intent|not,0,0
4822,intent|number,0,0
4823,intent|numeric,0,0
4824,intent|of,0,0
4825,intent|offset,0,0
4826,intent|on,0,0
4827,intent|one,0,0
4828,intent|optimization,0,0
4829,intent|output,0,0
4830,intent|outputs,0,0
4831,intent|over,0,0
4832,intent|parameter,0,0
4833,intent|parameters,0,0
4834,intent|part,0,0
4835,intent|patterns,0,0
4836,intent|people,0,0
4837,intent|predicted,0,0
4838,intent|prediction,0,0
4839,intent|predictor,0,0
4840,intent|predicts,0,0
4841,intent|probabilities,0,0
4842,intent|probability,0,0
4843,intent|produces,0,0
4844,intent|prompt,0,0
4845,intent|reason,0,0
4846,intent|reduces,0,0
4847,intent|relevant,0,0
4848,intent|repeated,0,0
4849,intent|represents,0,0
4850,intent|scales,0,0
4851,intent|shifts,0,0
4852,intent|slows,0,0
4853,intent|statistical,0,0
4854,intent|stops,0,0
4855,intent|sum,0,0
4856,intent|sums,0,0
4857,intent|text,0,0
4858,intent|the,0,0
4859,intent|to,0,0
4860,intent|token,0,0
4861,intent|tokens,0,0
4862,intent|trained,0,0
4863,intent|training,0,0
4864,intent|truth,0,0
4865,intent|understand,0,0
4866,intent|understanding,0,0
4867,intent|unit,0,0
4868,intent|updated,0,0
4869,intent|updates,0,0
4870,intent|using,0,0
4871,intent|vector,0,0
4872,intent|weight,0,0
4873,intent|weighted,0,0
4874,intent|weighting,0,0
4875,intent|what,0,0
4876,intent|when,0,0
4877,intent|word,0,0
4878,intent|zero,0,0
4879,is|a,-0.2486,-0.2486
4880,is|adjusts,0,0
4881,is|an,-0.0369,-0.0369
4882,is|and,0,0
4883,is|applies,0,0
4884,is|attention,0,0
4885,is|be,0,0
4886,is|between,0,0
4887,is|bias,0,0
4888,is|by,0,0
4889,is|can,0,0
4890,is|change,0,0
4891,is|chosen,-0.0688,-0.0688
4892,is|collection,0,0
4893,is|conditions,0,0
4894,is|corpus,0,0
4895,is|create,0,0
4896,is|data,0,0
4897,is|descent,0,0
4898,is|determines,0,0
4899,is|does,0,0
4900,is|during,0,0
4901,is|embedding,0,0
4902,is|emphasizes,0,0
4903,is|error,0,0
4904,is|fact,0,0
4905,is|fit,0,0
4906,is|from,0,0
4907,is|function,0,0
4908,is|functions,0,0
4909,is|gradient,0,0
4910,is|gradients,0,0
4911,is|has,0,0
4912,is|helps,0,0
4913,is|improvement,0,0
4914,is|in,0,0
4915,is|inference,0,0
4916,is|input,-0.0369,-0.0369
4917,is|inputs,0,0
4918,is|instruct,0,0
4919,is|intent,0,0
4920,is|is,0,0
4921,is|itself,0,0
4922,is|know,0,0
4923,is|language,0,0
4924,is|large,0,0
4925,is|learn,0,0
4926,is|learned,-0.0369,-0.0369
4927,is|likelihood,0,0
4928,is|maps,0,0
4929,is|mathematical,0,0
4930,is|meaning,0,0
4931,is|mechanism,0,0
4932,is|method,0,0
4933,is|minimization,0,0
4934,is|model,0,0
4935,is|network,0,0
4936,is|neural,0,0
4937,is|next,0,0
4938,is|no,0,0
4939,is|nonlinear,0,0
4940,is|not,4.3550,-0.0369
4941,is|number,0,0
4942,is|numeric,0,0
4943,is|of,0,0
4944,is|offset,0,0
4945,is|on,0,0
4946,is|one,0,0
4947,is|optimization,0,0
4948,is|output,0,0
4949,is|outputs,0,0
4950,is|over,0,0
4951,is|parameter,0,0
4952,is|parameters,0,0
4953,is|part,0,0
4954,is|patterns,0,0
4955,is|people,0,0
4956,is|predicted,0,0
4957,is|prediction,0,0
4958,is|predictor,0,0
4959,is|predicts,0,0
4960,is|probabilities,0,0
4961,is|probability,0,0
4962,is|produces,0,0
4963,is|prompt,0,0
4964,is|reason,0,0
4965,is|reduces,0,0
4966,is|relevant,0,0
4967,is|repeated,-0.0369,-0.0369
4968,is|represents,0,0
4969,is|scales,0,0
4970,is|shifts,0,0
4971,is|slows,0,0
4972,is|statistical,0,0
4973,is|stops,0,0
4974,is|sum,0,0
4975,is|sums,0,0
4976,is|text,0,0
4977,is|the,0,0
4978,is|to,0,0
4979,is|token,0,0
4980,is|tokens,0,0
4981,is|trained,-0.0688,-0.0688
4982,is|training,0,0
4983,is|truth,0,0
4984,is|understand,0,0
4985,is|understanding,0,0
4986,is|unit,0,0
4987,is|updated,-0.0369,-0.0369
4988,is|updates,0,0
4989,is|using,4.3550,-0.0369
4990,is|vector,0,0
4991,is|weight,0,0
4992,is|weighted,0,0
4993,is|weighting,0,0
4994,is|what,0,0
4995,is|when,0,0
4996,is|word,0,0
4997,is|zero,0,0
4998,itself|a,-0.0369,-0.0369
4999,itself|adjusts,0,0
5000,itself|an,0,0
5001,itself|and,0,0
5002,itself|applies,0,0
5003,itself|attention,0,0
5004,itself|be,0,0
5005,itself|between,0,0
5006,itself|bias,0,0
5007,itself|by,0,0
5008,itself|can,0,0
5009,itself|change,0,0
5010,itself|chosen,0,0
5011,itself|collection,0,0
5012,itself|conditions,0,0
5013,itself|corpus,0,0
5014,itself|create,0,0
5015,itself|data,0,0
5016,itself|descent,0,0
5017,itself|determines,0,0
5018,itself|does,0,0
5019,itself|during,0,0
5020,itself|embedding,0,0
5021,itself|emphasizes,0,0
5022,itself|error,0,0
5023,itself|fact,0,0
5024,itself|fit,0,0
5025,itself|from,0,0
5026,itself|function,0,0
5027,itself|functions,0,0
5028,itself|gradient,0,0
5029,itself|gradients,0,0
5030,itself|has,0,0
5031,itself|helps,0,0
5032,itself|improvement,0,0
5033,itself|in,0,0
5034,itself|inference,0,0
5035,itself|input,0,0
5036,itself|inputs,0,0
5037,itself|instruct,0,0
5038,itself|intent,0,0
5039,itself|is,0,0
5040,itself|itself,0,0
5041,itself|know,0,0
5042,itself|language,0,0
5043,itself|large,0,0
5044,itself|learn,0,0
5045,itself|learned,0,0
5046,itself|likelihood,0,0
5047,itself|maps,0,0
5048,itself|mathematical,0,0
5049,itself|meaning,0,0
5050,itself|mechanism,0,0
5051,itself|method,0,0
5052,itself|minimization,0,0
5053,itself|model,0,0
5054,itself|network,0,0
5055,itself|neural,0,0
5056,itself|next,0,0
5057,itself|no,0,0
5058,itself|nonlinear,0,0
5059,itself|not,0,0
5060,itself|number,0,0
5061,itself|numeric,0,0
5062,itself|of,0,0
5063,itself|offset,0,0
5064,itself|on,0,0
5065,itself|one,0,0
5066,itself|optimization,0,0
5067,itself|output,0,0
5068,itself|outputs,0,0
5069,itself|over,0,0
5070,itself|parameter,0,0
5071,itself|parameters,0,0
5072,itself|part,0,0
5073,itself|patterns,0,0
5074,itself|people,0,0
5075,itself|predicted,0,0
5076,itself|prediction,0,0
5077,itself|predictor,0,0
5078,itself|predicts,0,0
5079,itself|probabilities,0,0
5080,itself|probability,0,0
5081,itself|produces,0,0
5082,itself|prompt,0,0
5083,itself|reason,0,0
5084,itself|reduces,0,0
5085,itself|relevant,0,0
5086,itself|repeated,0,0
5087,itself|represents,0,0
5088,itself|scales,0,0
5089,itself|shifts,0,0
5090,itself|slows,0,0
5091,itself|statistical,0,0
5092,itself|stops,0,0
5093,itself|sum,0,0
5094,itself|sums,0,0
5095,itself|text,0,0
5096,itself|the,0,0
5097,itself|to,0,0
5098,itself|token,0,0
5099,itself|tokens,0,0
5100,itself|trained,0,0
5101,itself|training,0,0
5102,itself|truth,0,0
5103,itself|understand,0,0
5104,itself|understanding,0,0
5105,itself|unit,0,0
5106,itself|updated,0,0
5107,itself|updates,0,0
5108,itself|using,0,0
5109,itself|vector,0,0
5110,itself|weight,0,0
5111,itself|weighted,0,0
5112,itself|weighting,0,0
5113,itself|what,0,0
5114,itself|when,0,0
5115,itself|word,0,0
5116,itself|zero,0,0
5117,know|a,0,0
5118,know|adjusts,0,0
5119,know|an,0,0
5120,know|and,0,0
5121,know|applies,0,0
5122,know|attention,0,0
5123,know|be,0,0
5124,know|between,0,0
5125,know|bias,0,0
5126,know|by,0,0
5127,know|can,0,0
5128,know|change,0,0
5129,know|chosen,0,0
5130,know|collection,0,0
5131,know|conditions,0,0
5132,know|corpus,0,0
5133,know|create,0,0
5134,know|data,0,0
5135,know|descent,0,0
5136,know|determines,0,0
5137,know|does,0,0
5138,know|during,0,0
5139,know|embedding,0,0
5140,know|emphasizes,0,0
5141,know|error,0,0
5142,know|fact,0,0
5143,know|fit,0,0
5144,know|from,0,0
5145,know|function,0,0
5146,know|functions,0,0
5147,know|gradient,0,0
5148,know|gradients,0,0
5149,know|has,0,0
5150,know|helps,0,0
5151,know|improvement,0,0
5152,know|in,0,0
5153,know|inference,0,0
5154,know|input,0,0
5155,know|inputs,0,0
5156,know|instruct,0,0
5157,know|intent,0,0
5158,know|is,0,0
5159,know|itself,0,0
5160,know|know,0,0
5161,know|language,0,0
5162,know|large,0,0
5163,know|learn,0,0
5164,know|learned,0,0
5165,know|likelihood,0,0
5166,know|maps,0,0
5167,know|mathematical,0,0
5168,know|meaning,0,0
5169,know|mechanism,0,0
5170,know|method,0,0
5171,know|minimization,0,0
5172,know|model,0,0
5173,know|network,0,0
5174,know|neural,0,0
5175,know|next,0,0
5176,know|no,0,0
5177,know|nonlinear,0,0
5178,know|not,0,0
5179,know|number,0,0
5180,know|numeric,0,0
5181,know|of,0,0
5182,know|offset,0,0
5183,know|on,0,0
5184,know|one,0,0
5185,know|optimization,0,0
5186,know|output,0,0
5187,know|outputs,0,0
5188,know|over,0,0
5189,know|parameter,0,0
5190,know|parameters,0,0
5191,know|part,0,0
5192,know|patterns,0,0
5193,know|people,0,0
5194,know|predicted,0,0
5195,know|prediction,0,0
5196,know|predictor,0,0
5197,know|predicts,0,0
5198,know|probabilities,0,0
5199,know|probability,0,0
5200,know|produces,0,0
5201,know|prompt,0,0
5202,know|reason,0,0
5203,know|reduces,0,0
5204,know|relevant,0,0
5205,know|repeated,0,0
5206,know|represents,0,0
5207,know|scales,0,0
5208,know|shifts,0,0
5209,know|slows,0,0
5210,know|statistical,0,0
5211,know|stops,0,0
5212,know|sum,0,0
5213,know|sums,0,0
5214,know|text,0,0
5215,know|the,0,0
5216,know|to,0,0
5217,know|token,0,0
5218,know|tokens,0,0
5219,know|trained,0,0
5220,know|training,0,0
5221,know|truth,4.3550,-0.0369
5222,know|understand,0,0
5223,know|understanding,0,0
5224,know|unit,0,0
5225,know|updated,0,0
5226,know|updates,0,0
5227,know|using,0,0
5228,know|vector,0,0
5229,know|weight,0,0
5230,know|weighted,0,0
5231,know|weighting,0,0
5232,know|what,0,0
5233,know|when,0,0
5234,know|word,0,0
5235,know|zero,0,0
5236,language|a,0,0
5237,language|adjusts,0,0
5238,language|an,0,0
5239,language|and,0,0
5240,language|applies,0,0
5241,language|attention,0,0
5242,language|be,0,0
5243,language|between,0,0
5244,language|bias,0,0
5245,language|by,0,0
5246,language|can,0,0
5247,language|change,0,0
5248,language|chosen,0,0
5249,language|collection,0,0
5250,language|conditions,0,0
5251,language|corpus,0,0
5252,language|create,0,0
5253,language|data,0,0
5254,language|descent,0,0
5255,language|determines,0,0
5256,language|does,0,0
5257,language|during,0,0
5258,language|embedding,0,0
5259,language|emphasizes,0,0
5260,language|error,0,0
5261,language|fact,0,0
5262,language|fit,0,0
5263,language|from,0,0
5264,language|function,0,0
5265,language|functions,0,0
5266,language|gradient,0,0
5267,language|gradients,0,0
5268,language|has,0,0
5269,language|helps,0,0
5270,language|improvement,0,0
5271,language|in,0,0
5272,language|inference,0,0
5273,language|input,0,0
5274,language|inputs,0,0
5275,language|instruct,0,0
5276,language|intent,0,0
5277,language|is,0,0
5278,language|itself,0,0
5279,language|know,0,0
5280,language|language,0,0
5281,language|large,0,0
5282,language|learn,0,0
5283,language|learned,0,0
5284,language|likelihood,0,0
5285,language|maps,0,0
5286,language|mathematical,0,0
5287,language|meaning,0,0
5288,language|mechanism,0,0
5289,language|method,0,0
5290,language|minimization,0,0
5291,language|model,-0.1470,-0.1470
5292,language|network,0,0
5293,language|neural,0,0
5294,language|next,0,0
5295,language|no,0,0
5296,language|nonlinear,0,0
5297,language|not,0,0
5298,language|number,0,0
5299,language|numeric,0,0
5300,language|of,0,0
5301,language|offset,0,0
5302,language|on,0,0
5303,language|one,0,0
5304,language|optimization,0,0
5305,language|output,0,0
5306,language|outputs,0,0
5307,language|over,0,0
5308,language|parameter,0,0
5309,language|parameters,0,0
5310,language|part,0,0
5311,language|patterns,0,0
5312,language|people,0,0
5313,language|predicted,0,0
5314,language|prediction,0,0
5315,language|predictor,0,0
5316,language|predicts,0,0
5317,language|probabilities,0,0
5318,language|probability,0,0
5319,language|produces,0,0
5320,language|prompt,0,0
5321,language|reason,0,0
5322,language|reduces,0,0
5323,language|relevant,0,0
5324,language|repeated,0,0
5325,language|represents,0,0
5326,language|scales,0,0
5327,language|shifts,0,0
5328,language|slows,0,0
5329,language|statistical,0,0
5330,language|stops,0,0
5331,language|sum,0,0
5332,language|sums,0,0
5333,language|text,0,0
5334,language|the,0,0
5335,language|to,0,0
5336,language|token,0,0
5337,language|tokens,0,0
5338,language|trained,0,0
5339,language|training,0,0
5340,language|truth,0,0
5341,language|understand,0,0
5342,language|understanding,0,0
5343,language|unit,0,0
5344,language|updated,0,0
5345,language|updates,0,0
5346,language|using,0,0
5347,language|vector,0,0
5348,language|weight,0,0
5349,language|weighted,0,0
5350,language|weighting,0,0
5351,language|what,0,0
5352,language|when,0,0
5353,language|word,0,0
5354,language|zero,0,0
5355,large|a,0,0
5356,large|adjusts,0,0
5357,large|an,0,0
5358,large|and,0,0
5359,large|applies,0,0
5360,large|attention,0,0
5361,large|be,0,0
5362,large|between,0,0
5363,large|bias,0,0
5364,large|by,0,0
5365,large|can,0,0
5366,large|change,0,0
5367,large|chosen,0,0
5368,large|collection,0,0
5369,large|conditions,0,0
5370,large|corpus,0,0
5371,large|create,0,0
5372,large|data,0,0
5373,large|descent,0,0
5374,large|determines,0,0
5375,large|does,0,0
5376,large|during,0,0
5377,large|embedding,0,0
5378,large|emphasizes,0,0
5379,large|error,0,0
5380,large|fact,0,0
5381,large|fit,0,0
5382,large|from,0,0
5383,large|function,0,0
5384,large|functions,0,0
5385,large|gradient,0,0
5386,large|gradients,0,0
5387,large|has,0,0
5388,large|helps,0,0
5389,large|improvement,0,0
5390,large|in,0,0
5391,large|inference,0,0
5392,large|input,0,0
5393,large|inputs,0,0
5394,large|instruct,0,0
5395,large|intent,0,0
5396,large|is,0,0
5397,large|itself,0,0
5398,large|know,0,0
5399,large|language,-0.0579,-0.0579
5400,large|large,0,0
5401,large|learn,0,0
5402,large|learned,0,0
5403,large|likelihood,0,0
5404,large|maps,0,0
5405,large|mathematical,0,0
5406,large|meaning,0,0
5407,large|mechanism,0,0
5408,large|method,0,0
5409,large|minimization,0,0
5410,large|model,0,0
5411,large|network,0,0
5412,large|neural,0,0
5413,large|next,0,0
5414,large|no,0,0
5415,large|nonlinear,0,0
5416,large|not,0,0
5417,large|number,0,0
5418,large|numeric,0,0
5419,large|of,0,0
5420,large|offset,0,0
5421,large|on,0,0
5422,large|one,0,0
5423,large|optimization,0,0
5424,large|output,0,0
5425,large|outputs,0,0
5426,large|over,0,0
5427,large|parameter,0,0
5428,large|parameters,0,0
5429,large|part,0,0
5430,large|patterns,0,0
5431,large|people,0,0
5432,large|predicted,0,0
5433,large|prediction,0,0
5434,large|predictor,0,0
5435,large|predicts,0,0
5436,large|probabilities,0,0
5437,large|probability,0,0
5438,large|produces,0,0
5439,large|prompt,0,0
5440,large|reason,0,0
5441,large|reduces,0,0
5442,large|relevant,0,0
5443,large|repeated,0,0
5444,large|represents,0,0
5445,large|scales,0,0
5446,large|shifts,0,0
5447,large|slows,0,0
5448,large|statistical,0,0
5449,large|stops,0,0
5450,large|sum,0,0
5451,large|sums,0,0
5452,large|text,0,0
5453,large|the,0,0
5454,large|to,0,0
5455,large|token,0,0
5456,large|tokens,0,0
5457,large|trained,0,0
5458,large|training,0,0
5459,large|truth,0,0
5460,large|understand,0,0
5461,large|understanding,0,0
5462,large|unit,0,0
5463,large|updated,0,0
5464,large|updates,0,0
5465,large|using,0,0
5466,large|vector,0,0
5467,large|weight,0,0
5468,large|weighted,0,0
5469,large|weighting,0,0
5470,large|what,0,0
5471,large|when,0,0
5472,large|word,0,0
5473,large|zero,0,0
5474,learn|a,0,0
5475,learn|adjusts,0,0
5476,learn|an,0,0
5477,learn|and,0,0
5478,learn|applies,0,0
5479,learn|attention,0,0
5480,learn|be,0,0
5481,learn|between,0,0
5482,learn|bias,0,0
5483,learn|by,0,0
5484,learn|can,0,0
5485,learn|change,0,0
5486,learn|chosen,0,0
5487,learn|collection,0,0
5488,learn|conditions,0,0
5489,learn|corpus,0,0
5490,learn|create,0,0
5491,learn|data,0,0
5492,learn|descent,0,0
5493,learn|determines,0,0
5494,learn|does,0,0
5495,learn|during,0,0
5496,learn|embedding,0,0
5497,learn|emphasizes,0,0
5498,learn|error,0,0
5499,learn|fact,0,0
5500,learn|fit,0,0
5501,learn|from,0,0
5502,learn|function,0,0
5503,learn|functions,0,0
5504,learn|gradient,0,0
5505,learn|gradients,0,0
5506,learn|has,0,0
5507,learn|helps,0,0
5508,learn|improvement,0,0
5509,learn|in,0,0
5510,learn|inference,0,0
5511,learn|input,0,0
5512,learn|inputs,0,0
5513,learn|instruct,0,0
5514,learn|intent,0,0
5515,learn|is,0,0
5516,learn|itself,0,0
5517,learn|know,0,0
5518,learn|language,0,0
5519,learn|large,0,0
5520,learn|learn,0,0
5521,learn|learned,0,0
5522,learn|likelihood,0,0
5523,learn|maps,0,0
5524,learn|mathematical,0,0
5525,learn|meaning,0,0
5526,learn|mechanism,0,0
5527,learn|method,0,0
5528,learn|minimization,0,0
5529,learn|model,0,0
5530,learn|network,0,0
5531,learn|neural,0,0
5532,learn|next,0,0
5533,learn|no,0,0
5534,learn|nonlinear,0,0
5535,learn|not,0,0
5536,learn|number,0,0
5537,learn|numeric,0,0
5538,learn|of,0,0
5539,learn|offset,0,0
5540,learn|on,0,0
5541,learn|one,0,0
5542,learn|optimization,0,0
5543,learn|output,0,0
5544,learn|outputs,0,0
5545,learn|over,0,0
5546,learn|parameter,0,0
5547,learn|parameters,0,0
5548,learn|part,0,0
5549,learn|patterns,0,0
5550,learn|people,0,0
5551,learn|predicted,0,0
5552,learn|prediction,0,0
5553,learn|predictor,0,0
5554,learn|predicts,0,0
5555,learn|probabilities,0,0
5556,learn|probability,0,0
5557,learn|produces,0,0
5558,learn|prompt,0,0
5559,learn|reason,0,0
5560,learn|reduces,0,0
5561,learn|relevant,0,0
5562,learn|repeated,0,0
5563,learn|represents,0,0
5564,learn|scales,0,0
5565,learn|shifts,0,0
5566,learn|slows,0,0
5567,learn|statistical,0,0
5568,learn|stops,0,0
5569,learn|sum,0,0
5570,learn|sums,0,0
5571,learn|text,0,0
5572,learn|the,0,0
5573,learn|to,0,0
5574,learn|token,0,0
5575,learn|tokens,0,0
5576,learn|trained,0,0
5577,learn|training,-0.0369,-0.0369
5578,learn|truth,0,0
5579,learn|understand,0,0
5580,learn|understanding,0,0
5581,learn|unit,0,0
5582,learn|updated,0,0
5583,learn|updates,0,0
5584,learn|using,0,0
5585,learn|vector,0,0
5586,learn|weight,0,0
5587,learn|weighted,0,0
5588,learn|weighting,0,0
5589,learn|what,0,0
5590,learn|when,0,0
5591,learn|word,0,0
5592,learn|zero,0,0
5593,learned|a,0,0
5594,learned|adjusts,0,0
5595,learned|an,0,0
5596,learned|and,0,0
5597,learned|applies,0,0
5598,learned|attention,0,0
5599,learned|be,0,0
5600,learned|between,0,0
5601,learned|bias,0,0
5602,learned|by,0,0
5603,learned|can,0,0
5604,learned|change,0,0
5605,learned|chosen,0,0
5606,learned|collection,0,0
5607,learned|conditions,0,0
5608,learned|corpus,0,0
5609,learned|create,0,0
5610,learned|data,0,0
5611,learned|descent,0,0
5612,learned|determines,0,0
5613,learned|does,0,0
5614,learned|during,-0.0369,-0.0369
5615,learned|embedding,0,0
5616,learned|emphasizes,0,0
5617,learned|error,0,0
5618,learned|fact,0,0
5619,learned|fit,0,0
5620,learned|from,0,0
5621,learned|function,0,0
5622,learned|functions,0,0
5623,learned|gradient,0,0
5624,learned|gradients,0,0
5625,learned|has,0,0
5626,learned|helps,0,0
5627,learned|improvement,0,0
5628,learned|in,0,0
5629,learned|inference,0,0
5630,learned|input,0,0
5631,learned|inputs,0,0
5632,learned|instruct,0,0
5633,learned|intent,0,0
5634,learned|is,0,0
5635,learned|itself,0,0
5636,learned|know,0,0
5637,learned|language,0,0
5638,learned|large,0,0
5639,learned|learn,0,0
5640,learned|learned,0,0
5641,learned|likelihood,0,0
5642,learned|maps,0,0
5643,learned|mathematical,0,0
5644,learned|meaning,0,0
5645,learned|mechanism,0,0
5646,learned|method,0,0
5647,learned|minimization,0,0
5648,learned|model,0,0
5649,learned|network,0,0
5650,learned|neural,0,0
5651,learned|next,0,0
5652,learned|no,0,0
5653,learned|nonlinear,0,0
5654,learned|not,0,0
5655,learned|number,0,0
5656,learned|numeric,0,0
5657,learned|of,0,0
5658,learned|offset,0,0
5659,learned|on,0,0
5660,learned|one,0,0
5661,learned|optimization,0,0
5662,learned|output,0,0
5663,learned|outputs,0,0
5664,learned|over,0,0
5665,learned|parameter,0,0
5666,learned|parameters,0,0
5667,learned|part,0,0
5668,learned|patterns,0,0
5669,learned|people,0,0
5670,learned|predicted,0,0
5671,learned|prediction,0,0
5672,learned|predictor,0,0
5673,learned|predicts,0,0
5674,learned|probabilities,0,0
5675,learned|probability,0,0
5676,learned|produces,0,0
5677,learned|prompt,0,0
5678,learned|reason,0,0
5679,learned|reduces,0,0
5680,learned|relevant,0,0
5681,learned|repeated,0,0
5682,learned|represents,0,0
5683,learned|scales,0,0
5684,learned|shifts,0,0
5685,learned|slows,0,0
5686,learned|statistical,0,0
5687,learned|stops,0,0
5688,learned|sum,0,0
5689,learned|sums,0,0
5690,learned|text,0,0
5691,learned|the,0,0
5692,learned|to,0,0
5693,learned|token,0,0
5694,learned|tokens,0,0
5695,learned|trained,0,0
5696,learned|training,0,0
5697,learned|truth,0,0
5698,learned|understand,0,0
5699,learned|understanding,0,0
5700,learned|unit,0,0
5701,learned|updated,0,0
5702,learned|updates,0,0
5703,learned|using,0,0
5704,learned|vector,0,0
5705,learned|weight,0,0
5706,learned|weighted,0,0
5707,learned|weighting,0,0
5708,learned|what,0,0
5709,learned|when,0,0
5710,learned|word,0,0
5711,learned|zero,0,0
5712,likelihood|a,0,0
5713,likelihood|adjusts,0,0
5714,likelihood|an,0,0
5715,likelihood|and,0,0
5716,likelihood|applies,0,0
5717,likelihood|attention,0,0
5718,likelihood|be,0,0
5719,likelihood|between,0,0
5720,likelihood|bias,0,0
5721,likelihood|by,0,0
5722,likelihood|can,0,0
5723,likelihood|change,0,0
5724,likelihood|chosen,0,0
5725,likelihood|collection,0,0
5726,likelihood|conditions,0,0
5727,likelihood|corpus,0,0
5728,likelihood|create,0,0
5729,likelihood|data,0,0
5730,likelihood|descent,0,0
5731,likelihood|determines,0,0
5732,likelihood|does,0,0
5733,likelihood|during,0,0
5734,likelihood|embedding,0,0
5735,likelihood|emphasizes,0,0
5736,likelihood|error,0,0
5737,likelihood|fact,0,0
5738,likelihood|fit,0,0
5739,likelihood|from,0,0
5740,likelihood|function,0,0
5741,likelihood|functions,0,0
5742,likelihood|gradient,0,0
5743,likelihood|gradients,0,0
5744,likelihood|has,0,0
5745,likelihood|helps,0,0
5746,likelihood|improvement,0,0
5747,likelihood|in,0,0
5748,likelihood|inference,0,0
5749,likelihood|input,0,0
5750,likelihood|inputs,0,0
5751,likelihood|instruct,0,0
5752,likelihood|intent,0,0
5753,likelihood|is,0,0
5754,likelihood|itself,0,0
5755,likelihood|know,0,0
5756,likelihood|language,0,0
5757,likelihood|large,0,0
5758,likelihood|learn,0,0
5759,likelihood|learned,0,0
5760,likelihood|likelihood,0,0
5761,likelihood|maps,0,0
5762,likelihood|mathematical,0,0
5763,likelihood|meaning,0,0
5764,likelihood|mechanism,0,0
5765,likelihood|method,0,0
5766,likelihood|minimization,0,0
5767,likelihood|model,0,0
5768,likelihood|network,0,0
5769,likelihood|neural,0,0
5770,likelihood|next,0,0
5771,likelihood|no,0,0
5772,likelihood|nonlinear,0,0
5773,likelihood|not,0,0
5774,likelihood|number,0,0
5775,likelihood|numeric,0,0
5776,likelihood|of,0,0
5777,likelihood|offset,0,0
5778,likelihood|on,0,0
5779,likelihood|one,0,0
5780,likelihood|optimization,0,0
5781,likelihood|output,0,0
5782,likelihood|outputs,0,0
5783,likelihood|over,0,0
5784,likelihood|parameter,0,0
5785,likelihood|parameters,0,0
5786,likelihood|part,0,0
5787,likelihood|patterns,0,0
5788,likelihood|people,0,0
5789,likelihood|predicted,0,0
5790,likelihood|prediction,0,0
5791,likelihood|predictor,0,0
5792,likelihood|predicts,0,0
5793,likelihood|probabilities,-0.0369,-0.0369
5794,likelihood|probability,0,0
5795,likelihood|produces,0,0
5796,likelihood|prompt,0,0
5797,likelihood|reason,0,0
5798,likelihood|reduces,0,0
5799,likelihood|relevant,0,0
5800,likelihood|repeated,0,0
5801,likelihood|represents,0,0
5802,likelihood|scales,0,0
5803,likelihood|shifts,0,0
5804,likelihood|slows,0,0
5805,likelihood|statistical,0,0
5806,likelihood|stops,0,0
5807,likelihood|sum,0,0
5808,likelihood|sums,0,0
5809,likelihood|text,0,0
5810,likelihood|the,0,0
5811,likelihood|to,0,0
5812,likelihood|token,0,0
5813,likelihood|tokens,0,0
5814,likelihood|trained,0,0
5815,likelihood|training,0,0
5816,likelihood|truth,0,0
5817,likelihood|understand,0,0
5818,likelihood|understanding,0,0
5819,likelihood|unit,0,0
5820,likelihood|updated,0,0
5821,likelihood|updates,0,0
5822,likelihood|using,0,0
5823,likelihood|vector,0,0
5824,likelihood|weight,0,0
5825,likelihood|weighted,0,0
5826,likelihood|weighting,0,0
5827,likelihood|what,0,0
5828,likelihood|when,0,0
5829,likelihood|word,0,0
5830,likelihood|zero,0,0
5831,maps|a,0,0
5832,maps|adjusts,0,0
5833,maps|an,0,0
5834,maps|and,0,0
5835,maps|applies,0,0
5836,maps|attention,0,0
5837,maps|be,0,0
5838,maps|between,0,0
5839,maps|bias,0,0
5840,maps|by,0,0
5841,maps|can,0,0
5842,maps|change,0,0
5843,maps|chosen,0,0
5844,maps|collection,0,0
5845,maps|conditions,0,0
5846,maps|corpus,0,0
5847,maps|create,0,0
5848,maps|data,0,0
5849,maps|descent,0,0
5850,maps|determines,0,0
5851,maps|does,0,0
5852,maps|during,0,0
5853,maps|embedding,0,0
5854,maps|emphasizes,0,0
5855,maps|error,0,0
5856,maps|fact,0,0
5857,maps|fit,0,0
5858,maps|from,0,0
5859,maps|function,0,0
5860,maps|functions,0,0
5861,maps|gradient,0,0
5862,maps|gradients,0,0
5863,maps|has,0,0
5864,maps|helps,0,0
5865,maps|improvement,0,0
5866,maps|in,0,0
5867,maps|inference,0,0
5868,maps|input,0,0
5869,maps|inputs,-0.0369,-0.0369
5870,maps|instruct,0,0
5871,maps|intent,0,0
5872,maps|is,0,0
5873,maps|itself,0,0
5874,maps|know,0,0
5875,maps|language,0,0
5876,maps|large,0,0
5877,maps|learn,0,0
5878,maps|learned,0,0
5879,maps|likelihood,0,0
5880,maps|maps,0,0
5881,maps|mathematical,0,0
5882,maps|meaning,0,0
5883,maps|mechanism,0,0
5884,maps|method,0,0
5885,maps|minimization,0,0
5886,maps|model,0,0
5887,maps|network,0,0
5888,maps|neural,0,0
5889,maps|next,0,0
5890,maps|no,0,0
5891,maps|nonlinear,0,0
5892,maps|not,0,0
5893,maps|number,0,0
5894,maps|numeric,0,0
5895,maps|of,0,0
5896,maps|offset,0,0
5897,maps|on,0,0
5898,maps|one,0,0
5899,maps|optimization,0,0
5900,maps|output,0,0
5901,maps|outputs,0,0
5902,maps|over,0,0
5903,maps|parameter,0,0
5904,maps|parameters,0,0
5905,maps|part,0,0
5906,maps|patterns,0,0
5907,maps|people,0,0
5908,maps|predicted,0,0
5909,maps|prediction,0,0
5910,maps|predictor,0,0
5911,maps|predicts,0,0
5912,maps|probabilities,0,0
5913,maps|probability,0,0
5914,maps|produces,0,0
5915,maps|prompt,0,0
5916,maps|reason,0,0
5917,maps|reduces,0,0
5918,maps|relevant,0,0
5919,maps|repeated,0,0
5920,maps|represents,0,0
5921,maps|scales,0,0
5922,maps|shifts,0,0
5923,maps|slows,0,0
5924,maps|statistical,0,0
5925,maps|stops,0,0
5926,maps|sum,0,0
5927,maps|sums,0,0
5928,maps|text,0,0
5929,maps|the,0,0
5930,maps|to,0,0
5931,maps|token,0,0
5932,maps|tokens,0,0
5933,maps|trained,0,0
5934,maps|training,0,0
5935,maps|truth,0,0
5936,maps|understand,0,0
5937,maps|understanding,0,0
5938,maps|unit,0,0
5939,maps|updated,0,0
5940,maps|updates,0,0
5941,maps|using,0,0
5942,maps|vector,0,0
5943,maps|weight,0,0
5944,maps|weighted,0,0
5945,maps|weighting,0,0
5946,maps|what,0,0
5947,maps|when,0,0
5948,maps|word,0,0
5949,maps|zero,0,0
5950,mathematical|a,0,0
5951,mathematical|adjusts,0,0
5952,mathematical|an,0,0
5953,mathematical|and,0,0
5954,mathematical|applies,0,0
5955,mathematical|attention,0,0
5956,mathematical|be,0,0
5957,mathematical|between,0,0
5958,mathematical|bias,0,0
5959,mathematical|by,0,0
5960,mathematical|can,0,0
5961,mathematical|change,0,0
5962,mathematical|chosen,0,0
5963,mathematical|collection,0,0
5964,mathematical|conditions,0,0
5965,mathematical|corpus,0,0
5966,mathematical|create,0,0
5967,mathematical|data,0,0
5968,mathematical|descent,0,0
5969,mathematical|determines,0,0
5970,mathematical|does,0,0
5971,mathematical|during,0,0
5972,mathematical|embedding,0,0
5973,mathematical|emphasizes,0,0
5974,mathematical|error,0,0
5975,mathematical|fact,0,0
5976,mathematical|fit,0,0
5977,mathematical|from,0,0
5978,mathematical|function,4.3550,-0.0369
5979,mathematical|functions,0,0
5980,mathematical|gradient,0,0
5981,mathematical|gradients,0,0
5982,mathematical|has,0,0
5983,mathematical|helps,0,0
5984,mathematical|improvement,0,0
5985,mathematical|in,0,0
5986,mathematical|inference,0,0
5987,mathematical|input,0,0
5988,mathematical|inputs,0,0
5989,mathematical|instruct,0,0
5990,mathematical|intent,0,0
5991,mathematical|is,0,0
5992,mathematical|itself,0,0
5993,mathematical|know,0,0
5994,mathematical|language,0,0
5995,mathematical|large,0,0
5996,mathematical|learn,0,0
5997,mathematical|learned,0,0
5998,mathematical|likelihood,0,0
5999,mathematical|maps,0,0
6000,mathematical|mathematical,0,0
6001,mathematical|meaning,0,0
6002,mathematical|mechanism,0,0
6003,mathematical|method,0,0
6004,mathematical|minimization,0,0
6005,mathematical|model,0,0
6006,mathematical|network,0,0
6007,mathematical|neural,0,0
6008,mathematical|next,0,0
6009,mathematical|no,0,0
6010,mathematical|nonlinear,0,0
6011,mathematical|not,0,0
6012,mathematical|number,0,0
6013,mathematical|numeric,0,0
6014,mathematical|of,0,0
6015,mathematical|offset,0,0
6016,mathematical|on,0,0
6017,mathematical|one,0,0
6018,mathematical|optimization,0,0
6019,mathematical|output,0,0
6020,mathematical|outputs,0,0
6021,mathematical|over,0,0
6022,mathematical|parameter,0,0
6023,mathematical|parameters,0,0
6024,mathematical|part,0,0
6025,mathematical|patterns,0,0
6026,mathematical|people,0,0
6027,mathematical|predicted,0,0
6028,mathematical|prediction,0,0
6029,mathematical|predictor,0,0
6030,mathematical|predicts,0,0
6031,mathematical|probabilities,0,0
6032,mathematical|probability,0,0
6033,mathematical|produces,0,0
6034,mathematical|prompt,0,0
6035,mathematical|reason,0,0
6036,mathematical|reduces,0,0
6037,mathematical|relevant,0,0
6038,mathematical|repeated,0,0
6039,mathematical|represents,0,0
6040,mathematical|scales,0,0
6041,mathematical|shifts,0,0
6042,mathematical|slows,0,0
6043,mathematical|statistical,0,0
6044,mathematical|stops,0,0
6045,mathematical|sum,0,0
6046,mathematical|sums,0,0
6047,mathematical|text,0,0
6048,mathematical|the,0,0
6049,mathematical|to,0,0
6050,mathematical|token,0,0
6051,mathematical|tokens,0,0
6052,mathematical|trained,0,0
6053,mathematical|training,0,0
6054,mathematical|truth,0,0
6055,mathematical|understand,0,0
6056,mathematical|understanding,0,0
6057,mathematical|unit,0,0
6058,mathematical|updated,0,0
6059,mathematical|updates,0,0
6060,mathematical|using,0,0
6061,mathematical|vector,0,0
6062,mathematical|weight,0,0
6063,mathematical|weighted,0,0
6064,mathematical|weighting,0,0
6065,mathematical|what,0,0
6066,mathematical|when,0,0
6067,mathematical|word,0,0
6068,mathematical|zero,0,0
6069,meaning|a,0,0
6070,meaning|adjusts,0,0
6071,meaning|an,-0.0369,-0.0369
6072,meaning|and,0,0
6073,meaning|applies,0,0
6074,meaning|attention,0,0
6075,meaning|be,0,0
6076,meaning|between,0,0
6077,meaning|bias,0,0
6078,meaning|by,-0.0369,-0.0369
6079,meaning|can,0,0
6080,meaning|change,0,0
6081,meaning|chosen,0,0
6082,meaning|collection,0,0
6083,meaning|conditions,0,0
6084,meaning|corpus,0,0
6085,meaning|create,0,0
6086,meaning|data,0,0
6087,meaning|descent,0,0
6088,meaning|determines,0,0
6089,meaning|does,0,0
6090,meaning|during,0,0
6091,meaning|embedding,0,0
6092,meaning|emphasizes,0,0
6093,meaning|error,0,0
6094,meaning|fact,0,0
6095,meaning|fit,0,0
6096,meaning|from,0,0
6097,meaning|function,0,0
6098,meaning|functions,0,0
6099,meaning|gradient,0,0
6100,meaning|gradients,0,0
6101,meaning|has,0,0
6102,meaning|helps,0,0
6103,meaning|improvement,0,0
6104,meaning|in,0,0
6105,meaning|inference,0,0
6106,meaning|input,0,0
6107,meaning|inputs,0,0
6108,meaning|instruct,0,0
6109,meaning|intent,0,0
6110,meaning|is,0,0
6111,meaning|itself,0,0
6112,meaning|know,0,0
6113,meaning|language,0,0
6114,meaning|large,0,0
6115,meaning|learn,0,0
6116,meaning|learned,0,0
6117,meaning|likelihood,0,0
6118,meaning|maps,0,0
6119,meaning|mathematical,0,0
6120,meaning|meaning,0,0
6121,meaning|mechanism,0,0
6122,meaning|method,0,0
6123,meaning|minimization,0,0
6124,meaning|model,0,0
6125,meaning|network,0,0
6126,meaning|neural,0,0
6127,meaning|next,0,0
6128,meaning|no,0,0
6129,meaning|nonlinear,0,0
6130,meaning|not,0,0
6131,meaning|number,0,0
6132,meaning|numeric,0,0
6133,meaning|of,0,0
6134,meaning|offset,0,0
6135,meaning|on,0,0
6136,meaning|one,0,0
6137,meaning|optimization,0,0
6138,meaning|output,0,0
6139,meaning|outputs,0,0
6140,meaning|over,0,0
6141,meaning|parameter,0,0
6142,meaning|parameters,0,0
6143,meaning|part,0,0
6144,meaning|patterns,0,0
6145,meaning|people,0,0
6146,meaning|predicted,0,0
6147,meaning|prediction,0,0
6148,meaning|predictor,0,0
6149,meaning|predicts,0,0
6150,meaning|probabilities,0,0
6151,meaning|probability,0,0
6152,meaning|produces,0,0
6153,meaning|prompt,0,0
6154,meaning|reason,0,0
6155,meaning|reduces,0,0
6156,meaning|relevant,0,0
6157,meaning|repeated,0,0
6158,meaning|represents,0,0
6159,meaning|scales,0,0
6160,meaning|shifts,0,0
6161,meaning|slows,0,0
6162,meaning|statistical,0,0
6163,meaning|stops,0,0
6164,meaning|sum,0,0
6165,meaning|sums,0,0
6166,meaning|text,0,0
6167,meaning|the,0,0
6168,meaning|to,0,0
6169,meaning|token,0,0
6170,meaning|tokens,0,0
6171,meaning|trained,0,0
6172,meaning|training,0,0
6173,meaning|truth,0,0
6174,meaning|understand,0,0
6175,meaning|understanding,0,0
6176,meaning|unit,0,0
6177,meaning|updated,0,0
6178,meaning|updates,0,0
6179,meaning|using,0,0
6180,meaning|vector,0,0
6181,meaning|weight,0,0
6182,meaning|weighted,0,0
6183,meaning|weighting,0,0
6184,meaning|what,0,0
6185,meaning|when,0,0
6186,meaning|word,0,0
6187,meaning|zero,0,0
6188,mechanism|a,0,0
6189,mechanism|adjusts,0,0
6190,mechanism|an,0,0
6191,mechanism|and,0,0
6192,mechanism|applies,0,0
6193,mechanism|attention,-0.0369,-0.0369
6194,mechanism|be,0,0
6195,mechanism|between,0,0
6196,mechanism|bias,0,0
6197,mechanism|by,0,0
6198,mechanism|can,0,0
6199,mechanism|change,0,0
6200,mechanism|chosen,0,0
6201,mechanism|collection,0,0
6202,mechanism|conditions,0,0
6203,mechanism|corpus,0,0
6204,mechanism|create,0,0
6205,mechanism|data,0,0
6206,mechanism|descent,0,0
6207,mechanism|determines,0,0
6208,mechanism|does,0,0
6209,mechanism|during,0,0
6210,mechanism|embedding,0,0
6211,mechanism|emphasizes,0,0
6212,mechanism|error,0,0
6213,mechanism|fact,0,0
6214,mechanism|fit,0,0
6215,mechanism|from,0,0
6216,mechanism|function,0,0
6217,mechanism|functions,0,0
6218,mechanism|gradient,0,0
6219,mechanism|gradients,0,0
6220,mechanism|has,0,0
6221,mechanism|helps,0,0
6222,mechanism|improvement,0,0
6223,mechanism|in,0,0
6224,mechanism|inference,0,0
6225,mechanism|input,0,0
6226,mechanism|inputs,0,0
6227,mechanism|instruct,0,0
6228,mechanism|intent,0,0
6229,mechanism|is,0,0
6230,mechanism|itself,0,0
6231,mechanism|know,0,0
6232,mechanism|language,0,0
6233,mechanism|large,0,0
6234,mechanism|learn,0,0
6235,mechanism|learned,0,0
6236,mechanism|likelihood,0,0
6237,mechanism|maps,0,0
6238,mechanism|mathematical,0,0
6239,mechanism|meaning,0,0
6240,mechanism|mechanism,0,0
6241,mechanism|method,0,0
6242,mechanism|minimization,0,0
6243,mechanism|model,0,0
6244,mechanism|network,0,0
6245,mechanism|neural,0,0
6246,mechanism|next,0,0
6247,mechanism|no,0,0
6248,mechanism|nonlinear,0,0
6249,mechanism|not,0,0
6250,mechanism|number,0,0
6251,mechanism|numeric,0,0
6252,mechanism|of,0,0
6253,mechanism|offset,0,0
6254,mechanism|on,0,0
6255,mechanism|one,0,0
6256,mechanism|optimization,0,0
6257,mechanism|output,0,0
6258,mechanism|outputs,0,0
6259,mechanism|over,0,0
6260,mechanism|parameter,0,0
6261,mechanism|parameters,0,0
6262,mechanism|part,0,0
6263,mechanism|patterns,0,0
6264,mechanism|people,0,0
6265,mechanism|predicted,0,0
6266,mechanism|prediction,0,0
6267,mechanism|predictor,0,0
6268,mechanism|predicts,0,0
6269,mechanism|probabilities,0,0
6270,mechanism|probability,0,0
6271,mechanism|produces,0,0
6272,mechanism|prompt,0,0
6273,mechanism|reason,0,0
6274,mechanism|reduces,0,0
6275,mechanism|relevant,0,0
6276,mechanism|repeated,0,0
6277,mechanism|represents,0,0
6278,mechanism|scales,0,0
6279,mechanism|shifts,0,0
6280,mechanism|slows,0,0
6281,mechanism|statistical,0,0
6282,mechanism|stops,0,0
6283,mechanism|sum,0,0
6284,mechanism|sums,0,0
6285,mechanism|text,0,0
6286,mechanism|the,0,0
6287,mechanism|to,0,0
6288,mechanism|token,0,0
6289,mechanism|tokens,0,0
6290,mechanism|trained,0,0
6291,mechanism|training,0,0
6292,mechanism|truth,0,0
6293,mechanism|understand,0,0
6294,mechanism|understanding,0,0
6295,mechanism|unit,0,0
6296,mechanism|updated,0,0
6297,mechanism|updates,0,0
6298,mechanism|using,0,0
6299,mechanism|vector,0,0
6300,mechanism|weight,0,0
6301,mechanism|weighted,0,0
6302,mechanism|weighting,0,0
6303,mechanism|what,0,0
6304,mechanism|when,0,0
6305,mechanism|word,0,0
6306,mechanism|zero,0,0
6307,method|a,0,0
6308,method|adjusts,0,0
6309,method|an,0,0
6310,method|and,0,0
6311,method|applies,0,0
6312,method|attention,0,0
6313,method|be,0,0
6314,method|between,0,0
6315,method|bias,0,0
6316,method|by,0,0
6317,method|can,0,0
6318,method|change,0,0
6319,method|chosen,0,0
6320,method|collection,0,0
6321,method|conditions,0,0
6322,method|corpus,0,0
6323,method|create,0,0
6324,method|data,0,0
6325,method|descent,0,0
6326,method|determines,0,0
6327,method|does,0,0
6328,method|during,0,0
6329,method|embedding,0,0
6330,method|emphasizes,0,0
6331,method|error,0,0
6332,method|fact,0,0
6333,method|fit,0,0
6334,method|from,0,0
6335,method|function,0,0
6336,method|functions,0,0
6337,method|gradient,-0.0369,-0.0369
6338,method|gradients,0,0
6339,method|has,0,0
6340,method|helps,0,0
6341,method|improvement,0,0
6342,method|in,0,0
6343,method|inference,0,0
6344,method|input,0,0
6345,method|inputs,0,0
6346,method|instruct,0,0
6347,method|intent,0,0
6348,method|is,0,0
6349,method|itself,0,0
6350,method|know,0,0
6351,method|language,0,0
6352,method|large,0,0
6353,method|learn,0,0
6354,method|learned,0,0
6355,method|likelihood,0,0
6356,method|maps,0,0
6357,method|mathematical,0,0
6358,method|meaning,0,0
6359,method|mechanism,0,0
6360,method|method,0,0
6361,method|minimization,0,0
6362,method|model,0,0
6363,method|network,0,0
6364,method|neural,0,0
6365,method|next,0,0
6366,method|no,0,0
6367,method|nonlinear,0,0
6368,method|not,0,0
6369,method|number,0,0
6370,method|numeric,0,0
6371,method|of,0,0
6372,method|offset,0,0
6373,method|on,0,0
6374,method|one,0,0
6375,method|optimization,0,0
6376,method|output,0,0
6377,method|outputs,0,0
6378,method|over,0,0
6379,method|parameter,0,0
6380,method|parameters,0,0
6381,method|part,0,0
6382,method|patterns,0,0
6383,method|people,0,0
6384,method|predicted,0,0
6385,method|prediction,0,0
6386,method|predictor,0,0
6387,method|predicts,0,0
6388,method|probabilities,0,0
6389,method|probability,0,0
6390,method|produces,0,0
6391,method|prompt,0,0
6392,method|reason,0,0
6393,method|reduces,0,0
6394,method|relevant,0,0
6395,method|repeated,0,0
6396,method|represents,0,0
6397,method|scales,0,0
6398,method|shifts,0,0
6399,method|slows,0,0
6400,method|statistical,0,0
6401,method|stops,0,0
6402,method|sum,0,0
6403,method|sums,0,0
6404,method|text,0,0
6405,method|the,0,0
6406,method|to,0,0
6407,method|token,0,0
6408,method|tokens,0,0
6409,method|trained,0,0
6410,method|training,0,0
6411,method|truth,0,0
6412,method|understand,0,0
6413,method|understanding,0,0
6414,method|unit,0,0
6415,method|updated,0,0
6416,method|updates,0,0
6417,method|using,0,0
6418,method|vector,0,0
6419,method|weight,0,0
6420,method|weighted,0,0
6421,method|weighting,0,0
6422,method|what,0,0
6423,method|when,0,0
6424,method|word,0,0
6425,method|zero,0,0
6426,minimization|a,0,0
6427,minimization|adjusts,0,0
6428,minimization|an,0,0
6429,minimization|and,0,0
6430,minimization|applies,0,0
6431,minimization|attention,0,0
6432,minimization|be,0,0
6433,minimization|between,0,0
6434,minimization|bias,0,0
6435,minimization|by,0,0
6436,minimization|can,0,0
6437,minimization|change,0,0
6438,minimization|chosen,0,0
6439,minimization|collection,0,0
6440,minimization|conditions,0,0
6441,minimization|corpus,0,0
6442,minimization|create,0,0
6443,minimization|data,0,0
6444,minimization|descent,0,0
6445,minimization|determines,0,0
6446,minimization|does,0,0
6447,minimization|during,0,0
6448,minimization|embedding,0,0
6449,minimization|emphasizes,0,0
6450,minimization|error,0,0
6451,minimization|fact,0,0
6452,minimization|fit,0,0
6453,minimization|from,0,0
6454,minimization|function,0,0
6455,minimization|functions,0,0
6456,minimization|gradient,0,0
6457,minimization|gradients,0,0
6458,minimization|has,0,0
6459,minimization|helps,0,0
6460,minimization|improvement,0,0
6461,minimization|in,0,0
6462,minimization|inference,0,0
6463,minimization|input,0,0
6464,minimization|inputs,0,0
6465,minimization|instruct,0,0
6466,minimization|intent,0,0
6467,minimization|is,0,0
6468,minimization|itself,0,0
6469,minimization|know,0,0
6470,minimization|language,0,0
6471,minimization|large,0,0
6472,minimization|learn,0,0
6473,minimization|learned,0,0
6474,minimization|likelihood,0,0
6475,minimization|maps,0,0
6476,minimization|mathematical,0,0
6477,minimization|meaning,0,0
6478,minimization|mechanism,0,0
6479,minimization|method,0,0
6480,minimization|minimization,0,0
6481,minimization|model,0,0
6482,minimization|network,0,0
6483,minimization|neural,0,0
6484,minimization|next,0,0
6485,minimization|no,0,0
6486,minimization|nonlinear,0,0
6487,minimization|not,0,0
6488,minimization|number,0,0
6489,minimization|numeric,0,0
6490,minimization|of,0,0
6491,minimization|offset,0,0
6492,minimization|on,0,0
6493,minimization|one,0,0
6494,minimization|optimization,0,0
6495,minimization|output,0,0
6496,minimization|outputs,0,0
6497,minimization|over,0,0
6498,minimization|parameter,0,0
6499,minimization|parameters,0,0
6500,minimization|part,0,0
6501,minimization|patterns,0,0
6502,minimization|people,0,0
6503,minimization|predicted,0,0
6504,minimization|prediction,0,0
6505,minimization|predictor,0,0
6506,minimization|predicts,0,0
6507,minimization|probabilities,0,0
6508,minimization|probability,0,0
6509,minimization|produces,0,0
6510,minimization|prompt,0,0
6511,minimization|reason,0,0
6512,minimization|reduces,0,0
6513,minimization|relevant,0,0
6514,minimization|repeated,0,0
6515,minimization|represents,0,0
6516,minimization|scales,0,0
6517,minimization|shifts,0,0
6518,minimization|slows,0,0
6519,minimization|statistical,0,0
6520,minimization|stops,0,0
6521,minimization|sum,0,0
6522,minimization|sums,0,0
6523,minimization|text,0,0
6524,minimization|the,0,0
6525,minimization|to,0,0
6526,minimization|token,0,0
6527,minimization|tokens,0,0
6528,minimization|trained,0,0
6529,minimization|training,-0.0369,4.3550
6530,minimization|truth,0,0
6531,minimization|understand,0,0
6532,minimization|understanding,0,0
6533,minimization|unit,0,0
6534,minimization|updated,0,0
6535,minimization|updates,0,0
6536,minimization|using,0,0
6537,minimization|vector,0,0
6538,minimization|weight,0,0
6539,minimization|weighted,0,0
6540,minimization|weighting,0,0
6541,minimization|what,0,0
6542,minimization|when,0,0
6543,minimization|word,0,0
6544,minimization|zero,0,0
6545,model|a,0,0
6546,model|adjusts,0,0
6547,model|an,0,0
6548,model|and,0,0
6549,model|applies,0,0
6550,model|attention,0,0
6551,model|be,0,0
6552,model|between,0,0
6553,model|bias,0,0
6554,model|by,0,0
6555,model|can,-0.0369,-0.0369
6556,model|change,0,0
6557,model|chosen,0,0
6558,model|collection,0,0
6559,model|conditions,0,0
6560,model|corpus,0,0
6561,model|create,0,0
6562,model|data,0,0
6563,model|descent,0,0
6564,model|determines,0,0
6565,model|does,-0.0579,-0.0579
6566,model|during,0,0
6567,model|embedding,0,0
6568,model|emphasizes,0,0
6569,model|error,0,0
6570,model|fact,0,0
6571,model|fit,0,0
6572,model|from,0,0
6573,model|function,0,0
6574,model|functions,0,0
6575,model|gradient,0,0
6576,model|gradients,0,0
6577,model|has,0,0
6578,model|helps,0,0
6579,model|improvement,0,0
6580,model|in,0,0
6581,model|inference,-0.0369,-0.0369
6582,model|input,0,0
6583,model|inputs,0,0
6584,model|instruct,0,0
6585,model|intent,0,0
6586,model|is,5.4126,-0.0811
6587,model|itself,0,0
6588,model|know,0,0
6589,model|language,0,0
6590,model|large,0,0
6591,model|learn,0,0
6592,model|learned,0,0
6593,model|likelihood,0,0
6594,model|maps,-0.0369,-0.0369
6595,model|mathematical,0,0
6596,model|meaning,0,0
6597,model|mechanism,0,0
6598,model|method,0,0
6599,model|minimization,0,0
6600,model|model,0,0
6601,model|network,0,0
6602,model|neural,0,0
6603,model|next,0,0
6604,model|no,0,0
6605,model|nonlinear,0,0
6606,model|not,0,0
6607,model|number,0,0
6608,model|numeric,0,0
6609,model|of,0,0
6610,model|offset,0,0
6611,model|on,0,0
6612,model|one,0,0
6613,model|optimization,0,0
6614,model|output,0,0
6615,model|outputs,0,0
6616,model|over,0,0
6617,model|parameter,0,0
6618,model|parameters,0,0
6619,model|part,0,0
6620,model|patterns,0,0
6621,model|people,0,0
6622,model|predicted,0,0
6623,model|prediction,0,0
6624,model|predictor,0,0
6625,model|predicts,-0.0369,-0.0369
6626,model|probabilities,0,0
6627,model|probability,0,0
6628,model|produces,-0.0369,-0.0369
6629,model|prompt,0,0
6630,model|reason,0,0
6631,model|reduces,0,0
6632,model|relevant,0,0
6633,model|repeated,0,0
6634,model|represents,0,0
6635,model|scales,0,0
6636,model|shifts,0,0
6637,model|slows,0,0
6638,model|statistical,0,0
6639,model|stops,0,0
6640,model|sum,0,0
6641,model|sums,0,0
6642,model|text,0,0
6643,model|the,0,0
6644,model|to,0,0
6645,model|token,0,0
6646,model|tokens,0,0
6647,model|trained,0,0
6648,model|training,0,0
6649,model|truth,0,0
6650,model|understand,0,0
6651,model|understanding,0,0
6652,model|unit,0,0
6653,model|updated,0,0
6654,model|updates,0,0
6655,model|using,0,0
6656,model|vector,0,0
6657,model|weight,0,0
6658,model|weighted,0,0
6659,model|weighting,0,0
6660,model|what,0,0
6661,model|when,0,0
6662,model|word,0,0
6663,model|zero,0,0
6664,network|a,0,0
6665,network|adjusts,0,0
6666,network|an,0,0
6667,network|and,0,0
6668,network|applies,-0.0369,-0.0369
6669,network|attention,0,0
6670,network|be,0,0
6671,network|between,0,0
6672,network|bias,0,0
6673,network|by,0,0
6674,network|can,0,0
6675,network|change,0,0
6676,network|chosen,0,0
6677,network|collection,0,0
6678,network|conditions,0,0
6679,network|corpus,0,0
6680,network|create,0,0
6681,network|data,0,0
6682,network|descent,0,0
6683,network|determines,0,0
6684,network|does,0,0
6685,network|during,0,0
6686,network|embedding,0,0
6687,network|emphasizes,0,0
6688,network|error,0,0
6689,network|fact,0,0
6690,network|fit,0,0
6691,network|from,0,0
6692,network|function,0,0
6693,network|functions,0,0
6694,network|gradient,0,0
6695,network|gradients,0,0
6696,network|has,0,0
6697,network|helps,0,0
6698,network|improvement,0,0
6699,network|in,0,0
6700,network|inference,0,0
6701,network|input,0,0
6702,network|inputs,0,0
6703,network|instruct,0,0
6704,network|intent,0,0
6705,network|is,4.0094,-0.0688
6706,network|itself,0,0
6707,network|know,0,0
6708,network|language,0,0
6709,network|large,0,0
6710,network|learn,0,0
6711,network|learned,0,0
6712,network|likelihood,0,0
6713,network|maps,0,0
6714,network|mathematical,0,0
6715,network|meaning,0,0
6716,network|mechanism,0,0
6717,network|method,0,0
6718,network|minimization,0,0
6719,network|model,0,0
6720,network|network,0,0
6721,network|neural,0,0
6722,network|next,0,0
6723,network|no,0,0
6724,network|nonlinear,0,0
6725,network|not,0,0
6726,network|number,0,0
6727,network|numeric,0,0
6728,network|of,0,0
6729,network|offset,0,0
6730,network|on,0,0
6731,network|one,0,0
6732,network|optimization,0,0
6733,network|output,0,0
6734,network|outputs,0,0
6735,network|over,0,0
6736,network|parameter,0,0
6737,network|parameters,0,0
6738,network|part,0,0
6739,network|patterns,0,0
6740,network|people,0,0
6741,network|predicted,0,0
6742,network|prediction,0,0
6743,network|predictor,0,0
6744,network|predicts,0,0
6745,network|probabilities,0,0
6746,network|probability,0,0
6747,network|produces,0,0
6748,network|prompt,0,0
6749,network|reason,0,0
6750,network|reduces,0,0
6751,network|relevant,0,0
6752,network|repeated,0,0
6753,network|represents,0,0
6754,network|scales,0,0
6755,network|shifts,0,0
6756,network|slows,0,0
6757,network|statistical,0,0
6758,network|stops,0,0
6759,network|sum,0,0
6760,network|sums,0,0
6761,network|text,0,0
6762,network|the,0,0
6763,network|to,0,0
6764,network|token,0,0
6765,network|tokens,0,0
6766,network|trained,0,0
6767,network|training,0,0
6768,network|truth,0,0
6769,network|understand,0,0
6770,network|understanding,0,0
6771,network|unit,0,0
6772,network|updated,0,0
6773,network|updates,0,0
6774,network|using,0,0
6775,network|vector,0,0
6776,network|weight,0,0
6777,network|weighted,0,0
6778,network|weighting,0,0
6779,network|what,0,0
6780,network|when,0,0
6781,network|word,0,0
6782,network|zero,0,0
6783,neural|a,0,0
6784,neural|adjusts,0,0
6785,neural|an,0,0
6786,neural|and,0,0
6787,neural|applies,0,0
6788,neural|attention,0,0
6789,neural|be,0,0
6790,neural|between,0,0
6791,neural|bias,0,0
6792,neural|by,0,0
6793,neural|can,0,0
6794,neural|change,0,0
6795,neural|chosen,0,0
6796,neural|collection,0,0
6797,neural|conditions,0,0
6798,neural|corpus,0,0
6799,neural|create,0,0
6800,neural|data,0,0
6801,neural|descent,0,0
6802,neural|determines,0,0
6803,neural|does,0,0
6804,neural|during,0,0
6805,neural|embedding,0,0
6806,neural|emphasizes,0,0
6807,neural|error,0,0
6808,neural|fact,0,0
6809,neural|fit,0,0
6810,neural|from,0,0
6811,neural|function,0,0
6812,neural|functions,0,0
6813,neural|gradient,0,0
6814,neural|gradients,0,0
6815,neural|has,0,0
6816,neural|helps,0,0
6817,neural|improvement,0,0
6818,neural|in,0,0
6819,neural|inference,0,0
6820,neural|input,0,0
6821,neural|inputs,0,0
6822,neural|instruct,0,0
6823,neural|intent,0,0
6824,neural|is,0,0
6825,neural|itself,0,0
6826,neural|know,0,0
6827,neural|language,0,0
6828,neural|large,0,0
6829,neural|learn,0,0
6830,neural|learned,0,0
6831,neural|likelihood,0,0
6832,neural|maps,0,0
6833,neural|mathematical,0,0
6834,neural|meaning,0,0
6835,neural|mechanism,0,0
6836,neural|method,0,0
6837,neural|minimization,0,0
6838,neural|model,0,0
6839,neural|network,-0.0811,-0.0811
6840,neural|neural,0,0
6841,neural|next,0,0
6842,neural|no,0,0
6843,neural|nonlinear,0,0
6844,neural|not,0,0
6845,neural|number,0,0
6846,neural|numeric,0,0
6847,neural|of,0,0
6848,neural|offset,0,0
6849,neural|on,0,0
6850,neural|one,0,0
6851,neural|optimization,0,0
6852,neural|output,0,0
6853,neural|outputs,0,0
6854,neural|over,0,0
6855,neural|parameter,0,0
6856,neural|parameters,0,0
6857,neural|part,0,0
6858,neural|patterns,0,0
6859,neural|people,0,0
6860,neural|predicted,0,0
6861,neural|prediction,0,0
6862,neural|predictor,0,0
6863,neural|predicts,0,0
6864,neural|probabilities,0,0
6865,neural|probability,0,0
6866,neural|produces,0,0
6867,neural|prompt,0,0
6868,neural|reason,0,0
6869,neural|reduces,0,0
6870,neural|relevant,0,0
6871,neural|repeated,0,0
6872,neural|represents,0,0
6873,neural|scales,0,0
6874,neural|shifts,0,0
6875,neural|slows,0,0
6876,neural|statistical,0,0
6877,neural|stops,0,0
6878,neural|sum,0,0
6879,neural|sums,0,0
6880,neural|text,0,0
6881,neural|the,0,0
6882,neural|to,0,0
6883,neural|token,0,0
6884,neural|tokens,0,0
6885,neural|trained,0,0
6886,neural|training,0,0
6887,neural|truth,0,0
6888,neural|understand,0,0
6889,neural|understanding,0,0
6890,neural|unit,0,0
6891,neural|updated,0,0
6892,neural|updates,0,0
6893,neural|using,0,0
6894,neural|vector,0,0
6895,neural|weight,0,0
6896,neural|weighted,0,0
6897,neural|weighting,0,0
6898,neural|what,0,0
6899,neural|when,0,0
6900,neural|word,0,0
6901,neural|zero,0,0
6902,next|a,0,0
6903,next|adjusts,0,0
6904,next|an,0,0
6905,next|and,0,0
6906,next|applies,0,0
6907,next|attention,0,0
6908,next|be,0,0
6909,next|between,0,0
6910,next|bias,0,0
6911,next|by,0,0
6912,next|can,0,0
6913,next|change,0,0
6914,next|chosen,0,0
6915,next|collection,0,0
6916,next|conditions,0,0
6917,next|corpus,0,0
6918,next|create,0,0
6919,next|data,0,0
6920,next|descent,0,0
6921,next|determines,0,0
6922,next|does,0,0
6923,next|during,0,0
6924,next|embedding,0,0
6925,next|emphasizes,0,0
6926,next|error,0,0
6927,next|fact,0,0
6928,next|fit,0,0
6929,next|from,0,0
6930,next|function,0,0
6931,next|functions,0,0
6932,next|gradient,0,0
6933,next|gradients,0,0
6934,next|has,0,0
6935,next|helps,0,0
6936,next|improvement,0,0
6937,next|in,0,0
6938,next|inference,0,0
6939,next|input,0,0
6940,next|inputs,0,0
6941,next|instruct,0,0
6942,next|intent,0,0
6943,next|is,0,0
6944,next|itself,0,0
6945,next|know,0,0
6946,next|language,0,0
6947,next|large,0,0
6948,next|learn,0,0
6949,next|learned,0,0
6950,next|likelihood,0,0
6951,next|maps,0,0
6952,next|mathematical,0,0
6953,next|meaning,0,0
6954,next|mechanism,0,0
6955,next|method,0,0
6956,next|minimization,0,0
6957,next|model,0,0
6958,next|network,0,0
6959,next|neural,0,0
6960,next|next,0,0
6961,next|no,0,0
6962,next|nonlinear,0,0
6963,next|not,0,0
6964,next|number,0,0
6965,next|numeric,0,0
6966,next|of,0,0
6967,next|offset,0,0
6968,next|on,0,0
6969,next|one,0,0
6970,next|optimization,0,0
6971,next|output,0,0
6972,next|outputs,0,0
6973,next|over,0,0
6974,next|parameter,0,0
6975,next|parameters,0,0
6976,next|part,0,0
6977,next|patterns,0,0
6978,next|people,0,0
6979,next|predicted,0,0
6980,next|prediction,0,0
6981,next|predictor,0,0
6982,next|predicts,0,0
6983,next|probabilities,0,0
6984,next|probability,0,0
6985,next|produces,0,0
6986,next|prompt,0,0
6987,next|reason,0,0
6988,next|reduces,0,0
6989,next|relevant,0,0
6990,next|repeated,0,0
6991,next|represents,0,0
6992,next|scales,0,0
6993,next|shifts,0,0
6994,next|slows,0,0
6995,next|statistical,0,0
6996,next|stops,0,0
6997,next|sum,0,0
6998,next|sums,0,0
6999,next|text,0,0
7000,next|the,0,0
7001,next|to,0,0
7002,next|token,-0.0369,-0.0369
7003,next|tokens,0,0
7004,next|trained,0,0
7005,next|training,0,0
7006,next|truth,0,0
7007,next|understand,0,0
7008,next|understanding,0,0
7009,next|unit,0,0
7010,next|updated,0,0
7011,next|updates,0,0
7012,next|using,0,0
7013,next|vector,0,0
7014,next|weight,0,0
7015,next|weighted,0,0
7016,next|weighting,0,0
7017,next|what,0,0
7018,next|when,0,0
7019,next|word,0,0
7020,next|zero,0,0
7021,no|a,0,0
7022,no|adjusts,0,0
7023,no|an,0,0
7024,no|and,0,0
7025,no|applies,0,0
7026,no|attention,0,0
7027,no|be,0,0
7028,no|between,0,0
7029,no|bias,0,0
7030,no|by,0,0
7031,no|can,0,0
7032,no|change,0,0
7033,no|chosen,0,0
7034,no|collection,0,0
7035,no|conditions,0,0
7036,no|corpus,0,0
7037,no|create,0,0
7038,no|data,0,0
7039,no|descent,0,0
7040,no|determines,0,0
7041,no|does,0,0
7042,no|during,0,0
7043,no|embedding,0,0
7044,no|emphasizes,0,0
7045,no|error,0,0
7046,no|fact,0,0
7047,no|fit,0,0
7048,no|from,0,0
7049,no|function,0,0
7050,no|functions,0,0
7051,no|gradient,0,0
7052,no|gradients,0,0
7053,no|has,0,0
7054,no|helps,0,0
7055,no|improvement,0,0
7056,no|in,0,0
7057,no|inference,0,0
7058,no|input,0,0
7059,no|inputs,0,0
7060,no|instruct,0,0
7061,no|intent,0,0
7062,no|is,0,0
7063,no|itself,0,0
7064,no|know,0,0
7065,no|language,0,0
7066,no|large,0,0
7067,no|learn,0,0
7068,no|learned,0,0
7069,no|likelihood,0,0
7070,no|maps,0,0
7071,no|mathematical,0,0
7072,no|meaning,-0.0369,-0.0369
7073,no|mechanism,0,0
7074,no|method,0,0
7075,no|minimization,0,0
7076,no|model,0,0
7077,no|network,0,0
7078,no|neural,0,0
7079,no|next,0,0
7080,no|no,0,0
7081,no|nonlinear,0,0
7082,no|not,0,0
7083,no|number,0,0
7084,no|numeric,0,0
7085,no|of,0,0
7086,no|offset,0,0
7087,no|on,0,0
7088,no|one,0,0
7089,no|optimization,0,0
7090,no|output,0,0
7091,no|outputs,0,0
7092,no|over,0,0
7093,no|parameter,0,0
7094,no|parameters,0,0
7095,no|part,0,0
7096,no|patterns,0,0
7097,no|people,0,0
7098,no|predicted,0,0
7099,no|prediction,0,0
7100,no|predictor,0,0
7101,no|predicts,0,0
7102,no|probabilities,0,0
7103,no|probability,0,0
7104,no|produces,0,0
7105,no|prompt,0,0
7106,no|reason,0,0
7107,no|reduces,0,0
7108,no|relevant,0,0
7109,no|repeated,0,0
7110,no|represents,0,0
7111,no|scales,0,0
7112,no|shifts,0,0
7113,no|slows,0,0
7114,no|statistical,0,0
7115,no|stops,0,0
7116,no|sum,0,0
7117,no|sums,0,0
7118,no|text,0,0
7119,no|the,0,0
7120,no|to,0,0
7121,no|token,0,0
7122,no|tokens,0,0
7123,no|trained,0,0
7124,no|training,0,0
7125,no|truth,0,0
7126,no|understand,0,0
7127,no|understanding,0,0
7128,no|unit,0,0
7129,no|updated,0,0
7130,no|updates,0,0
7131,no|using,0,0
7132,no|vector,0,0
7133,no|weight,0,0
7134,no|weighted,0,0
7135,no|weighting,0,0
7136,no|what,0,0
7137,no|when,0,0
7138,no|word,0,0
7139,no|zero,0,0
7140,nonlinear|a,0,0
7141,nonlinear|adjusts,0,0
7142,nonlinear|an,0,0
7143,nonlinear|and,0,0
7144,nonlinear|applies,0,0
7145,nonlinear|attention,0,0
7146,nonlinear|be,0,0
7147,nonlinear|between,0,0
7148,nonlinear|bias,0,0
7149,nonlinear|by,0,0
7150,nonlinear|can,0,0
7151,nonlinear|change,0,0
7152,nonlinear|chosen,0,0
7153,nonlinear|collection,0,0
7154,nonlinear|conditions,0,0
7155,nonlinear|corpus,0,0
7156,nonlinear|create,0,0
7157,nonlinear|data,0,0
7158,nonlinear|descent,0,0
7159,nonlinear|determines,0,0
7160,nonlinear|does,0,0
7161,nonlinear|during,0,0
7162,nonlinear|embedding,0,0
7163,nonlinear|emphasizes,0,0
7164,nonlinear|error,0,0
7165,nonlinear|fact,0,0
7166,nonlinear|fit,0,0
7167,nonlinear|from,0,0
7168,nonlinear|function,0,0
7169,nonlinear|functions,4.3550,-0.0369
7170,nonlinear|gradient,0,0
7171,nonlinear|gradients,0,0
7172,nonlinear|has,0,0
7173,nonlinear|helps,0,0
7174,nonlinear|improvement,0,0
7175,nonlinear|in,0,0
7176,nonlinear|inference,0,0
7177,nonlinear|input,0,0
7178,nonlinear|inputs,0,0
7179,nonlinear|instruct,0,0
7180,nonlinear|intent,0,0
7181,nonlinear|is,0,0
7182,nonlinear|itself,0,0
7183,nonlinear|know,0,0
7184,nonlinear|language,0,0
7185,nonlinear|large,0,0
7186,nonlinear|learn,0,0
7187,nonlinear|learned,0,0
7188,nonlinear|likelihood,0,0
7189,nonlinear|maps,0,0
7190,nonlinear|mathematical,0,0
7191,nonlinear|meaning,0,0
7192,nonlinear|mechanism,0,0
7193,nonlinear|method,0,0
7194,nonlinear|minimization,0,0
7195,nonlinear|model,0,0
7196,nonlinear|network,0,0
7197,nonlinear|neural,0,0
7198,nonlinear|next,0,0
7199,nonlinear|no,0,0
7200,nonlinear|nonlinear,0,0
7201,nonlinear|not,0,0
7202,nonlinear|number,0,0
7203,nonlinear|numeric,0,0
7204,nonlinear|of,0,0
7205,nonlinear|offset,0,0
7206,nonlinear|on,0,0
7207,nonlinear|one,0,0
7208,nonlinear|optimization,0,0
7209,nonlinear|output,0,0
7210,nonlinear|outputs,0,0
7211,nonlinear|over,0,0
7212,nonlinear|parameter,0,0
7213,nonlinear|parameters,0,0
7214,nonlinear|part,0,0
7215,nonlinear|patterns,0,0
7216,nonlinear|people,0,0
7217,nonlinear|predicted,0,0
7218,nonlinear|prediction,0,0
7219,nonlinear|predictor,0,0
7220,nonlinear|predicts,0,0
7221,nonlinear|probabilities,0,0
7222,nonlinear|probability,0,0
7223,nonlinear|produces,0,0
7224,nonlinear|prompt,0,0
7225,nonlinear|reason,0,0
7226,nonlinear|reduces,0,0
7227,nonlinear|relevant,0,0
7228,nonlinear|repeated,0,0
7229,nonlinear|represents,0,0
7230,nonlinear|scales,0,0
7231,nonlinear|shifts,0,0
7232,nonlinear|slows,0,0
7233,nonlinear|statistical,0,0
7234,nonlinear|stops,0,0
7235,nonlinear|sum,0,0
7236,nonlinear|sums,0,0
7237,nonlinear|text,0,0
7238,nonlinear|the,0,0
7239,nonlinear|to,0,0
7240,nonlinear|token,0,0
7241,nonlinear|tokens,0,0
7242,nonlinear|trained,0,0
7243,nonlinear|training,0,0
7244,nonlinear|truth,0,0
7245,nonlinear|understand,0,0
7246,nonlinear|understanding,0,0
7247,nonlinear|unit,0,0
7248,nonlinear|updated,0,0
7249,nonlinear|updates,0,0
7250,nonlinear|using,0,0
7251,nonlinear|vector,0,0
7252,nonlinear|weight,0,0
7253,nonlinear|weighted,0,0
7254,nonlinear|weighting,0,0
7255,nonlinear|what,0,0
7256,nonlinear|when,0,0
7257,nonlinear|word,0,0
7258,nonlinear|zero,0,0
7259,not|a,-0.0369,-0.0369
7260,not|adjusts,0,0
7261,not|an,0,0
7262,not|and,0,0
7263,not|applies,0,0
7264,not|attention,0,0
7265,not|be,0,0
7266,not|between,0,0
7267,not|bias,0,0
7268,not|by,0,0
7269,not|can,0,0
7270,not|change,-0.0369,-0.0369
7271,not|chosen,0,0
7272,not|collection,0,0
7273,not|conditions,0,0
7274,not|corpus,0,0
7275,not|create,-0.0369,-0.0369
7276,not|data,0,0
7277,not|descent,0,0
7278,not|determines,0,0
7279,not|does,0,0
7280,not|during,0,0
7281,not|embedding,0,0
7282,not|emphasizes,0,0
7283,not|error,0,0
7284,not|fact,0,0
7285,not|fit,0,0
7286,not|from,0,0
7287,not|function,0,0
7288,not|functions,0,0
7289,not|gradient,0,0
7290,not|gradients,0,0
7291,not|has,0,0
7292,not|helps,0,0
7293,not|improvement,0,0
7294,not|in,0,0
7295,not|inference,0,0
7296,not|input,0,0
7297,not|inputs,0,0
7298,not|instruct,-0.0369,-0.0369
7299,not|intent,0,0
7300,not|is,0,0
7301,not|itself,0,0
7302,not|know,-0.0369,-0.0369
7303,not|language,0,0
7304,not|large,0,0
7305,not|learn,0,0
7306,not|learned,0,0
7307,not|likelihood,0,0
7308,not|maps,0,0
7309,not|mathematical,0,0
7310,not|meaning,0,0
7311,not|mechanism,0,0
7312,not|method,0,0
7313,not|minimization,0,0
7314,not|model,0,0
7315,not|network,0,0
7316,not|neural,0,0
7317,not|next,0,0
7318,not|no,0,0
7319,not|nonlinear,0,0
7320,not|not,0,0
7321,not|number,0,0
7322,not|numeric,0,0
7323,not|of,0,0
7324,not|offset,0,0
7325,not|on,0,0
7326,not|one,0,0
7327,not|optimization,0,0
7328,not|output,0,0
7329,not|outputs,0,0
7330,not|over,0,0
7331,not|parameter,0,0
7332,not|parameters,0,0
7333,not|part,0,0
7334,not|patterns,0,0
7335,not|people,0,0
7336,not|predicted,0,0
7337,not|prediction,0,0
7338,not|predictor,0,0
7339,not|predicts,0,0
7340,not|probabilities,0,0
7341,not|probability,0,0
7342,not|produces,0,0
7343,not|prompt,0,0
7344,not|reason,4.3550,-0.0369
7345,not|reduces,0,0
7346,not|relevant,0,0
7347,not|repeated,0,0
7348,not|represents,0,0
7349,not|scales,0,0
7350,not|shifts,0,0
7351,not|slows,0,0
7352,not|statistical,0,0
7353,not|stops,0,0
7354,not|sum,0,0
7355,not|sums,0,0
7356,not|text,0,0
7357,not|the,0,0
7358,not|to,0,0
7359,not|token,0,0
7360,not|tokens,0,0
7361,not|trained,0,0
7362,not|training,0,0
7363,not|truth,0,0
7364,not|understand,-0.0369,-0.0369
7365,not|understanding,0,0
7366,not|unit,0,0
7367,not|updated,0,0
7368,not|updates,0,0
7369,not|using,0,0
7370,not|vector,0,0
7371,not|weight,0,0
7372,not|weighted,0,0
7373,not|weighting,0,0
7374,not|what,0,0
7375,not|when,0,0
7376,not|word,0,0
7377,not|zero,0,0
7378,number|a,0,0
7379,number|adjusts,0,0
7380,number|an,0,0
7381,number|and,0,0
7382,number|applies,0,0
7383,number|attention,0,0
7384,number|be,0,0
7385,number|between,-0.0369,-0.0369
7386,number|bias,0,0
7387,number|by,0,0
7388,number|can,0,0
7389,number|change,0,0
7390,number|chosen,0,0
7391,number|collection,0,0
7392,number|conditions,0,0
7393,number|corpus,0,0
7394,number|create,0,0
7395,number|data,0,0
7396,number|descent,0,0
7397,number|determines,0,0
7398,number|does,0,0
7399,number|during,0,0
7400,number|embedding,0,0
7401,number|emphasizes,0,0
7402,number|error,0,0
7403,number|fact,0,0
7404,number|fit,0,0
7405,number|from,0,0
7406,number|function,0,0
7407,number|functions,0,0
7408,number|gradient,0,0
7409,number|gradients,0,0
7410,number|has,0,0
7411,number|helps,0,0
7412,number|improvement,0,0
7413,number|in,0,0
7414,number|inference,0,0
7415,number|input,0,0
7416,number|inputs,0,0
7417,number|instruct,0,0
7418,number|intent,0,0
7419,number|is,0,0
7420,number|itself,0,0
7421,number|know,0,0
7422,number|language,0,0
7423,number|large,0,0
7424,number|learn,0,0
7425,number|learned,0,0
7426,number|likelihood,0,0
7427,number|maps,0,0
7428,number|mathematical,0,0
7429,number|meaning,0,0
7430,number|mechanism,0,0
7431,number|method,0,0
7432,number|minimization,0,0
7433,number|model,0,0
7434,number|network,0,0
7435,number|neural,0,0
7436,number|next,0,0
7437,number|no,0,0
7438,number|nonlinear,0,0
7439,number|not,0,0
7440,number|number,0,0
7441,number|numeric,0,0
7442,number|of,0,0
7443,number|offset,0,0
7444,number|on,0,0
7445,number|one,0,0
7446,number|optimization,0,0
7447,number|output,0,0
7448,number|outputs,0,0
7449,number|over,0,0
7450,number|parameter,0,0
7451,number|parameters,0,0
7452,number|part,0,0
7453,number|patterns,0,0
7454,number|people,0,0
7455,number|predicted,0,0
7456,number|prediction,0,0
7457,number|predictor,0,0
7458,number|predicts,0,0
7459,number|probabilities,0,0
7460,number|probability,0,0
7461,number|produces,0,0
7462,number|prompt,0,0
7463,number|reason,0,0
7464,number|reduces,0,0
7465,number|relevant,0,0
7466,number|repeated,0,0
7467,number|represents,0,0
7468,number|scales,0,0
7469,number|shifts,0,0
7470,number|slows,0,0
7471,number|statistical,0,0
7472,number|stops,0,0
7473,number|sum,0,0
7474,number|sums,0,0
7475,number|text,0,0
7476,number|the,0,0
7477,number|to,0,0
7478,number|token,0,0
7479,number|tokens,0,0
7480,number|trained,0,0
7481,number|training,0,0
7482,number|truth,0,0
7483,number|understand,0,0
7484,number|understanding,0,0
7485,number|unit,0,0
7486,number|updated,0,0
7487,number|updates,0,0
7488,number|using,0,0
7489,number|vector,0,0
7490,number|weight,0,0
7491,number|weighted,0,0
7492,number|weighting,0,0
7493,number|what,0,0
7494,number|when,0,0
7495,number|word,0,0
7496,number|zero,0,0
7497,numeric|a,0,0
7498,numeric|adjusts,0,0
7499,numeric|an,0,0
7500,numeric|and,0,0
7501,numeric|applies,0,0
7502,numeric|attention,0,0
7503,numeric|be,0,0
7504,numeric|between,0,0
7505,numeric|bias,0,0
7506,numeric|by,0,0
7507,numeric|can,0,0
7508,numeric|change,0,0
7509,numeric|chosen,0,0
7510,numeric|collection,0,0
7511,numeric|conditions,0,0
7512,numeric|corpus,0,0
7513,numeric|create,0,0
7514,numeric|data,0,0
7515,numeric|descent,0,0
7516,numeric|determines,0,0
7517,numeric|does,0,0
7518,numeric|during,0,0
7519,numeric|embedding,0,0
7520,numeric|emphasizes,0,0
7521,numeric|error,0,0
7522,numeric|fact,0,0
7523,numeric|fit,0,0
7524,numeric|from,0,0
7525,numeric|function,0,0
7526,numeric|functions,0,0
7527,numeric|gradient,0,0
7528,numeric|gradients,0,0
7529,numeric|has,0,0
7530,numeric|helps,0,0
7531,numeric|improvement,0,0
7532,numeric|in,0,0
7533,numeric|inference,0,0
7534,numeric|input,0,0
7535,numeric|inputs,0,0
7536,numeric|instruct,0,0
7537,numeric|intent,0,0
7538,numeric|is,0,0
7539,numeric|itself,0,0
7540,numeric|know,0,0
7541,numeric|language,0,0
7542,numeric|large,0,0
7543,numeric|learn,0,0
7544,numeric|learned,0,0
7545,numeric|likelihood,0,0
7546,numeric|maps,0,0
7547,numeric|mathematical,0,0
7548,numeric|meaning,0,0
7549,numeric|mechanism,0,0
7550,numeric|method,0,0
7551,numeric|minimization,0,0
7552,numeric|model,0,0
7553,numeric|network,0,0
7554,numeric|neural,0,0
7555,numeric|next,0,0
7556,numeric|no,0,0
7557,numeric|nonlinear,0,0
7558,numeric|not,0,0
7559,numeric|number,0,0
7560,numeric|numeric,0,0
7561,numeric|of,0,0
7562,numeric|offset,4.3550,-0.0369
7563,numeric|on,0,0
7564,numeric|one,0,0
7565,numeric|optimization,0,0
7566,numeric|output,0,0
7567,numeric|outputs,0,0
7568,numeric|over,0,0
7569,numeric|parameter,4.3550,-0.0369
7570,numeric|parameters,-0.0369,-0.0369
7571,numeric|part,0,0
7572,numeric|patterns,0,0
7573,numeric|people,0,0
7574,numeric|predicted,0,0
7575,numeric|prediction,0,0
7576,numeric|predictor,0,0
7577,numeric|predicts,0,0
7578,numeric|probabilities,0,0
7579,numeric|probability,0,0
7580,numeric|produces,0,0
7581,numeric|prompt,0,0
7582,numeric|reason,0,0
7583,numeric|reduces,0,0
7584,numeric|relevant,0,0
7585,numeric|repeated,0,0
7586,numeric|represents,0,0
7587,numeric|scales,0,0
7588,numeric|shifts,0,0
7589,numeric|slows,0,0
7590,numeric|statistical,0,0
7591,numeric|stops,0,0
7592,numeric|sum,0,0
7593,numeric|sums,0,0
7594,numeric|text,0,0
7595,numeric|the,0,0
7596,numeric|to,0,0
7597,numeric|token,0,0
7598,numeric|tokens,0,0
7599,numeric|trained,0,0
7600,numeric|training,0,0
7601,numeric|truth,0,0
7602,numeric|understand,0,0
7603,numeric|understanding,0,0
7604,numeric|unit,0,0
7605,numeric|updated,0,0
7606,numeric|updates,0,0
7607,numeric|using,0,0
7608,numeric|vector,-0.0369,-0.0369
7609,numeric|weight,0,0
7610,numeric|weighted,0,0
7611,numeric|weighting,0,0
7612,numeric|what,0,0
7613,numeric|when,0,0
7614,numeric|word,0,0
7615,numeric|zero,0,0
7616,of|a,-0.0369,-0.0369
7617,of|adjusts,0,0
7618,of|an,0,0
7619,of|and,0,0
7620,of|applies,0,0
7621,of|attention,0,0
7622,of|be,0,0
7623,of|between,0,0
7624,of|bias,0,0
7625,of|by,0,0
7626,of|can,0,0
7627,of|change,0,0
7628,of|chosen,0,0
7629,of|collection,0,0
7630,of|conditions,0,0
7631,of|corpus,0,0
7632,of|create,0,0
7633,of|data,0,0
7634,of|descent,0,0
7635,of|determines,0,0
7636,of|does,0,0
7637,of|during,0,0
7638,of|embedding,0,0
7639,of|emphasizes,0,0
7640,of|error,0,0
7641,of|fact,0,0
7642,of|fit,0,0
7643,of|from,0,0
7644,of|function,0,0
7645,of|functions,0,0
7646,of|gradient,0,0
7647,of|gradients,0,0
7648,of|has,0,0
7649,of|helps,0,0
7650,of|improvement,0,0
7651,of|in,0,0
7652,of|inference,0,0
7653,of|input,0,0
7654,of|inputs,0,0
7655,of|instruct,0,0
7656,of|intent,0,0
7657,of|is,0,0
7658,of|itself,0,0
7659,of|know,0,0
7660,of|language,0,0
7661,of|large,0,0
7662,of|learn,0,0
7663,of|learned,0,0
7664,of|likelihood,0,0
7665,of|maps,0,0
7666,of|mathematical,0,0
7667,of|meaning,0,0
7668,of|mechanism,0,0
7669,of|method,0,0
7670,of|minimization,0,0
7671,of|model,0,0
7672,of|network,0,0
7673,of|neural,0,0
7674,of|next,0,0
7675,of|no,0,0
7676,of|nonlinear,0,0
7677,of|not,0,0
7678,of|number,0,0
7679,of|numeric,0,0
7680,of|of,0,0
7681,of|offset,0,0
7682,of|on,0,0
7683,of|one,0,0
7684,of|optimization,0,0
7685,of|output,0,0
7686,of|outputs,0,0
7687,of|over,0,0
7688,of|parameter,0,0
7689,of|parameters,0,0
7690,of|part,0,0
7691,of|patterns,0,0
7692,of|people,0,0
7693,of|predicted,0,0
7694,of|prediction,0,0
7695,of|predictor,0,0
7696,of|predicts,0,0
7697,of|probabilities,0,0
7698,of|probability,0,0
7699,of|produces,0,0
7700,of|prompt,0,0
7701,of|reason,0,0
7702,of|reduces,0,0
7703,of|relevant,0,0
7704,of|repeated,0,0
7705,of|represents,0,0
7706,of|scales,0,0
7707,of|shifts,0,0
7708,of|slows,0,0
7709,of|statistical,0,0
7710,of|stops,0,0
7711,of|sum,0,0
7712,of|sums,0,0
7713,of|text,6.1087,-0.0518
7714,of|the,0,0
7715,of|to,0,0
7716,of|token,0,0
7717,of|tokens,0,0
7718,of|trained,0,0
7719,of|training,0,0
7720,of|truth,0,0
7721,of|understand,0,0
7722,of|understanding,0,0
7723,of|unit,0,0
7724,of|updated,0,0
7725,of|updates,0,0
7726,of|using,0,0
7727,of|vector,0,0
7728,of|weight,0,0
7729,of|weighted,-0.0369,-0.0369
7730,of|weighting,0,0
7731,of|what,0,0
7732,of|when,0,0
7733,of|word,0,0
7734,of|zero,0,0
7735,offset|a,-0.0369,-0.0369
7736,offset|adjusts,0,0
7737,offset|an,0,0
7738,offset|and,0,0
7739,offset|applies,0,0
7740,offset|attention,0,0
7741,offset|be,0,0
7742,offset|between,0,0
7743,offset|bias,0,0
7744,offset|by,0,0
7745,offset|can,0,0
7746,offset|change,0,0
7747,offset|chosen,0,0
7748,offset|collection,0,0
7749,offset|conditions,0,0
7750,offset|corpus,0,0
7751,offset|create,0,0
7752,offset|data,0,0
7753,offset|descent,0,0
7754,offset|determines,0,0
7755,offset|does,0,0
7756,offset|during,0,0
7757,offset|embedding,0,0
7758,offset|emphasizes,0,0
7759,offset|error,0,0
7760,offset|fact,0,0
7761,offset|fit,0,0
7762,offset|from,0,0
7763,offset|function,0,0
7764,offset|functions,0,0
7765,offset|gradient,0,0
7766,offset|gradients,0,0
7767,offset|has,0,0
7768,offset|helps,0,0
7769,offset|improvement,0,0
7770,offset|in,0,0
7771,offset|inference,0,0
7772,offset|input,0,0
7773,offset|inputs,0,0
7774,offset|instruct,0,0
7775,offset|intent,0,0
7776,offset|is,0,0
7777,offset|itself,0,0
7778,offset|know,0,0
7779,offset|language,0,0
7780,offset|large,0,0
7781,offset|learn,0,0
7782,offset|learned,0,0
7783,offset|likelihood,0,0
7784,offset|maps,0,0
7785,offset|mathematical,0,0
7786,offset|meaning,0,0
7787,offset|mechanism,0,0
7788,offset|method,0,0
7789,offset|minimization,0,0
7790,offset|model,0,0
7791,offset|network,0,0
7792,offset|neural,0,0
7793,offset|next,0,0
7794,offset|no,0,0
7795,offset|nonlinear,0,0
7796,offset|not,0,0
7797,offset|number,0,0
7798,offset|numeric,0,0
7799,offset|of,0,0
7800,offset|offset,0,0
7801,offset|on,0,0
7802,offset|one,0,0
7803,offset|optimization,0,0
7804,offset|output,0,0
7805,offset|outputs,0,0
7806,offset|over,0,0
7807,offset|parameter,0,0
7808,offset|parameters,0,0
7809,offset|part,0,0
7810,offset|patterns,0,0
7811,offset|people,0,0
7812,offset|predicted,0,0
7813,offset|prediction,0,0
7814,offset|predictor,0,0
7815,offset|predicts,0,0
7816,offset|probabilities,0,0
7817,offset|probability,0,0
7818,offset|produces,0,0
7819,offset|prompt,0,0
7820,offset|reason,0,0
7821,offset|reduces,0,0
7822,offset|relevant,0,0
7823,offset|repeated,0,0
7824,offset|represents,0,0
7825,offset|scales,0,0
7826,offset|shifts,0,0
7827,offset|slows,0,0
7828,offset|statistical,0,0
7829,offset|stops,0,0
7830,offset|sum,0,0
7831,offset|sums,0,0
7832,offset|text,0,0
7833,offset|the,0,0
7834,offset|to,0,0
7835,offset|token,0,0
7836,offset|tokens,0,0
7837,offset|trained,0,0
7838,offset|training,0,0
7839,offset|truth,0,0
7840,offset|understand,0,0
7841,offset|understanding,0,0
7842,offset|unit,0,0
7843,offset|updated,0,0
7844,offset|updates,0,0
7845,offset|using,0,0
7846,offset|vector,0,0
7847,offset|weight,0,0
7848,offset|weighted,0,0
7849,offset|weighting,0,0
7850,offset|what,0,0
7851,offset|when,0,0
7852,offset|word,0,0
7853,offset|zero,0,0
7854,on|a,0,0
7855,on|adjusts,0,0
7856,on|an,0,0
7857,on|and,0,0
7858,on|applies,0,0
7859,on|attention,0,0
7860,on|be,0,0
7861,on|between,0,0
7862,on|bias,0,0
7863,on|by,0,0
7864,on|can,0,0
7865,on|change,0,0
7866,on|chosen,0,0
7867,on|collection,0,0
7868,on|conditions,0,0
7869,on|corpus,0,0
7870,on|create,0,0
7871,on|data,0,0
7872,on|descent,0,0
7873,on|determines,0,0
7874,on|does,0,0
7875,on|during,0,0
7876,on|embedding,0,0
7877,on|emphasizes,0,0
7878,on|error,0,0
7879,on|fact,0,0
7880,on|fit,0,0
7881,on|from,0,0
7882,on|function,0,0
7883,on|functions,0,0
7884,on|gradient,0,0
7885,on|gradients,0,0
7886,on|has,0,0
7887,on|helps,0,0
7888,on|improvement,0,0
7889,on|in,0,0
7890,on|inference,0,0
7891,on|input,0,0
7892,on|inputs,0,0
7893,on|instruct,0,0
7894,on|intent,0,0
7895,on|is,0,0
7896,on|itself,0,0
7897,on|know,0,0
7898,on|language,0,0
7899,on|large,0,0
7900,on|learn,0,0
7901,on|learned,0,0
7902,on|likelihood,0,0
7903,on|maps,0,0
7904,on|mathematical,0,0
7905,on|meaning,0,0
7906,on|mechanism,0,0
7907,on|method,0,0
7908,on|minimization,0,0
7909,on|model,0,0
7910,on|network,0,0
7911,on|neural,0,0
7912,on|next,0,0
7913,on|no,0,0
7914,on|nonlinear,0,0
7915,on|not,0,0
7916,on|number,0,0
7917,on|numeric,0,0
7918,on|of,0,0
7919,on|offset,0,0
7920,on|on,0,0
7921,on|one,0,0
7922,on|optimization,0,0
7923,on|output,0,0
7924,on|outputs,0,0
7925,on|over,0,0
7926,on|parameter,0,0
7927,on|parameters,0,0
7928,on|part,0,0
7929,on|patterns,0,0
7930,on|people,0,0
7931,on|predicted,0,0
7932,on|prediction,0,0
7933,on|predictor,0,0
7934,on|predicts,0,0
7935,on|probabilities,0,0
7936,on|probability,0,0
7937,on|produces,0,0
7938,on|prompt,0,0
7939,on|reason,0,0
7940,on|reduces,0,0
7941,on|relevant,0,0
7942,on|repeated,0,0
7943,on|represents,0,0
7944,on|scales,0,0
7945,on|shifts,0,0
7946,on|slows,0,0
7947,on|statistical,0,0
7948,on|stops,0,0
7949,on|sum,0,0
7950,on|sums,0,0
7951,on|text,4.3550,-0.0369
7952,on|the,0,0
7953,on|to,0,0
7954,on|token,0,0
7955,on|tokens,0,0
7956,on|trained,0,0
7957,on|training,0,0
7958,on|truth,0,0
7959,on|understand,0,0
7960,on|understanding,0,0
7961,on|unit,0,0
7962,on|updated,0,0
7963,on|updates,0,0
7964,on|using,0,0
7965,on|vector,0,0
7966,on|weight,0,0
7967,on|weighted,0,0
7968,on|weighting,0,0
7969,on|what,0,0
7970,on|when,0,0
7971,on|word,0,0
7972,on|zero,0,0
7973,one|a,-0.0688,-0.0688
7974,one|adjusts,0,0
7975,one|an,0,0
7976,one|and,0,0
7977,one|applies,0,0
7978,one|attention,0,0
7979,one|be,0,0
7980,one|between,0,0
7981,one|bias,0,0
7982,one|by,0,0
7983,one|can,0,0
7984,one|change,0,0
7985,one|chosen,0,0
7986,one|collection,0,0
7987,one|conditions,0,0
7988,one|corpus,0,0
7989,one|create,0,0
7990,one|data,0,0
7991,one|descent,0,0
7992,one|determines,0,0
7993,one|does,0,0
7994,one|during,0,0
7995,one|embedding,0,0
7996,one|emphasizes,0,0
7997,one|error,0,0
7998,one|fact,0,0
7999,one|fit,0,0
8000,one|from,0,0
8001,one|function,0,0
8002,one|functions,0,0
8003,one|gradient,0,0
8004,one|gradients,0,0
8005,one|has,0,0
8006,one|helps,0,0
8007,one|improvement,0,0
8008,one|in,0,0
8009,one|inference,0,0
8010,one|input,0,0
8011,one|inputs,0,0
8012,one|instruct,0,0
8013,one|intent,0,0
8014,one|is,0,0
8015,one|itself,0,0
8016,one|know,0,0
8017,one|language,0,0
8018,one|large,0,0
8019,one|learn,0,0
8020,one|learned,0,0
8021,one|likelihood,0,0
8022,one|maps,0,0
8023,one|mathematical,0,0
8024,one|meaning,0,0
8025,one|mechanism,0,0
8026,one|method,0,0
8027,one|minimization,0,0
8028,one|model,0,0
8029,one|network,0,0
8030,one|neural,0,0
8031,one|next,0,0
8032,one|no,0,0
8033,one|nonlinear,0,0
8034,one|not,0,0
8035,one|number,0,0
8036,one|numeric,0,0
8037,one|of,0,0
8038,one|offset,0,0
8039,one|on,0,0
8040,one|one,0,0
8041,one|optimization,0,0
8042,one|output,0,0
8043,one|outputs,0,0
8044,one|over,0,0
8045,one|parameter,0,0
8046,one|parameters,0,0
8047,one|part,0,0
8048,one|patterns,0,0
8049,one|people,0,0
8050,one|predicted,0,0
8051,one|prediction,0,0
8052,one|predictor,0,0
8053,one|predicts,0,0
8054,one|probabilities,0,0
8055,one|probability,0,0
8056,one|produces,0,0
8057,one|prompt,0,0
8058,one|reason,0,0
8059,one|reduces,0,0
8060,one|relevant,0,0
8061,one|repeated,0,0
8062,one|represents,0,0
8063,one|scales,0,0
8064,one|shifts,0,0
8065,one|slows,0,0
8066,one|statistical,0,0
8067,one|stops,0,0
8068,one|sum,0,0
8069,one|sums,0,0
8070,one|text,0,0
8071,one|the,0,0
8072,one|to,0,0
8073,one|token,0,0
8074,one|tokens,0,0
8075,one|trained,0,0
8076,one|training,0,0
8077,one|truth,0,0
8078,one|understand,0,0
8079,one|understanding,0,0
8080,one|unit,0,0
8081,one|updated,0,0
8082,one|updates,0,0
8083,one|using,0,0
8084,one|vector,0,0
8085,one|weight,0,0
8086,one|weighted,0,0
8087,one|weighting,0,0
8088,one|what,0,0
8089,one|when,0,0
8090,one|word,0,0
8091,one|zero,0,0
8092,optimization|a,0,0
8093,optimization|adjusts,0,0
8094,optimization|an,0,0
8095,optimization|and,0,0
8096,optimization|applies,0,0
8097,optimization|attention,0,0
8098,optimization|be,0,0
8099,optimization|between,0,0
8100,optimization|bias,0,0
8101,optimization|by,0,0
8102,optimization|can,0,0
8103,optimization|change,0,0
8104,optimization|chosen,0,0
8105,optimization|collection,0,0
8106,optimization|conditions,0,0
8107,optimization|corpus,0,0
8108,optimization|create,0,0
8109,optimization|data,0,0
8110,optimization|descent,0,0
8111,optimization|determines,0,0
8112,optimization|does,0,0
8113,optimization|during,0,0
8114,optimization|embedding,0,0
8115,optimization|emphasizes,0,0
8116,optimization|error,0,0
8117,optimization|fact,0,0
8118,optimization|fit,0,0
8119,optimization|from,0,0
8120,optimization|function,0,0
8121,optimization|functions,0,0
8122,optimization|gradient,0,0
8123,optimization|gradients,0,0
8124,optimization|has,0,0
8125,optimization|helps,0,0
8126,optimization|improvement,0,0
8127,optimization|in,0,0
8128,optimization|inference,0,0
8129,optimization|input,0,0
8130,optimization|inputs,0,0
8131,optimization|instruct,0,0
8132,optimization|intent,0,0
8133,optimization|is,0,0
8134,optimization|itself,0,0
8135,optimization|know,0,0
8136,optimization|language,0,0
8137,optimization|large,0,0
8138,optimization|learn,0,0
8139,optimization|learned,0,0
8140,optimization|likelihood,0,0
8141,optimization|maps,0,0
8142,optimization|mathematical,0,0
8143,optimization|meaning,0,0
8144,optimization|mechanism,0,0
8145,optimization|method,-0.0369,-0.0369
8146,optimization|minimization,0,0
8147,optimization|model,0,0
8148,optimization|network,0,0
8149,optimization|neural,0,0
8150,optimization|next,0,0
8151,optimization|no,0,0
8152,optimization|nonlinear,0,0
8153,optimization|not,0,0
8154,optimization|number,0,0
8155,optimization|numeric,0,0
8156,optimization|of,0,0
8157,optimization|offset,0,0
8158,optimization|on,0,0
8159,optimization|one,0,0
8160,optimization|optimization,0,0
8161,optimization|output,0,0
8162,optimization|outputs,0,0
8163,optimization|over,0,0
8164,optimization|parameter,0,0
8165,optimization|parameters,0,0
8166,optimization|part,0,0
8167,optimization|patterns,0,0
8168,optimization|people,0,0
8169,optimization|predicted,0,0
8170,optimization|prediction,0,0
8171,optimization|predictor,0,0
8172,optimization|predicts,0,0
8173,optimization|probabilities,0,0
8174,optimization|probability,0,0
8175,optimization|produces,0,0
8176,optimization|prompt,0,0
8177,optimization|reason,0,0
8178,optimization|reduces,0,0
8179,optimization|relevant,0,0
8180,optimization|repeated,0,0
8181,optimization|represents,0,0
8182,optimization|scales,0,0
8183,optimization|shifts,0,0
8184,optimization|slows,0,0
8185,optimization|statistical,0,0
8186,optimization|stops,0,0
8187,optimization|sum,0,0
8188,optimization|sums,0,0
8189,optimization|text,0,0
8190,optimization|the,0,0
8191,optimization|to,0,0
8192,optimization|token,0,0
8193,optimization|tokens,0,0
8194,optimization|trained,0,0
8195,optimization|training,0,0
8196,optimization|truth,0,0
8197,optimization|understand,0,0
8198,optimization|understanding,0,0
8199,optimization|unit,0,0
8200,optimization|updated,0,0
8201,optimization|updates,0,0
8202,optimization|using,0,0
8203,optimization|vector,0,0
8204,optimization|weight,0,0
8205,optimization|weighted,0,0
8206,optimization|weighting,0,0
8207,optimization|what,0,0
8208,optimization|when,0,0
8209,optimization|word,0,0
8210,optimization|zero,0,0
8211,output|a,0,0
8212,output|adjusts,0,0
8213,output|an,0,0
8214,output|and,0,0
8215,output|applies,0,0
8216,output|attention,0,0
8217,output|be,0,0
8218,output|between,0,0
8219,output|bias,0,0
8220,output|by,0,0
8221,output|can,0,0
8222,output|change,0,0
8223,output|chosen,0,0
8224,output|collection,0,0
8225,output|conditions,0,0
8226,output|corpus,0,0
8227,output|create,0,0
8228,output|data,0,0
8229,output|descent,0,0
8230,output|determines,0,0
8231,output|does,0,0
8232,output|during,0,0
8233,output|embedding,0,0
8234,output|emphasizes,0,0
8235,output|error,0,0
8236,output|fact,0,0
8237,output|fit,0,0
8238,output|from,0,0
8239,output|function,0,0
8240,output|functions,0,0
8241,output|gradient,0,0
8242,output|gradients,0,0
8243,output|has,0,0
8244,output|helps,0,0
8245,output|improvement,0,0
8246,output|in,0,0
8247,output|inference,0,0
8248,output|input,0,0
8249,output|inputs,0,0
8250,output|instruct,0,0
8251,output|intent,0,0
8252,output|is,3.7740,-0.0982
8253,output|itself,0,0
8254,output|know,0,0
8255,output|language,0,0
8256,output|large,0,0
8257,output|learn,0,0
8258,output|learned,0,0
8259,output|likelihood,0,0
8260,output|maps,0,0
8261,output|mathematical,0,0
8262,output|meaning,0,0
8263,output|mechanism,0,0
8264,output|method,0,0
8265,output|minimization,0,0
8266,output|model,0,0
8267,output|network,0,0
8268,output|neural,0,0
8269,output|next,0,0
8270,output|no,0,0
8271,output|nonlinear,0,0
8272,output|not,0,0
8273,output|number,0,0
8274,output|numeric,0,0
8275,output|of,0,0
8276,output|offset,0,0
8277,output|on,0,0
8278,output|one,0,0
8279,output|optimization,0,0
8280,output|output,0,0
8281,output|outputs,0,0
8282,output|over,0,0
8283,output|parameter,0,0
8284,output|parameters,0,0
8285,output|part,0,0
8286,output|patterns,0,0
8287,output|people,0,0
8288,output|predicted,0,0
8289,output|prediction,0,0
8290,output|predictor,0,0
8291,output|predicts,0,0
8292,output|probabilities,0,0
8293,output|probability,0,0
8294,output|produces,0,0
8295,output|prompt,0,0
8296,output|reason,0,0
8297,output|reduces,0,0
8298,output|relevant,0,0
8299,output|repeated,0,0
8300,output|represents,0,0
8301,output|scales,0,0
8302,output|shifts,0,0
8303,output|slows,0,0
8304,output|statistical,0,0
8305,output|stops,0,0
8306,output|sum,0,0
8307,output|sums,0,0
8308,output|text,0,0
8309,output|the,0,0
8310,output|to,0,0
8311,output|token,0,0
8312,output|tokens,0,0
8313,output|trained,0,0
8314,output|training,0,0
8315,output|truth,0,0
8316,output|understand,0,0
8317,output|understanding,0,0
8318,output|unit,0,0
8319,output|updated,0,0
8320,output|updates,0,0
8321,output|using,0,0
8322,output|vector,0,0
8323,output|weight,0,0
8324,output|weighted,0,0
8325,output|weighting,0,0
8326,output|what,0,0
8327,output|when,0,0
8328,output|word,0,0
8329,output|zero,0,0
8330,outputs|a,-0.0369,-0.0369
8331,outputs|adjusts,0,0
8332,outputs|an,0,0
8333,outputs|and,0,0
8334,outputs|applies,0,0
8335,outputs|attention,0,0
8336,outputs|be,0,0
8337,outputs|between,0,0
8338,outputs|bias,0,0
8339,outputs|by,0,0
8340,outputs|can,0,0
8341,outputs|change,0,0
8342,outputs|chosen,0,0
8343,outputs|collection,0,0
8344,outputs|conditions,0,0
8345,outputs|corpus,0,0
8346,outputs|create,0,0
8347,outputs|data,0,0
8348,outputs|descent,0,0
8349,outputs|determines,0,0
8350,outputs|does,0,0
8351,outputs|during,0,0
8352,outputs|embedding,0,0
8353,outputs|emphasizes,0,0
8354,outputs|error,0,0
8355,outputs|fact,0,0
8356,outputs|fit,0,0
8357,outputs|from,0,0
8358,outputs|function,0,0
8359,outputs|functions,0,0
8360,outputs|gradient,0,0
8361,outputs|gradients,0,0
8362,outputs|has,0,0
8363,outputs|helps,0,0
8364,outputs|improvement,0,0
8365,outputs|in,0,0
8366,outputs|inference,0,0
8367,outputs|input,0,0
8368,outputs|inputs,0,0
8369,outputs|instruct,0,0
8370,outputs|intent,0,0
8371,outputs|is,0,0
8372,outputs|itself,0,0
8373,outputs|know,0,0
8374,outputs|language,0,0
8375,outputs|large,0,0
8376,outputs|learn,0,0
8377,outputs|learned,0,0
8378,outputs|likelihood,0,0
8379,outputs|maps,0,0
8380,outputs|mathematical,0,0
8381,outputs|meaning,0,0
8382,outputs|mechanism,0,0
8383,outputs|method,0,0
8384,outputs|minimization,0,0
8385,outputs|model,0,0
8386,outputs|network,0,0
8387,outputs|neural,0,0
8388,outputs|next,0,0
8389,outputs|no,0,0
8390,outputs|nonlinear,0,0
8391,outputs|not,0,0
8392,outputs|number,0,0
8393,outputs|numeric,0,0
8394,outputs|of,0,0
8395,outputs|offset,0,0
8396,outputs|on,0,0
8397,outputs|one,0,0
8398,outputs|optimization,0,0
8399,outputs|output,0,0
8400,outputs|outputs,0,0
8401,outputs|over,0,0
8402,outputs|parameter,0,0
8403,outputs|parameters,0,0
8404,outputs|part,0,0
8405,outputs|patterns,0,0
8406,outputs|people,0,0
8407,outputs|predicted,0,0
8408,outputs|prediction,0,0
8409,outputs|predictor,0,0
8410,outputs|predicts,0,0
8411,outputs|probabilities,0,0
8412,outputs|probability,0,0
8413,outputs|produces,0,0
8414,outputs|prompt,0,0
8415,outputs|reason,0,0
8416,outputs|reduces,0,0
8417,outputs|relevant,0,0
8418,outputs|repeated,0,0
8419,outputs|represents,0,0
8420,outputs|scales,0,0
8421,outputs|shifts,0,0
8422,outputs|slows,0,0
8423,outputs|statistical,0,0
8424,outputs|stops,0,0
8425,outputs|sum,0,0
8426,outputs|sums,0,0
8427,outputs|text,0,0
8428,outputs|the,0,0
8429,outputs|to,0,0
8430,outputs|token,0,0
8431,outputs|tokens,0,0
8432,outputs|trained,0,0
8433,outputs|training,0,0
8434,outputs|truth,0,0
8435,outputs|understand,0,0
8436,outputs|understanding,0,0
8437,outputs|unit,0,0
8438,outputs|updated,0,0
8439,outputs|updates,0,0
8440,outputs|using,0,0
8441,outputs|vector,0,0
8442,outputs|weight,0,0
8443,outputs|weighted,0,0
8444,outputs|weighting,0,0
8445,outputs|what,0,0
8446,outputs|when,0,0
8447,outputs|word,0,0
8448,outputs|zero,0,0
8449,over|a,0,0
8450,over|adjusts,0,0
8451,over|an,0,0
8452,over|and,0,0
8453,over|applies,0,0
8454,over|attention,0,0
8455,over|be,0,0
8456,over|between,0,0
8457,over|bias,0,0
8458,over|by,0,0
8459,over|can,0,0
8460,over|change,0,0
8461,over|chosen,0,0
8462,over|collection,0,0
8463,over|conditions,0,0
8464,over|corpus,0,0
8465,over|create,0,0
8466,over|data,0,0
8467,over|descent,0,0
8468,over|determines,0,0
8469,over|does,0,0
8470,over|during,0,0
8471,over|embedding,0,0
8472,over|emphasizes,0,0
8473,over|error,0,0
8474,over|fact,0,0
8475,over|fit,0,0
8476,over|from,0,0
8477,over|function,0,0
8478,over|functions,0,0
8479,over|gradient,0,0
8480,over|gradients,0,0
8481,over|has,0,0
8482,over|helps,0,0
8483,over|improvement,0,0
8484,over|in,0,0
8485,over|inference,0,0
8486,over|input,0,0
8487,over|inputs,0,0
8488,over|instruct,0,0
8489,over|intent,0,0
8490,over|is,0,0
8491,over|itself,0,0
8492,over|know,0,0
8493,over|language,0,0
8494,over|large,0,0
8495,over|learn,0,0
8496,over|learned,0,0
8497,over|likelihood,0,0
8498,over|maps,0,0
8499,over|mathematical,0,0
8500,over|meaning,0,0
8501,over|mechanism,0,0
8502,over|method,0,0
8503,over|minimization,0,0
8504,over|model,0,0
8505,over|network,0,0
8506,over|neural,0,0
8507,over|next,0,0
8508,over|no,0,0
8509,over|nonlinear,0,0
8510,over|not,0,0
8511,over|number,0,0
8512,over|numeric,0,0
8513,over|of,0,0
8514,over|offset,0,0
8515,over|on,0,0
8516,over|one,0,0
8517,over|optimization,0,0
8518,over|output,0,0
8519,over|outputs,0,0
8520,over|over,0,0
8521,over|parameter,0,0
8522,over|parameters,0,0
8523,over|part,0,0
8524,over|patterns,0,0
8525,over|people,0,0
8526,over|predicted,0,0
8527,over|prediction,0,0
8528,over|predictor,0,0
8529,over|predicts,0,0
8530,over|probabilities,0,0
8531,over|probability,0,0
8532,over|produces,0,0
8533,over|prompt,0,0
8534,over|reason,0,0
8535,over|reduces,0,0
8536,over|relevant,0,0
8537,over|repeated,0,0
8538,over|represents,0,0
8539,over|scales,0,0
8540,over|shifts,0,0
8541,over|slows,0,0
8542,over|statistical,0,0
8543,over|stops,0,0
8544,over|sum,0,0
8545,over|sums,0,0
8546,over|text,0,0
8547,over|the,0,0
8548,over|to,0,0
8549,over|token,0,0
8550,over|tokens,4.3550,-0.0369
8551,over|trained,0,0
8552,over|training,0,0
8553,over|truth,0,0
8554,over|understand,0,0
8555,over|understanding,0,0
8556,over|unit,0,0
8557,over|updated,0,0
8558,over|updates,0,0
8559,over|using,0,0
8560,over|vector,0,0
8561,over|weight,0,0
8562,over|weighted,0,0
8563,over|weighting,0,0
8564,over|what,0,0
8565,over|when,0,0
8566,over|word,0,0
8567,over|zero,0,0
8568,parameter|a,-0.0369,-0.0369
8569,parameter|adjusts,0,0
8570,parameter|an,0,0
8571,parameter|and,0,0
8572,parameter|applies,0,0
8573,parameter|attention,0,0
8574,parameter|be,0,0
8575,parameter|between,0,0
8576,parameter|bias,0,0
8577,parameter|by,0,0
8578,parameter|can,0,0
8579,parameter|change,0,0
8580,parameter|chosen,0,0
8581,parameter|collection,0,0
8582,parameter|conditions,0,0
8583,parameter|corpus,0,0
8584,parameter|create,0,0
8585,parameter|data,0,0
8586,parameter|descent,0,0
8587,parameter|determines,0,0
8588,parameter|does,0,0
8589,parameter|during,0,0
8590,parameter|embedding,0,0
8591,parameter|emphasizes,0,0
8592,parameter|error,0,0
8593,parameter|fact,0,0
8594,parameter|fit,0,0
8595,parameter|from,0,0
8596,parameter|function,0,0
8597,parameter|functions,0,0
8598,parameter|gradient,0,0
8599,parameter|gradients,0,0
8600,parameter|has,0,0
8601,parameter|helps,0,0
8602,parameter|improvement,0,0
8603,parameter|in,0,0
8604,parameter|inference,0,0
8605,parameter|input,0,0
8606,parameter|inputs,0,0
8607,parameter|instruct,0,0
8608,parameter|intent,0,0
8609,parameter|is,0,0
8610,parameter|itself,0,0
8611,parameter|know,0,0
8612,parameter|language,0,0
8613,parameter|large,0,0
8614,parameter|learn,0,0
8615,parameter|learned,0,0
8616,parameter|likelihood,0,0
8617,parameter|maps,0,0
8618,parameter|mathematical,0,0
8619,parameter|meaning,0,0
8620,parameter|mechanism,0,0
8621,parameter|method,0,0
8622,parameter|minimization,0,0
8623,parameter|model,0,0
8624,parameter|network,0,0
8625,parameter|neural,0,0
8626,parameter|next,0,0
8627,parameter|no,0,0
8628,parameter|nonlinear,0,0
8629,parameter|not,0,0
8630,parameter|number,0,0
8631,parameter|numeric,0,0
8632,parameter|of,0,0
8633,parameter|offset,0,0
8634,parameter|on,0,0
8635,parameter|one,0,0
8636,parameter|optimization,0,0
8637,parameter|output,0,0
8638,parameter|outputs,0,0
8639,parameter|over,0,0
8640,parameter|parameter,0,0
8641,parameter|parameters,0,0
8642,parameter|part,0,0
8643,parameter|patterns,0,0
8644,parameter|people,0,0
8645,parameter|predicted,0,0
8646,parameter|prediction,0,0
8647,parameter|predictor,0,0
8648,parameter|predicts,0,0
8649,parameter|probabilities,0,0
8650,parameter|probability,0,0
8651,parameter|produces,0,0
8652,parameter|prompt,0,0
8653,parameter|reason,0,0
8654,parameter|reduces,0,0
8655,parameter|relevant,0,0
8656,parameter|repeated,0,0
8657,parameter|represents,0,0
8658,parameter|scales,0,0
8659,parameter|shifts,0,0
8660,parameter|slows,0,0
8661,parameter|statistical,0,0
8662,parameter|stops,0,0
8663,parameter|sum,0,0
8664,parameter|sums,0,0
8665,parameter|text,0,0
8666,parameter|the,0,0
8667,parameter|to,0,0
8668,parameter|token,0,0
8669,parameter|tokens,0,0
8670,parameter|trained,0,0
8671,parameter|training,0,0
8672,parameter|truth,0,0
8673,parameter|understand,0,0
8674,parameter|understanding,0,0
8675,parameter|unit,0,0
8676,parameter|updated,0,0
8677,parameter|updates,0,0
8678,parameter|using,0,0
8679,parameter|vector,0,0
8680,parameter|weight,0,0
8681,parameter|weighted,0,0
8682,parameter|weighting,0,0
8683,parameter|what,0,0
8684,parameter|when,0,0
8685,parameter|word,0,0
8686,parameter|zero,0,0
8687,parameters|a,0,0
8688,parameters|adjusts,0,0
8689,parameters|an,0,0
8690,parameters|and,0,0
8691,parameters|applies,0,0
8692,parameters|attention,-0.0369,-0.0369
8693,parameters|be,0,0
8694,parameters|between,0,0
8695,parameters|bias,0,0
8696,parameters|by,0,0
8697,parameters|can,0,0
8698,parameters|change,0,0
8699,parameters|chosen,0,0
8700,parameters|collection,0,0
8701,parameters|conditions,0,0
8702,parameters|corpus,0,0
8703,parameters|create,0,0
8704,parameters|data,0,0
8705,parameters|descent,0,0
8706,parameters|determines,0,0
8707,parameters|does,0,0
8708,parameters|during,0,0
8709,parameters|embedding,0,0
8710,parameters|emphasizes,0,0
8711,parameters|error,0,0
8712,parameters|fact,0,0
8713,parameters|fit,0,0
8714,parameters|from,0,0
8715,parameters|function,0,0
8716,parameters|functions,0,0
8717,parameters|gradient,0,0
8718,parameters|gradients,0,0
8719,parameters|has,0,0
8720,parameters|helps,0,0
8721,parameters|improvement,0,0
8722,parameters|in,0,0
8723,parameters|inference,-0.0369,-0.0369
8724,parameters|input,0,0
8725,parameters|inputs,0,0
8726,parameters|instruct,0,0
8727,parameters|intent,0,0
8728,parameters|is,0,0
8729,parameters|itself,0,0
8730,parameters|know,0,0
8731,parameters|language,0,0
8732,parameters|large,0,0
8733,parameters|learn,0,0
8734,parameters|learned,0,0
8735,parameters|likelihood,0,0
8736,parameters|maps,0,0
8737,parameters|mathematical,0,0
8738,parameters|meaning,0,0
8739,parameters|mechanism,0,0
8740,parameters|method,0,0
8741,parameters|minimization,0,0
8742,parameters|model,0,0
8743,parameters|network,0,0
8744,parameters|neural,0,0
8745,parameters|next,0,0
8746,parameters|no,0,0
8747,parameters|nonlinear,0,0
8748,parameters|not,0,0
8749,parameters|number,0,0
8750,parameters|numeric,0,0
8751,parameters|of,0,0
8752,parameters|offset,0,0
8753,parameters|on,0,0
8754,parameters|one,0,0
8755,parameters|optimization,0,0
8756,parameters|output,0,0
8757,parameters|outputs,0,0
8758,parameters|over,0,0
8759,parameters|parameter,0,0
8760,parameters|parameters,0,0
8761,parameters|part,0,0
8762,parameters|patterns,0,0
8763,parameters|people,0,0
8764,parameters|predicted,0,0
8765,parameters|prediction,0,0
8766,parameters|predictor,0,0
8767,parameters|predicts,0,0
8768,parameters|probabilities,0,0
8769,parameters|probability,0,0
8770,parameters|produces,0,0
8771,parameters|prompt,0,0
8772,parameters|reason,0,0
8773,parameters|reduces,0,0
8774,parameters|relevant,0,0
8775,parameters|repeated,0,0
8776,parameters|represents,0,0
8777,parameters|scales,0,0
8778,parameters|shifts,0,0
8779,parameters|slows,0,0
8780,parameters|statistical,0,0
8781,parameters|stops,0,0
8782,parameters|sum,0,0
8783,parameters|sums,0,0
8784,parameters|text,0,0
8785,parameters|the,0,0
8786,parameters|to,0,0
8787,parameters|token,0,0
8788,parameters|tokens,0,0
8789,parameters|trained,0,0
8790,parameters|training,-0.0369,-0.0369
8791,parameters|truth,0,0
8792,parameters|understand,0,0
8793,parameters|understanding,0,0
8794,parameters|unit,0,0
8795,parameters|updated,0,0
8796,parameters|updates,0,0
8797,parameters|using,0,0
8798,parameters|vector,0,0
8799,parameters|weight,0,0
8800,parameters|weighted,0,0
8801,parameters|weighting,0,0
8802,parameters|what,0,0
8803,parameters|when,0,0
8804,parameters|word,0,0
8805,parameters|zero,0,0
8806,part|a,0,0
8807,part|adjusts,0,0
8808,part|an,0,0
8809,part|and,0,0
8810,part|applies,0,0
8811,part|attention,0,0
8812,part|be,0,0
8813,part|between,0,0
8814,part|bias,0,0
8815,part|by,0,0
8816,part|can,0,0
8817,part|change,0,0
8818,part|chosen,0,0
8819,part|collection,0,0
8820,part|conditions,0,0
8821,part|corpus,0,0
8822,part|create,0,0
8823,part|data,0,0
8824,part|descent,0,0
8825,part|determines,0,0
8826,part|does,0,0
8827,part|during,0,0
8828,part|embedding,0,0
8829,part|emphasizes,0,0
8830,part|error,0,0
8831,part|fact,0,0
8832,part|fit,0,0
8833,part|from,0,0
8834,part|function,0,0
8835,part|functions,0,0
8836,part|gradient,0,0
8837,part|gradients,0,0
8838,part|has,0,0
8839,part|helps,0,0
8840,part|improvement,0,0
8841,part|in,0,0
8842,part|inference,0,0
8843,part|input,0,0
8844,part|inputs,0,0
8845,part|instruct,0,0
8846,part|intent,0,0
8847,part|is,0,0
8848,part|itself,0,0
8849,part|know,0,0
8850,part|language,0,0
8851,part|large,0,0
8852,part|learn,0,0
8853,part|learned,0,0
8854,part|likelihood,0,0
8855,part|maps,0,0
8856,part|mathematical,0,0
8857,part|meaning,0,0
8858,part|mechanism,0,0
8859,part|method,0,0
8860,part|minimization,0,0
8861,part|model,0,0
8862,part|network,0,0
8863,part|neural,0,0
8864,part|next,0,0
8865,part|no,0,0
8866,part|nonlinear,0,0
8867,part|not,0,0
8868,part|number,0,0
8869,part|numeric,0,0
8870,part|of,4.3550,-0.0369
8871,part|offset,0,0
8872,part|on,0,0
8873,part|one,0,0
8874,part|optimization,0,0
8875,part|output,0,0
8876,part|outputs,0,0
8877,part|over,0,0
8878,part|parameter,0,0
8879,part|parameters,0,0
8880,part|part,0,0
8881,part|patterns,0,0
8882,part|people,0,0
8883,part|predicted,0,0
8884,part|prediction,0,0
8885,part|predictor,0,0
8886,part|predicts,0,0
8887,part|probabilities,0,0
8888,part|probability,0,0
8889,part|produces,0,0
8890,part|prompt,0,0
8891,part|reason,0,0
8892,part|reduces,0,0
8893,part|relevant,0,0
8894,part|repeated,0,0
8895,part|represents,0,0
8896,part|scales,0,0
8897,part|shifts,0,0
8898,part|slows,0,0
8899,part|statistical,0,0
8900,part|stops,0,0
8901,part|sum,0,0
8902,part|sums,0,0
8903,part|text,0,0
8904,part|the,0,0
8905,part|to,0,0
8906,part|token,0,0
8907,part|tokens,0,0
8908,part|trained,0,0
8909,part|training,0,0
8910,part|truth,0,0
8911,part|understand,0,0
8912,part|understanding,0,0
8913,part|unit,0,0
8914,part|updated,0,0
8915,part|updates,0,0
8916,part|using,0,0
8917,part|vector,0,0
8918,part|weight,0,0
8919,part|weighted,0,0
8920,part|weighting,0,0
8921,part|what,0,0
8922,part|when,0,0
8923,part|word,0,0
8924,part|zero,0,0
8925,patterns|a,0,0
8926,patterns|adjusts,0,0
8927,patterns|an,0,0
8928,patterns|and,0,0
8929,patterns|applies,0,0
8930,patterns|attention,0,0
8931,patterns|be,0,0
8932,patterns|between,0,0
8933,patterns|bias,0,0
8934,patterns|by,0,0
8935,patterns|can,0,0
8936,patterns|change,0,0
8937,patterns|chosen,0,0
8938,patterns|collection,0,0
8939,patterns|conditions,0,0
8940,patterns|corpus,0,0
8941,patterns|create,0,0
8942,patterns|data,0,0
8943,patterns|descent,0,0
8944,patterns|determines,0,0
8945,patterns|does,0,0
8946,patterns|during,0,0
8947,patterns|embedding,0,0
8948,patterns|emphasizes,0,0
8949,patterns|error,0,0
8950,patterns|fact,0,0
8951,patterns|fit,0,0
8952,patterns|from,0,0
8953,patterns|function,0,0
8954,patterns|functions,0,0
8955,patterns|gradient,0,0
8956,patterns|gradients,0,0
8957,patterns|has,0,0
8958,patterns|helps,0,0
8959,patterns|improvement,0,0
8960,patterns|in,-0.0369,-0.0369
8961,patterns|inference,0,0
8962,patterns|input,0,0
8963,patterns|inputs,0,0
8964,patterns|instruct,0,0
8965,patterns|intent,0,0
8966,patterns|is,0,0
8967,patterns|itself,0,0
8968,patterns|know,0,0
8969,patterns|language,0,0
8970,patterns|large,0,0
8971,patterns|learn,0,0
8972,patterns|learned,0,0
8973,patterns|likelihood,0,0
8974,patterns|maps,0,0
8975,patterns|mathematical,0,0
8976,patterns|meaning,0,0
8977,patterns|mechanism,0,0
8978,patterns|method,0,0
8979,patterns|minimization,0,0
8980,patterns|model,0,0
8981,patterns|network,0,0
8982,patterns|neural,0,0
8983,patterns|next,0,0
8984,patterns|no,0,0
8985,patterns|nonlinear,0,0
8986,patterns|not,0,0
8987,patterns|number,0,0
8988,patterns|numeric,0,0
8989,patterns|of,0,0
8990,patterns|offset,0,0
8991,patterns|on,0,0
8992,patterns|one,0,0
8993,patterns|optimization,0,0
8994,patterns|output,0,0
8995,patterns|outputs,0,0
8996,patterns|over,0,0
8997,patterns|parameter,0,0
8998,patterns|parameters,0,0
8999,patterns|part,0,0
9000,patterns|patterns,0,0
9001,patterns|people,0,0
9002,patterns|predicted,0,0
9003,patterns|prediction,0,0
9004,patterns|predictor,0,0
9005,patterns|predicts,0,0
9006,patterns|probabilities,0,0
9007,patterns|probability,0,0
9008,patterns|produces,0,0
9009,patterns|prompt,0,0
9010,patterns|reason,0,0
9011,patterns|reduces,0,0
9012,patterns|relevant,0,0
9013,patterns|repeated,0,0
9014,patterns|represents,0,0
9015,patterns|scales,0,0
9016,patterns|shifts,0,0
9017,patterns|slows,0,0
9018,patterns|statistical,0,0
9019,patterns|stops,0,0
9020,patterns|sum,0,0
9021,patterns|sums,0,0
9022,patterns|text,0,0
9023,patterns|the,0,0
9024,patterns|to,0,0
9025,patterns|token,0,0
9026,patterns|tokens,0,0
9027,patterns|trained,0,0
9028,patterns|training,0,0
9029,patterns|truth,0,0
9030,patterns|understand,0,0
9031,patterns|understanding,0,0
9032,patterns|unit,0,0
9033,patterns|updated,0,0
9034,patterns|updates,0,0
9035,patterns|using,0,0
9036,patterns|vector,0,0
9037,patterns|weight,0,0
9038,patterns|weighted,0,0
9039,patterns|weighting,0,0
9040,patterns|what,0,0
9041,patterns|when,0,0
9042,patterns|word,0,0
9043,patterns|zero,0,0
9044,people|a,-0.0369,-0.0369
9045,people|adjusts,0,0
9046,people|an,0,0
9047,people|and,0,0
9048,people|applies,0,0
9049,people|attention,0,0
9050,people|be,0,0
9051,people|between,0,0
9052,people|bias,0,0
9053,people|by,0,0
9054,people|can,0,0
9055,people|change,0,0
9056,people|chosen,0,0
9057,people|collection,0,0
9058,people|conditions,0,0
9059,people|corpus,0,0
9060,people|create,0,0
9061,people|data,0,0
9062,people|descent,0,0
9063,people|determines,0,0
9064,people|does,0,0
9065,people|during,0,0
9066,people|embedding,0,0
9067,people|emphasizes,0,0
9068,people|error,0,0
9069,people|fact,0,0
9070,people|fit,0,0
9071,people|from,0,0
9072,people|function,0,0
9073,people|functions,0,0
9074,people|gradient,0,0
9075,people|gradients,0,0
9076,people|has,0,0
9077,people|helps,0,0
9078,people|improvement,0,0
9079,people|in,0,0
9080,people|inference,0,0
9081,people|input,0,0
9082,people|inputs,0,0
9083,people|instruct,0,0
9084,people|intent,0,0
9085,people|is,0,0
9086,people|itself,0,0
9087,people|know,0,0
9088,people|language,0,0
9089,people|large,0,0
9090,people|learn,0,0
9091,people|learned,0,0
9092,people|likelihood,0,0
9093,people|maps,0,0
9094,people|mathematical,0,0
9095,people|meaning,0,0
9096,people|mechanism,0,0
9097,people|method,0,0
9098,people|minimization,0,0
9099,people|model,0,0
9100,people|network,0,0
9101,people|neural,0,0
9102,people|next,0,0
9103,people|no,0,0
9104,people|nonlinear,0,0
9105,people|not,0,0
9106,people|number,0,0
9107,people|numeric,0,0
9108,people|of,0,0
9109,people|offset,0,0
9110,people|on,0,0
9111,people|one,0,0
9112,people|optimization,0,0
9113,people|output,0,0
9114,people|outputs,0,0
9115,people|over,0,0
9116,people|parameter,0,0
9117,people|parameters,0,0
9118,people|part,0,0
9119,people|patterns,0,0
9120,people|people,0,0
9121,people|predicted,0,0
9122,people|prediction,0,0
9123,people|predictor,0,0
9124,people|predicts,0,0
9125,people|probabilities,0,0
9126,people|probability,0,0
9127,people|produces,0,0
9128,people|prompt,0,0
9129,people|reason,0,0
9130,people|reduces,0,0
9131,people|relevant,0,0
9132,people|repeated,0,0
9133,people|represents,0,0
9134,people|scales,0,0
9135,people|shifts,0,0
9136,people|slows,0,0
9137,people|statistical,0,0
9138,people|stops,0,0
9139,people|sum,0,0
9140,people|sums,0,0
9141,people|text,0,0
9142,people|the,0,0
9143,people|to,0,0
9144,people|token,0,0
9145,people|tokens,0,0
9146,people|trained,0,0
9147,people|training,0,0
9148,people|truth,0,0
9149,people|understand,0,0
9150,people|understanding,0,0
9151,people|unit,0,0
9152,people|updated,0,0
9153,people|updates,0,0
9154,people|using,0,0
9155,people|vector,0,0
9156,people|weight,0,0
9157,people|weighted,0,0
9158,people|weighting,0,0
9159,people|what,0,0
9160,people|when,0,0
9161,people|word,0,0
9162,people|zero,0,0
9163,predicted|a,0,0
9164,predicted|adjusts,0,0
9165,predicted|an,0,0
9166,predicted|and,0,0
9167,predicted|applies,0,0
9168,predicted|attention,0,0
9169,predicted|be,0,0
9170,predicted|between,0,0
9171,predicted|bias,0,0
9172,predicted|by,0,0
9173,predicted|can,0,0
9174,predicted|change,0,0
9175,predicted|chosen,0,0
9176,predicted|collection,0,0
9177,predicted|conditions,0,0
9178,predicted|corpus,0,0
9179,predicted|create,0,0
9180,predicted|data,0,0
9181,predicted|descent,0,0
9182,predicted|determines,0,0
9183,predicted|does,0,0
9184,predicted|during,0,0
9185,predicted|embedding,0,0
9186,predicted|emphasizes,0,0
9187,predicted|error,0,0
9188,predicted|fact,0,0
9189,predicted|fit,0,0
9190,predicted|from,0,0
9191,predicted|function,0,0
9192,predicted|functions,0,0
9193,predicted|gradient,0,0
9194,predicted|gradients,0,0
9195,predicted|has,0,0
9196,predicted|helps,0,0
9197,predicted|improvement,0,0
9198,predicted|in,0,0
9199,predicted|inference,0,0
9200,predicted|input,0,0
9201,predicted|inputs,0,0
9202,predicted|instruct,0,0
9203,predicted|intent,0,0
9204,predicted|is,0,0
9205,predicted|itself,0,0
9206,predicted|know,0,0
9207,predicted|language,0,0
9208,predicted|large,0,0
9209,predicted|learn,0,0
9210,predicted|learned,0,0
9211,predicted|likelihood,0,0
9212,predicted|maps,0,0
9213,predicted|mathematical,0,0
9214,predicted|meaning,0,0
9215,predicted|mechanism,0,0
9216,predicted|method,0,0
9217,predicted|minimization,0,0
9218,predicted|model,0,0
9219,predicted|network,0,0
9220,predicted|neural,0,0
9221,predicted|next,0,0
9222,predicted|no,0,0
9223,predicted|nonlinear,0,0
9224,predicted|not,0,0
9225,predicted|number,0,0
9226,predicted|numeric,0,0
9227,predicted|of,0,0
9228,predicted|offset,0,0
9229,predicted|on,0,0
9230,predicted|one,0,0
9231,predicted|optimization,0,0
9232,predicted|output,0,0
9233,predicted|outputs,0,0
9234,predicted|over,0,0
9235,predicted|parameter,0,0
9236,predicted|parameters,0,0
9237,predicted|part,0,0
9238,predicted|patterns,0,0
9239,predicted|people,0,0
9240,predicted|predicted,0,0
9241,predicted|prediction,0,0
9242,predicted|predictor,0,0
9243,predicted|predicts,0,0
9244,predicted|probabilities,0,0
9245,predicted|probability,0,0
9246,predicted|produces,0,0
9247,predicted|prompt,0,0
9248,predicted|reason,0,0
9249,predicted|reduces,0,0
9250,predicted|relevant,0,0
9251,predicted|repeated,0,0
9252,predicted|represents,0,0
9253,predicted|scales,0,0
9254,predicted|shifts,0,0
9255,predicted|slows,0,0
9256,predicted|statistical,0,0
9257,predicted|stops,0,0
9258,predicted|sum,0,0
9259,predicted|sums,0,0
9260,predicted|text,0,0
9261,predicted|the,0,0
9262,predicted|to,0,0
9263,predicted|token,-0.0369,-0.0369
9264,predicted|tokens,0,0
9265,predicted|trained,0,0
9266,predicted|training,0,0
9267,predicted|truth,0,0
9268,predicted|understand,0,0
9269,predicted|understanding,0,0
9270,predicted|unit,0,0
9271,predicted|updated,0,0
9272,predicted|updates,0,0
9273,predicted|using,0,0
9274,predicted|vector,0,0
9275,predicted|weight,0,0
9276,predicted|weighted,0,0
9277,predicted|weighting,0,0
9278,predicted|what,0,0
9279,predicted|when,0,0
9280,predicted|word,0,0
9281,predicted|zero,0,0
9282,prediction|a,-0.0688,-0.0688
9283,prediction|adjusts,0,0
9284,prediction|an,0,0
9285,prediction|and,0,0
9286,prediction|applies,0,0
9287,prediction|attention,0,0
9288,prediction|be,0,0
9289,prediction|between,0,0
9290,prediction|bias,0,0
9291,prediction|by,0,0
9292,prediction|can,0,0
9293,prediction|change,0,0
9294,prediction|chosen,0,0
9295,prediction|collection,0,0
9296,prediction|conditions,0,0
9297,prediction|corpus,0,0
9298,prediction|create,0,0
9299,prediction|data,0,0
9300,prediction|descent,0,0
9301,prediction|determines,0,0
9302,prediction|does,0,0
9303,prediction|during,0,0
9304,prediction|embedding,0,0
9305,prediction|emphasizes,0,0
9306,prediction|error,-0.0369,-0.0369
9307,prediction|fact,0,0
9308,prediction|fit,0,0
9309,prediction|from,0,0
9310,prediction|function,0,0
9311,prediction|functions,0,0
9312,prediction|gradient,0,0
9313,prediction|gradients,0,0
9314,prediction|has,0,0
9315,prediction|helps,0,0
9316,prediction|improvement,0,0
9317,prediction|in,0,0
9318,prediction|inference,0,0
9319,prediction|input,0,0
9320,prediction|inputs,0,0
9321,prediction|instruct,0,0
9322,prediction|intent,0,0
9323,prediction|is,0,0
9324,prediction|itself,0,0
9325,prediction|know,0,0
9326,prediction|language,0,0
9327,prediction|large,0,0
9328,prediction|learn,0,0
9329,prediction|learned,0,0
9330,prediction|likelihood,0,0
9331,prediction|maps,0,0
9332,prediction|mathematical,0,0
9333,prediction|meaning,0,0
9334,prediction|mechanism,0,0
9335,prediction|method,0,0
9336,prediction|minimization,0,0
9337,prediction|model,0,0
9338,prediction|network,0,0
9339,prediction|neural,0,0
9340,prediction|next,0,0
9341,prediction|no,0,0
9342,prediction|nonlinear,0,0
9343,prediction|not,0,0
9344,prediction|number,0,0
9345,prediction|numeric,0,0
9346,prediction|of,0,0
9347,prediction|offset,0,0
9348,prediction|on,0,0
9349,prediction|one,0,0
9350,prediction|optimization,0,0
9351,prediction|output,0,0
9352,prediction|outputs,0,0
9353,prediction|over,0,0
9354,prediction|parameter,0,0
9355,prediction|parameters,0,0
9356,prediction|part,0,0
9357,prediction|patterns,0,0
9358,prediction|people,0,0
9359,prediction|predicted,0,0
9360,prediction|prediction,0,0
9361,prediction|predictor,0,0
9362,prediction|predicts,0,0
9363,prediction|probabilities,0,0
9364,prediction|probability,0,0
9365,prediction|produces,0,0
9366,prediction|prompt,0,0
9367,prediction|reason,0,0
9368,prediction|reduces,0,0
9369,prediction|relevant,0,0
9370,prediction|repeated,0,0
9371,prediction|represents,0,0
9372,prediction|scales,0,0
9373,prediction|shifts,0,0
9374,prediction|slows,0,0
9375,prediction|statistical,0,0
9376,prediction|stops,0,0
9377,prediction|sum,0,0
9378,prediction|sums,0,0
9379,prediction|text,0,0
9380,prediction|the,0,0
9381,prediction|to,0,0
9382,prediction|token,0,0
9383,prediction|tokens,0,0
9384,prediction|trained,0,0
9385,prediction|training,0,0
9386,prediction|truth,0,0
9387,prediction|understand,0,0
9388,prediction|understanding,0,0
9389,prediction|unit,0,0
9390,prediction|updated,0,0
9391,prediction|updates,0,0
9392,prediction|using,0,0
9393,prediction|vector,0,0
9394,prediction|weight,0,0
9395,prediction|weighted,0,0
9396,prediction|weighting,0,0
9397,prediction|what,0,0
9398,prediction|when,0,0
9399,prediction|word,0,0
9400,prediction|zero,0,0
9401,predictor|a,-0.0369,-0.0369
9402,predictor|adjusts,0,0
9403,predictor|an,0,0
9404,predictor|and,0,0
9405,predictor|applies,0,0
9406,predictor|attention,0,0
9407,predictor|be,0,0
9408,predictor|between,0,0
9409,predictor|bias,0,0
9410,predictor|by,0,0
9411,predictor|can,0,0
9412,predictor|change,0,0
9413,predictor|chosen,0,0
9414,predictor|collection,0,0
9415,predictor|conditions,0,0
9416,predictor|corpus,0,0
9417,predictor|create,0,0
9418,predictor|data,0,0
9419,predictor|descent,0,0
9420,predictor|determines,0,0
9421,predictor|does,0,0
9422,predictor|during,0,0
9423,predictor|embedding,0,0
9424,predictor|emphasizes,0,0
9425,predictor|error,0,0
9426,predictor|fact,0,0
9427,predictor|fit,0,0
9428,predictor|from,0,0
9429,predictor|function,0,0
9430,predictor|functions,0,0
9431,predictor|gradient,0,0
9432,predictor|gradients,0,0
9433,predictor|has,0,0
9434,predictor|helps,0,0
9435,predictor|improvement,0,0
9436,predictor|in,0,0
9437,predictor|inference,0,0
9438,predictor|input,0,0
9439,predictor|inputs,0,0
9440,predictor|instruct,0,0
9441,predictor|intent,0,0
9442,predictor|is,0,0
9443,predictor|itself,0,0
9444,predictor|know,0,0
9445,predictor|language,0,0
9446,predictor|large,0,0
9447,predictor|learn,0,0
9448,predictor|learned,0,0
9449,predictor|likelihood,0,0
9450,predictor|maps,0,0
9451,predictor|mathematical,0,0
9452,predictor|meaning,0,0
9453,predictor|mechanism,0,0
9454,predictor|method,0,0
9455,predictor|minimization,0,0
9456,predictor|model,0,0
9457,predictor|network,0,0
9458,predictor|neural,0,0
9459,predictor|next,0,0
9460,predictor|no,0,0
9461,predictor|nonlinear,0,0
9462,predictor|not,0,0
9463,predictor|number,0,0
9464,predictor|numeric,0,0
9465,predictor|of,0,0
9466,predictor|offset,0,0
9467,predictor|on,0,0
9468,predictor|one,0,0
9469,predictor|optimization,0,0
9470,predictor|output,0,0
9471,predictor|outputs,0,0
9472,predictor|over,0,0
9473,predictor|parameter,0,0
9474,predictor|parameters,0,0
9475,predictor|part,0,0
9476,predictor|patterns,0,0
9477,predictor|people,0,0
9478,predictor|predicted,0,0
9479,predictor|prediction,0,0
9480,predictor|predictor,0,0
9481,predictor|predicts,0,0
9482,predictor|probabilities,0,0
9483,predictor|probability,0,0
9484,predictor|produces,0,0
9485,predictor|prompt,0,0
9486,predictor|reason,0,0
9487,predictor|reduces,0,0
9488,predictor|relevant,0,0
9489,predictor|repeated,0,0
9490,predictor|represents,0,0
9491,predictor|scales,0,0
9492,predictor|shifts,0,0
9493,predictor|slows,0,0
9494,predictor|statistical,0,0
9495,predictor|stops,0,0
9496,predictor|sum,0,0
9497,predictor|sums,0,0
9498,predictor|text,0,0
9499,predictor|the,0,0
9500,predictor|to,0,0
9501,predictor|token,0,0
9502,predictor|tokens,0,0
9503,predictor|trained,0,0
9504,predictor|training,0,0
9505,predictor|truth,0,0
9506,predictor|understand,0,0
9507,predictor|understanding,0,0
9508,predictor|unit,0,0
9509,predictor|updated,0,0
9510,predictor|updates,0,0
9511,predictor|using,0,0
9512,predictor|vector,0,0
9513,predictor|weight,0,0
9514,predictor|weighted,0,0
9515,predictor|weighting,0,0
9516,predictor|what,0,0
9517,predictor|when,0,0
9518,predictor|word,0,0
9519,predictor|zero,0,0
9520,predicts|a,0,0
9521,predicts|adjusts,0,0
9522,predicts|an,0,0
9523,predicts|and,0,0
9524,predicts|applies,0,0
9525,predicts|attention,0,0
9526,predicts|be,0,0
9527,predicts|between,0,0
9528,predicts|bias,0,0
9529,predicts|by,0,0
9530,predicts|can,0,0
9531,predicts|change,0,0
9532,predicts|chosen,0,0
9533,predicts|collection,0,0
9534,predicts|conditions,0,0
9535,predicts|corpus,0,0
9536,predicts|create,0,0
9537,predicts|data,0,0
9538,predicts|descent,0,0
9539,predicts|determines,0,0
9540,predicts|does,0,0
9541,predicts|during,0,0
9542,predicts|embedding,0,0
9543,predicts|emphasizes,0,0
9544,predicts|error,0,0
9545,predicts|fact,0,0
9546,predicts|fit,0,0
9547,predicts|from,0,0
9548,predicts|function,0,0
9549,predicts|functions,0,0
9550,predicts|gradient,0,0
9551,predicts|gradients,0,0
9552,predicts|has,0,0
9553,predicts|helps,0,0
9554,predicts|improvement,0,0
9555,predicts|in,0,0
9556,predicts|inference,0,0
9557,predicts|input,0,0
9558,predicts|inputs,0,0
9559,predicts|instruct,0,0
9560,predicts|intent,0,0
9561,predicts|is,0,0
9562,predicts|itself,0,0
9563,predicts|know,0,0
9564,predicts|language,0,0
9565,predicts|large,0,0
9566,predicts|learn,0,0
9567,predicts|learned,0,0
9568,predicts|likelihood,0,0
9569,predicts|maps,0,0
9570,predicts|mathematical,0,0
9571,predicts|meaning,0,0
9572,predicts|mechanism,0,0
9573,predicts|method,0,0
9574,predicts|minimization,0,0
9575,predicts|model,0,0
9576,predicts|network,0,0
9577,predicts|neural,0,0
9578,predicts|next,0,0
9579,predicts|no,0,0
9580,predicts|nonlinear,0,0
9581,predicts|not,0,0
9582,predicts|number,0,0
9583,predicts|numeric,0,0
9584,predicts|of,0,0
9585,predicts|offset,0,0
9586,predicts|on,0,0
9587,predicts|one,0,0
9588,predicts|optimization,0,0
9589,predicts|output,0,0
9590,predicts|outputs,0,0
9591,predicts|over,0,0
9592,predicts|parameter,0,0
9593,predicts|parameters,0,0
9594,predicts|part,0,0
9595,predicts|patterns,-0.0369,-0.0369
9596,predicts|people,0,0
9597,predicts|predicted,0,0
9598,predicts|prediction,0,0
9599,predicts|predictor,0,0
9600,predicts|predicts,0,0
9601,predicts|probabilities,0,0
9602,predicts|probability,0,0
9603,predicts|produces,0,0
9604,predicts|prompt,0,0
9605,predicts|reason,0,0
9606,predicts|reduces,0,0
9607,predicts|relevant,0,0
9608,predicts|repeated,0,0
9609,predicts|represents,0,0
9610,predicts|scales,0,0
9611,predicts|shifts,0,0
9612,predicts|slows,0,0
9613,predicts|statistical,0,0
9614,predicts|stops,0,0
9615,predicts|sum,0,0
9616,predicts|sums,0,0
9617,predicts|text,0,0
9618,predicts|the,0,0
9619,predicts|to,0,0
9620,predicts|token,0,0
9621,predicts|tokens,0,0
9622,predicts|trained,0,0
9623,predicts|training,0,0
9624,predicts|truth,0,0
9625,predicts|understand,0,0
9626,predicts|understanding,0,0
9627,predicts|unit,0,0
9628,predicts|updated,0,0
9629,predicts|updates,0,0
9630,predicts|using,0,0
9631,predicts|vector,0,0
9632,predicts|weight,0,0
9633,predicts|weighted,0,0
9634,predicts|weighting,0,0
9635,predicts|what,0,0
9636,predicts|when,0,0
9637,predicts|word,0,0
9638,predicts|zero,0,0
9639,probabilities|a,-0.0369,-0.0369
9640,probabilities|adjusts,0,0
9641,probabilities|an,-0.0369,-0.0369
9642,probabilities|and,0,0
9643,probabilities|applies,0,0
9644,probabilities|attention,0,0
9645,probabilities|be,0,0
9646,probabilities|between,0,0
9647,probabilities|bias,0,0
9648,probabilities|by,0,0
9649,probabilities|can,0,0
9650,probabilities|change,0,0
9651,probabilities|chosen,0,0
9652,probabilities|collection,0,0
9653,probabilities|conditions,0,0
9654,probabilities|corpus,0,0
9655,probabilities|create,0,0
9656,probabilities|data,0,0
9657,probabilities|descent,0,0
9658,probabilities|determines,0,0
9659,probabilities|does,0,0
9660,probabilities|during,0,0
9661,probabilities|embedding,0,0
9662,probabilities|emphasizes,0,0
9663,probabilities|error,0,0
9664,probabilities|fact,0,0
9665,probabilities|fit,0,0
9666,probabilities|from,0,0
9667,probabilities|function,0,0
9668,probabilities|functions,0,0
9669,probabilities|gradient,0,0
9670,probabilities|gradients,0,0
9671,probabilities|has,0,0
9672,probabilities|helps,0,0
9673,probabilities|improvement,0,0
9674,probabilities|in,0,0
9675,probabilities|inference,0,0
9676,probabilities|input,0,0
9677,probabilities|inputs,0,0
9678,probabilities|instruct,0,0
9679,probabilities|intent,0,0
9680,probabilities|is,0,0
9681,probabilities|itself,0,0
9682,probabilities|know,0,0
9683,probabilities|language,0,0
9684,probabilities|large,0,0
9685,probabilities|learn,0,0
9686,probabilities|learned,0,0
9687,probabilities|likelihood,0,0
9688,probabilities|maps,0,0
9689,probabilities|mathematical,0,0
9690,probabilities|meaning,0,0
9691,probabilities|mechanism,0,0
9692,probabilities|method,0,0
9693,probabilities|minimization,0,0
9694,probabilities|model,0,0
9695,probabilities|network,0,0
9696,probabilities|neural,0,0
9697,probabilities|next,0,0
9698,probabilities|no,0,0
9699,probabilities|nonlinear,0,0
9700,probabilities|not,0,0
9701,probabilities|number,0,0
9702,probabilities|numeric,0,0
9703,probabilities|of,0,0
9704,probabilities|offset,0,0
9705,probabilities|on,0,0
9706,probabilities|one,0,0
9707,probabilities|optimization,0,0
9708,probabilities|output,0,0
9709,probabilities|outputs,0,0
9710,probabilities|over,-0.0369,-0.0369
9711,probabilities|parameter,0,0
9712,probabilities|parameters,0,0
9713,probabilities|part,0,0
9714,probabilities|patterns,0,0
9715,probabilities|people,0,0
9716,probabilities|predicted,0,0
9717,probabilities|prediction,0,0
9718,probabilities|predictor,0,0
9719,probabilities|predicts,0,0
9720,probabilities|probabilities,0,0
9721,probabilities|probability,0,0
9722,probabilities|produces,0,0
9723,probabilities|prompt,0,0
9724,probabilities|reason,0,0
9725,probabilities|reduces,0,0
9726,probabilities|relevant,0,0
9727,probabilities|repeated,0,0
9728,probabilities|represents,0,0
9729,probabilities|scales,0,0
9730,probabilities|shifts,0,0
9731,probabilities|slows,0,0
9732,probabilities|statistical,0,0
9733,probabilities|stops,0,0
9734,probabilities|sum,-0.0369,-0.0369
9735,probabilities|sums,0,0
9736,probabilities|text,0,0
9737,probabilities|the,0,0
9738,probabilities|to,0,0
9739,probabilities|token,0,0
9740,probabilities|tokens,0,0
9741,probabilities|trained,0,0
9742,probabilities|training,0,0
9743,probabilities|truth,0,0
9744,probabilities|understand,0,0
9745,probabilities|understanding,0,0
9746,probabilities|unit,0,0
9747,probabilities|updated,0,0
9748,probabilities|updates,0,0
9749,probabilities|using,0,0
9750,probabilities|vector,0,0
9751,probabilities|weight,0,0
9752,probabilities|weighted,0,0
9753,probabilities|weighting,0,0
9754,probabilities|what,0,0
9755,probabilities|when,0,0
9756,probabilities|word,0,0
9757,probabilities|zero,0,0
9758,probability|a,0,0
9759,probability|adjusts,0,0
9760,probability|an,0,0
9761,probability|and,0,0
9762,probability|applies,0,0
9763,probability|attention,0,0
9764,probability|be,0,0
9765,probability|between,0,0
9766,probability|bias,0,0
9767,probability|by,0,0
9768,probability|can,0,0
9769,probability|change,0,0
9770,probability|chosen,0,0
9771,probability|collection,0,0
9772,probability|conditions,0,0
9773,probability|corpus,0,0
9774,probability|create,0,0
9775,probability|data,0,0
9776,probability|descent,0,0
9777,probability|determines,0,0
9778,probability|does,0,0
9779,probability|during,0,0
9780,probability|embedding,0,0
9781,probability|emphasizes,0,0
9782,probability|error,0,0
9783,probability|fact,0,0
9784,probability|fit,0,0
9785,probability|from,0,0
9786,probability|function,0,0
9787,probability|functions,0,0
9788,probability|gradient,0,0
9789,probability|gradients,0,0
9790,probability|has,0,0
9791,probability|helps,0,0
9792,probability|improvement,0,0
9793,probability|in,0,0
9794,probability|inference,0,0
9795,probability|input,0,0
9796,probability|inputs,0,0
9797,probability|instruct,0,0
9798,probability|intent,0,0
9799,probability|is,4.3550,-0.0369
9800,probability|itself,0,0
9801,probability|know,0,0
9802,probability|language,0,0
9803,probability|large,0,0
9804,probability|learn,0,0
9805,probability|learned,0,0
9806,probability|likelihood,0,0
9807,probability|maps,0,0
9808,probability|mathematical,0,0
9809,probability|meaning,0,0
9810,probability|mechanism,0,0
9811,probability|method,0,0
9812,probability|minimization,0,0
9813,probability|model,0,0
9814,probability|network,0,0
9815,probability|neural,0,0
9816,probability|next,0,0
9817,probability|no,0,0
9818,probability|nonlinear,0,0
9819,probability|not,0,0
9820,probability|number,0,0
9821,probability|numeric,0,0
9822,probability|of,0,0
9823,probability|offset,0,0
9824,probability|on,0,0
9825,probability|one,0,0
9826,probability|optimization,0,0
9827,probability|output,0,0
9828,probability|outputs,0,0
9829,probability|over,0,0
9830,probability|parameter,0,0
9831,probability|parameters,0,0
9832,probability|part,0,0
9833,probability|patterns,0,0
9834,probability|people,0,0
9835,probability|predicted,0,0
9836,probability|prediction,0,0
9837,probability|predictor,0,0
9838,probability|predicts,0,0
9839,probability|probabilities,0,0
9840,probability|probability,0,0
9841,probability|produces,0,0
9842,probability|prompt,0,0
9843,probability|reason,0,0
9844,probability|reduces,0,0
9845,probability|relevant,0,0
9846,probability|repeated,0,0
9847,probability|represents,-0.0369,-0.0369
9848,probability|scales,0,0
9849,probability|shifts,0,0
9850,probability|slows,0,0
9851,probability|statistical,0,0
9852,probability|stops,0,0
9853,probability|sum,0,0
9854,probability|sums,0,0
9855,probability|text,0,0
9856,probability|the,0,0
9857,probability|to,0,0
9858,probability|token,0,0
9859,probability|tokens,0,0
9860,probability|trained,0,0
9861,probability|training,0,0
9862,probability|truth,0,0
9863,probability|understand,0,0
9864,probability|understanding,0,0
9865,probability|unit,0,0
9866,probability|updated,0,0
9867,probability|updates,0,0
9868,probability|using,0,0
9869,probability|vector,0,0
9870,probability|weight,0,0
9871,probability|weighted,0,0
9872,probability|weighting,0,0
9873,probability|what,0,0
9874,probability|when,0,0
9875,probability|word,0,0
9876,probability|zero,0,0
9877,produces|a,0,0
9878,produces|adjusts,0,0
9879,produces|an,0,0
9880,produces|and,0,0
9881,produces|applies,0,0
9882,produces|attention,0,0
9883,produces|be,0,0
9884,produces|between,0,0
9885,produces|bias,0,0
9886,produces|by,0,0
9887,produces|can,0,0
9888,produces|change,0,0
9889,produces|chosen,0,0
9890,produces|collection,0,0
9891,produces|conditions,0,0
9892,produces|corpus,0,0
9893,produces|create,0,0
9894,produces|data,0,0
9895,produces|descent,0,0
9896,produces|determines,0,0
9897,produces|does,0,0
9898,produces|during,0,0
9899,produces|embedding,0,0
9900,produces|emphasizes,0,0
9901,produces|error,0,0
9902,produces|fact,0,0
9903,produces|fit,0,0
9904,produces|from,0,0
9905,produces|function,0,0
9906,produces|functions,0,0
9907,produces|gradient,0,0
9908,produces|gradients,0,0
9909,produces|has,0,0
9910,produces|helps,0,0
9911,produces|improvement,0,0
9912,produces|in,0,0
9913,produces|inference,0,0
9914,produces|input,0,0
9915,produces|inputs,0,0
9916,produces|instruct,0,0
9917,produces|intent,0,0
9918,produces|is,0,0
9919,produces|itself,0,0
9920,produces|know,0,0
9921,produces|language,0,0
9922,produces|large,0,0
9923,produces|learn,0,0
9924,produces|learned,0,0
9925,produces|likelihood,0,0
9926,produces|maps,0,0
9927,produces|mathematical,0,0
9928,produces|meaning,0,0
9929,produces|mechanism,0,0
9930,produces|method,0,0
9931,produces|minimization,0,0
9932,produces|model,0,0
9933,produces|network,0,0
9934,produces|neural,0,0
9935,produces|next,0,0
9936,produces|no,0,0
9937,produces|nonlinear,0,0
9938,produces|not,0,0
9939,produces|number,0,0
9940,produces|numeric,0,0
9941,produces|of,0,0
9942,produces|offset,0,0
9943,produces|on,0,0
9944,produces|one,0,0
9945,produces|optimization,0,0
9946,produces|output,0,0
9947,produces|outputs,0,0
9948,produces|over,0,0
9949,produces|parameter,0,0
9950,produces|parameters,0,0
9951,produces|part,0,0
9952,produces|patterns,0,0
9953,produces|people,0,0
9954,produces|predicted,0,0
9955,produces|prediction,0,0
9956,produces|predictor,0,0
9957,produces|predicts,0,0
9958,produces|probabilities,4.0413,-0.0688
9959,produces|probability,0,0
9960,produces|produces,0,0
9961,produces|prompt,0,0
9962,produces|reason,0,0
9963,produces|reduces,0,0
9964,produces|relevant,0,0
9965,produces|repeated,0,0
9966,produces|represents,0,0
9967,produces|scales,0,0
9968,produces|shifts,0,0
9969,produces|slows,0,0
9970,produces|statistical,0,0
9971,produces|stops,0,0
9972,produces|sum,0,0
9973,produces|sums,0,0
9974,produces|text,0,0
9975,produces|the,0,0
9976,produces|to,0,0
9977,produces|token,0,0
9978,produces|tokens,0,0
9979,produces|trained,0,0
9980,produces|training,0,0
9981,produces|truth,0,0
9982,produces|understand,0,0
9983,produces|understanding,0,0
9984,produces|unit,0,0
9985,produces|updated,0,0
9986,produces|updates,0,0
9987,produces|using,0,0
9988,produces|vector,0,0
9989,produces|weight,0,0
9990,produces|weighted,0,0
9991,produces|weighting,0,0
9992,produces|what,0,0
9993,produces|when,0,0
9994,produces|word,0,0
9995,produces|zero,0,0
9996,prompt|a,0,0
9997,prompt|adjusts,0,0
9998,prompt|an,0,0
9999,prompt|and,0,0
10000,prompt|applies,0,0
10001,prompt|attention,0,0
10002,prompt|be,0,0
10003,prompt|between,0,0
10004,prompt|bias,0,0
10005,prompt|by,0,0
10006,prompt|can,0,0
10007,prompt|change,0,0
10008,prompt|chosen,0,0
10009,prompt|collection,0,0
10010,prompt|conditions,-0.0369,-0.0369
10011,prompt|corpus,0,0
10012,prompt|create,0,0
10013,prompt|data,0,0
10014,prompt|descent,0,0
10015,prompt|determines,0,0
10016,prompt|does,-0.0369,-0.0369
10017,prompt|during,0,0
10018,prompt|embedding,0,0
10019,prompt|emphasizes,0,0
10020,prompt|error,0,0
10021,prompt|fact,0,0
10022,prompt|fit,0,0
10023,prompt|from,0,0
10024,prompt|function,0,0
10025,prompt|functions,0,0
10026,prompt|gradient,0,0
10027,prompt|gradients,0,0
10028,prompt|has,0,0
10029,prompt|helps,0,0
10030,prompt|improvement,0,0
10031,prompt|in,0,0
10032,prompt|inference,0,0
10033,prompt|input,0,0
10034,prompt|inputs,0,0
10035,prompt|instruct,0,0
10036,prompt|intent,0,0
10037,prompt|is,-0.0369,-0.0369
10038,prompt|itself,0,0
10039,prompt|know,0,0
10040,prompt|language,0,0
10041,prompt|large,0,0
10042,prompt|learn,0,0
10043,prompt|learned,0,0
10044,prompt|likelihood,0,0
10045,prompt|maps,0,0
10046,prompt|mathematical,0,0
10047,prompt|meaning,0,0
10048,prompt|mechanism,0,0
10049,prompt|method,0,0
10050,prompt|minimization,0,0
10051,prompt|model,0,0
10052,prompt|network,0,0
10053,prompt|neural,0,0
10054,prompt|next,0,0
10055,prompt|no,0,0
10056,prompt|nonlinear,0,0
10057,prompt|not,0,0
10058,prompt|number,0,0
10059,prompt|numeric,0,0
10060,prompt|of,0,0
10061,prompt|offset,0,0
10062,prompt|on,0,0
10063,prompt|one,0,0
10064,prompt|optimization,0,0
10065,prompt|output,0,0
10066,prompt|outputs,0,0
10067,prompt|over,0,0
10068,prompt|parameter,0,0
10069,prompt|parameters,0,0
10070,prompt|part,0,0
10071,prompt|patterns,0,0
10072,prompt|people,0,0
10073,prompt|predicted,0,0
10074,prompt|prediction,0,0
10075,prompt|predictor,0,0
10076,prompt|predicts,0,0
10077,prompt|probabilities,0,0
10078,prompt|probability,0,0
10079,prompt|produces,0,0
10080,prompt|prompt,0,0
10081,prompt|reason,0,0
10082,prompt|reduces,0,0
10083,prompt|relevant,0,0
10084,prompt|repeated,0,0
10085,prompt|represents,0,0
10086,prompt|scales,0,0
10087,prompt|shifts,0,0
10088,prompt|slows,0,0
10089,prompt|statistical,0,0
10090,prompt|stops,0,0
10091,prompt|sum,0,0
10092,prompt|sums,0,0
10093,prompt|text,0,0
10094,prompt|the,0,0
10095,prompt|to,0,0
10096,prompt|token,0,0
10097,prompt|tokens,0,0
10098,prompt|trained,0,0
10099,prompt|training,0,0
10100,prompt|truth,0,0
10101,prompt|understand,0,0
10102,prompt|understanding,0,0
10103,prompt|unit,0,0
10104,prompt|updated,0,0
10105,prompt|updates,0,0
10106,prompt|using,0,0
10107,prompt|vector,0,0
10108,prompt|weight,0,0
10109,prompt|weighted,0,0
10110,prompt|weighting,0,0
10111,prompt|what,0,0
10112,prompt|when,0,0
10113,prompt|word,0,0
10114,prompt|zero,0,0
10115,reason|a,-0.0369,-0.0369
10116,reason|adjusts,0,0
10117,reason|an,0,0
10118,reason|and,0,0
10119,reason|applies,0,0
10120,reason|attention,0,0
10121,reason|be,0,0
10122,reason|between,0,0
10123,reason|bias,0,0
10124,reason|by,0,0
10125,reason|can,0,0
10126,reason|change,0,0
10127,reason|chosen,0,0
10128,reason|collection,0,0
10129,reason|conditions,0,0
10130,reason|corpus,0,0
10131,reason|create,0,0
10132,reason|data,0,0
10133,reason|descent,0,0
10134,reason|determines,0,0
10135,reason|does,0,0
10136,reason|during,0,0
10137,reason|embedding,0,0
10138,reason|emphasizes,0,0
10139,reason|error,0,0
10140,reason|fact,0,0
10141,reason|fit,0,0
10142,reason|from,0,0
10143,reason|function,0,0
10144,reason|functions,0,0
10145,reason|gradient,0,0
10146,reason|gradients,0,0
10147,reason|has,0,0
10148,reason|helps,0,0
10149,reason|improvement,0,0
10150,reason|in,0,0
10151,reason|inference,0,0
10152,reason|input,0,0
10153,reason|inputs,0,0
10154,reason|instruct,0,0
10155,reason|intent,0,0
10156,reason|is,0,0
10157,reason|itself,0,0
10158,reason|know,0,0
10159,reason|language,0,0
10160,reason|large,0,0
10161,reason|learn,0,0
10162,reason|learned,0,0
10163,reason|likelihood,0,0
10164,reason|maps,0,0
10165,reason|mathematical,0,0
10166,reason|meaning,0,0
10167,reason|mechanism,0,0
10168,reason|method,0,0
10169,reason|minimization,0,0
10170,reason|model,0,0
10171,reason|network,0,0
10172,reason|neural,0,0
10173,reason|next,0,0
10174,reason|no,0,0
10175,reason|nonlinear,0,0
10176,reason|not,0,0
10177,reason|number,0,0
10178,reason|numeric,0,0
10179,reason|of,0,0
10180,reason|offset,0,0
10181,reason|on,0,0
10182,reason|one,0,0
10183,reason|optimization,0,0
10184,reason|output,0,0
10185,reason|outputs,0,0
10186,reason|over,0,0
10187,reason|parameter,0,0
10188,reason|parameters,0,0
10189,reason|part,0,0
10190,reason|patterns,0,0
10191,reason|people,0,0
10192,reason|predicted,0,0
10193,reason|prediction,0,0
10194,reason|predictor,0,0
10195,reason|predicts,0,0
10196,reason|probabilities,0,0
10197,reason|probability,0,0
10198,reason|produces,0,0
10199,reason|prompt,0,0
10200,reason|reason,0,0
10201,reason|reduces,0,0
10202,reason|relevant,0,0
10203,reason|repeated,0,0
10204,reason|represents,0,0
10205,reason|scales,0,0
10206,reason|shifts,0,0
10207,reason|slows,0,0
10208,reason|statistical,0,0
10209,reason|stops,0,0
10210,reason|sum,0,0
10211,reason|sums,0,0
10212,reason|text,0,0
10213,reason|the,0,0
10214,reason|to,0,0
10215,reason|token,0,0
10216,reason|tokens,0,0
10217,reason|trained,0,0
10218,reason|training,0,0
10219,reason|truth,0,0
10220,reason|understand,0,0
10221,reason|understanding,0,0
10222,reason|unit,0,0
10223,reason|updated,0,0
10224,reason|updates,0,0
10225,reason|using,0,0
10226,reason|vector,0,0
10227,reason|weight,0,0
10228,reason|weighted,0,0
10229,reason|weighting,0,0
10230,reason|what,0,0
10231,reason|when,0,0
10232,reason|word,0,0
10233,reason|zero,0,0
10234,reduces|a,0,0
10235,reduces|adjusts,0,0
10236,reduces|an,0,0
10237,reduces|and,0,0
10238,reduces|applies,0,0
10239,reduces|attention,0,0
10240,reduces|be,0,0
10241,reduces|between,0,0
10242,reduces|bias,0,0
10243,reduces|by,0,0
10244,reduces|can,0,0
10245,reduces|change,0,0
10246,reduces|chosen,0,0
10247,reduces|collection,0,0
10248,reduces|conditions,0,0
10249,reduces|corpus,0,0
10250,reduces|create,0,0
10251,reduces|data,0,0
10252,reduces|descent,0,0
10253,reduces|determines,0,0
10254,reduces|does,0,0
10255,reduces|during,0,0
10256,reduces|embedding,0,0
10257,reduces|emphasizes,0,0
10258,reduces|error,0,0
10259,reduces|fact,0,0
10260,reduces|fit,0,0
10261,reduces|from,0,0
10262,reduces|function,0,0
10263,reduces|functions,0,0
10264,reduces|gradient,0,0
10265,reduces|gradients,0,0
10266,reduces|has,0,0
10267,reduces|helps,0,0
10268,reduces|improvement,0,0
10269,reduces|in,0,0
10270,reduces|inference,0,0
10271,reduces|input,0,0
10272,reduces|inputs,0,0
10273,reduces|instruct,0,0
10274,reduces|intent,0,0
10275,reduces|is,0,0
10276,reduces|itself,0,0
10277,reduces|know,0,0
10278,reduces|language,0,0
10279,reduces|large,0,0
10280,reduces|learn,0,0
10281,reduces|learned,0,0
10282,reduces|likelihood,0,0
10283,reduces|maps,0,0
10284,reduces|mathematical,0,0
10285,reduces|meaning,0,0
10286,reduces|mechanism,0,0
10287,reduces|method,0,0
10288,reduces|minimization,0,0
10289,reduces|model,0,0
10290,reduces|network,0,0
10291,reduces|neural,0,0
10292,reduces|next,0,0
10293,reduces|no,0,0
10294,reduces|nonlinear,0,0
10295,reduces|not,0,0
10296,reduces|number,0,0
10297,reduces|numeric,0,0
10298,reduces|of,0,0
10299,reduces|offset,0,0
10300,reduces|on,0,0
10301,reduces|one,0,0
10302,reduces|optimization,0,0
10303,reduces|output,0,0
10304,reduces|outputs,0,0
10305,reduces|over,0,0
10306,reduces|parameter,0,0
10307,reduces|parameters,0,0
10308,reduces|part,0,0
10309,reduces|patterns,0,0
10310,reduces|people,0,0
10311,reduces|predicted,0,0
10312,reduces|prediction,-0.0369,-0.0369
10313,reduces|predictor,0,0
10314,reduces|predicts,0,0
10315,reduces|probabilities,0,0
10316,reduces|probability,0,0
10317,reduces|produces,0,0
10318,reduces|prompt,0,0
10319,reduces|reason,0,0
10320,reduces|reduces,0,0
10321,reduces|relevant,0,0
10322,reduces|repeated,0,0
10323,reduces|represents,0,0
10324,reduces|scales,0,0
10325,reduces|shifts,0,0
10326,reduces|slows,0,0
10327,reduces|statistical,0,0
10328,reduces|stops,0,0
10329,reduces|sum,0,0
10330,reduces|sums,0,0
10331,reduces|text,0,0
10332,reduces|the,0,0
10333,reduces|to,0,0
10334,reduces|token,0,0
10335,reduces|tokens,0,0
10336,reduces|trained,0,0
10337,reduces|training,0,0
10338,reduces|truth,0,0
10339,reduces|understand,0,0
10340,reduces|understanding,0,0
10341,reduces|unit,0,0
10342,reduces|updated,0,0
10343,reduces|updates,0,0
10344,reduces|using,0,0
10345,reduces|vector,0,0
10346,reduces|weight,0,0
10347,reduces|weighted,0,0
10348,reduces|weighting,0,0
10349,reduces|what,0,0
10350,reduces|when,0,0
10351,reduces|word,0,0
10352,reduces|zero,0,0
10353,relevant|a,0,0
10354,relevant|adjusts,0,0
10355,relevant|an,0,0
10356,relevant|and,0,0
10357,relevant|applies,0,0
10358,relevant|attention,0,0
10359,relevant|be,0,0
10360,relevant|between,0,0
10361,relevant|bias,0,0
10362,relevant|by,0,0
10363,relevant|can,0,0
10364,relevant|change,0,0
10365,relevant|chosen,0,0
10366,relevant|collection,0,0
10367,relevant|conditions,0,0
10368,relevant|corpus,0,0
10369,relevant|create,0,0
10370,relevant|data,0,0
10371,relevant|descent,0,0
10372,relevant|determines,0,0
10373,relevant|does,0,0
10374,relevant|during,0,0
10375,relevant|embedding,0,0
10376,relevant|emphasizes,0,0
10377,relevant|error,0,0
10378,relevant|fact,0,0
10379,relevant|fit,0,0
10380,relevant|from,0,0
10381,relevant|function,0,0
10382,relevant|functions,0,0
10383,relevant|gradient,0,0
10384,relevant|gradients,0,0
10385,relevant|has,0,0
10386,relevant|helps,0,0
10387,relevant|improvement,0,0
10388,relevant|in,0,0
10389,relevant|inference,0,0
10390,relevant|input,0,0
10391,relevant|inputs,0,0
10392,relevant|instruct,0,0
10393,relevant|intent,0,0
10394,relevant|is,0,0
10395,relevant|itself,0,0
10396,relevant|know,0,0
10397,relevant|language,0,0
10398,relevant|large,0,0
10399,relevant|learn,0,0
10400,relevant|learned,0,0
10401,relevant|likelihood,0,0
10402,relevant|maps,0,0
10403,relevant|mathematical,0,0
10404,relevant|meaning,0,0
10405,relevant|mechanism,0,0
10406,relevant|method,0,0
10407,relevant|minimization,0,0
10408,relevant|model,0,0
10409,relevant|network,0,0
10410,relevant|neural,0,0
10411,relevant|next,0,0
10412,relevant|no,0,0
10413,relevant|nonlinear,0,0
10414,relevant|not,0,0
10415,relevant|number,0,0
10416,relevant|numeric,0,0
10417,relevant|of,0,0
10418,relevant|offset,0,0
10419,relevant|on,0,0
10420,relevant|one,0,0
10421,relevant|optimization,0,0
10422,relevant|output,0,0
10423,relevant|outputs,0,0
10424,relevant|over,0,0
10425,relevant|parameter,0,0
10426,relevant|parameters,0,0
10427,relevant|part,0,0
10428,relevant|patterns,0,0
10429,relevant|people,0,0
10430,relevant|predicted,0,0
10431,relevant|prediction,0,0
10432,relevant|predictor,0,0
10433,relevant|predicts,0,0
10434,relevant|probabilities,0,0
10435,relevant|probability,0,0
10436,relevant|produces,0,0
10437,relevant|prompt,0,0
10438,relevant|reason,0,0
10439,relevant|reduces,0,0
10440,relevant|relevant,0,0
10441,relevant|repeated,0,0
10442,relevant|represents,0,0
10443,relevant|scales,0,0
10444,relevant|shifts,0,0
10445,relevant|slows,0,0
10446,relevant|statistical,0,0
10447,relevant|stops,0,0
10448,relevant|sum,0,0
10449,relevant|sums,0,0
10450,relevant|text,0,0
10451,relevant|the,0,0
10452,relevant|to,0,0
10453,relevant|token,0,0
10454,relevant|tokens,-0.0369,-0.0369
10455,relevant|trained,0,0
10456,relevant|training,0,0
10457,relevant|truth,0,0
10458,relevant|understand,0,0
10459,relevant|understanding,0,0
10460,relevant|unit,0,0
10461,relevant|updated,0,0
10462,relevant|updates,0,0
10463,relevant|using,0,0
10464,relevant|vector,0,0
10465,relevant|weight,0,0
10466,relevant|weighted,0,0
10467,relevant|weighting,0,0
10468,relevant|what,0,0
10469,relevant|when,0,0
10470,relevant|word,0,0
10471,relevant|zero,0,0
10472,repeated|a,0,0
10473,repeated|adjusts,0,0
10474,repeated|an,0,0
10475,repeated|and,0,0
10476,repeated|applies,0,0
10477,repeated|attention,0,0
10478,repeated|be,0,0
10479,repeated|between,0,0
10480,repeated|bias,0,0
10481,repeated|by,0,0
10482,repeated|can,0,0
10483,repeated|change,0,0
10484,repeated|chosen,0,0
10485,repeated|collection,0,0
10486,repeated|conditions,0,0
10487,repeated|corpus,0,0
10488,repeated|create,0,0
10489,repeated|data,0,0
10490,repeated|descent,0,0
10491,repeated|determines,0,0
10492,repeated|does,0,0
10493,repeated|during,0,0
10494,repeated|embedding,0,0
10495,repeated|emphasizes,0,0
10496,repeated|error,-0.0369,-0.0369
10497,repeated|fact,0,0
10498,repeated|fit,0,0
10499,repeated|from,0,0
10500,repeated|function,0,0
10501,repeated|functions,0,0
10502,repeated|gradient,0,0
10503,repeated|gradients,0,0
10504,repeated|has,0,0
10505,repeated|helps,0,0
10506,repeated|improvement,0,0
10507,repeated|in,0,0
10508,repeated|inference,0,0
10509,repeated|input,0,0
10510,repeated|inputs,0,0
10511,repeated|instruct,0,0
10512,repeated|intent,0,0
10513,repeated|is,0,0
10514,repeated|itself,0,0
10515,repeated|know,0,0
10516,repeated|language,0,0
10517,repeated|large,0,0
10518,repeated|learn,0,0
10519,repeated|learned,0,0
10520,repeated|likelihood,0,0
10521,repeated|maps,0,0
10522,repeated|mathematical,0,0
10523,repeated|meaning,0,0
10524,repeated|mechanism,0,0
10525,repeated|method,0,0
10526,repeated|minimization,0,0
10527,repeated|model,0,0
10528,repeated|network,0,0
10529,repeated|neural,0,0
10530,repeated|next,0,0
10531,repeated|no,0,0
10532,repeated|nonlinear,0,0
10533,repeated|not,0,0
10534,repeated|number,0,0
10535,repeated|numeric,0,0
10536,repeated|of,0,0
10537,repeated|offset,0,0
10538,repeated|on,0,0
10539,repeated|one,0,0
10540,repeated|optimization,0,0
10541,repeated|output,0,0
10542,repeated|outputs,0,0
10543,repeated|over,0,0
10544,repeated|parameter,0,0
10545,repeated|parameters,0,0
10546,repeated|part,0,0
10547,repeated|patterns,0,0
10548,repeated|people,0,0
10549,repeated|predicted,0,0
10550,repeated|prediction,0,0
10551,repeated|predictor,0,0
10552,repeated|predicts,0,0
10553,repeated|probabilities,0,0
10554,repeated|probability,0,0
10555,repeated|produces,0,0
10556,repeated|prompt,0,0
10557,repeated|reason,0,0
10558,repeated|reduces,0,0
10559,repeated|relevant,0,0
10560,repeated|repeated,0,0
10561,repeated|represents,0,0
10562,repeated|scales,0,0
10563,repeated|shifts,0,0
10564,repeated|slows,0,0
10565,repeated|statistical,0,0
10566,repeated|stops,0,0
10567,repeated|sum,0,0
10568,repeated|sums,0,0
10569,repeated|text,0,0
10570,repeated|the,0,0
10571,repeated|to,0,0
10572,repeated|token,0,0
10573,repeated|tokens,0,0
10574,repeated|trained,0,0
10575,repeated|training,0,0
10576,repeated|truth,0,0
10577,repeated|understand,0,0
10578,repeated|understanding,0,0
10579,repeated|unit,0,0
10580,repeated|updated,0,0
10581,repeated|updates,0,0
10582,repeated|using,0,0
10583,repeated|vector,0,0
10584,repeated|weight,0,0
10585,repeated|weighted,0,0
10586,repeated|weighting,0,0
10587,repeated|what,0,0
10588,repeated|when,0,0
10589,repeated|word,0,0
10590,repeated|zero,0,0
10591,represents|a,-0.0369,-0.0369
10592,represents|adjusts,0,0
10593,represents|an,0,0
10594,represents|and,0,0
10595,represents|applies,0,0
10596,represents|attention,0,0
10597,represents|be,0,0
10598,represents|between,0,0
10599,represents|bias,0,0
10600,represents|by,0,0
10601,represents|can,0,0
10602,represents|change,0,0
10603,represents|chosen,0,0
10604,represents|collection,0,0
10605,represents|conditions,0,0
10606,represents|corpus,0,0
10607,represents|create,0,0
10608,represents|data,0,0
10609,represents|descent,0,0
10610,represents|determines,0,0
10611,represents|does,0,0
10612,represents|during,0,0
10613,represents|embedding,0,0
10614,represents|emphasizes,0,0
10615,represents|error,0,0
10616,represents|fact,0,0
10617,represents|fit,0,0
10618,represents|from,0,0
10619,represents|function,0,0
10620,represents|functions,0,0
10621,represents|gradient,0,0
10622,represents|gradients,0,0
10623,represents|has,0,0
10624,represents|helps,0,0
10625,represents|improvement,0,0
10626,represents|in,0,0
10627,represents|inference,0,0
10628,represents|input,0,0
10629,represents|inputs,0,0
10630,represents|instruct,0,0
10631,represents|intent,0,0
10632,represents|is,0,0
10633,represents|itself,0,0
10634,represents|know,0,0
10635,represents|language,0,0
10636,represents|large,0,0
10637,represents|learn,0,0
10638,represents|learned,0,0
10639,represents|likelihood,-0.0369,-0.0369
10640,represents|maps,0,0
10641,represents|mathematical,0,0
10642,represents|meaning,0,0
10643,represents|mechanism,0,0
10644,represents|method,0,0
10645,represents|minimization,0,0
10646,represents|model,0,0
10647,represents|network,0,0
10648,represents|neural,0,0
10649,represents|next,0,0
10650,represents|no,0,0
10651,represents|nonlinear,0,0
10652,represents|not,0,0
10653,represents|number,0,0
10654,represents|numeric,0,0
10655,represents|of,0,0
10656,represents|offset,0,0
10657,represents|on,0,0
10658,represents|one,0,0
10659,represents|optimization,0,0
10660,represents|output,0,0
10661,represents|outputs,0,0
10662,represents|over,0,0
10663,represents|parameter,0,0
10664,represents|parameters,0,0
10665,represents|part,0,0
10666,represents|patterns,0,0
10667,represents|people,0,0
10668,represents|predicted,0,0
10669,represents|prediction,0,0
10670,represents|predictor,0,0
10671,represents|predicts,0,0
10672,represents|probabilities,0,0
10673,represents|probability,0,0
10674,represents|produces,0,0
10675,represents|prompt,0,0
10676,represents|reason,0,0
10677,represents|reduces,0,0
10678,represents|relevant,0,0
10679,represents|repeated,0,0
10680,represents|represents,0,0
10681,represents|scales,0,0
10682,represents|shifts,0,0
10683,represents|slows,0,0
10684,represents|statistical,0,0
10685,represents|stops,0,0
10686,represents|sum,0,0
10687,represents|sums,0,0
10688,represents|text,0,0
10689,represents|the,0,0
10690,represents|to,0,0
10691,represents|token,0,0
10692,represents|tokens,0,0
10693,represents|trained,0,0
10694,represents|training,0,0
10695,represents|truth,0,0
10696,represents|understand,0,0
10697,represents|understanding,0,0
10698,represents|unit,0,0
10699,represents|updated,0,0
10700,represents|updates,0,0
10701,represents|using,0,0
10702,represents|vector,0,0
10703,represents|weight,0,0
10704,represents|weighted,0,0
10705,represents|weighting,0,0
10706,represents|what,0,0
10707,represents|when,0,0
10708,represents|word,0,0
10709,represents|zero,0,0
10710,scales|a,0,0
10711,scales|adjusts,0,0
10712,scales|an,-0.0369,-0.0369
10713,scales|and,0,0
10714,scales|applies,0,0
10715,scales|attention,0,0
10716,scales|be,0,0
10717,scales|between,0,0
10718,scales|bias,0,0
10719,scales|by,0,0
10720,scales|can,0,0
10721,scales|change,0,0
10722,scales|chosen,0,0
10723,scales|collection,0,0
10724,scales|conditions,0,0
10725,scales|corpus,0,0
10726,scales|create,0,0
10727,scales|data,0,0
10728,scales|descent,0,0
10729,scales|determines,0,0
10730,scales|does,0,0
10731,scales|during,0,0
10732,scales|embedding,0,0
10733,scales|emphasizes,0,0
10734,scales|error,0,0
10735,scales|fact,0,0
10736,scales|fit,0,0
10737,scales|from,0,0
10738,scales|function,0,0
10739,scales|functions,0,0
10740,scales|gradient,0,0
10741,scales|gradients,0,0
10742,scales|has,0,0
10743,scales|helps,0,0
10744,scales|improvement,0,0
10745,scales|in,0,0
10746,scales|inference,0,0
10747,scales|input,0,0
10748,scales|inputs,0,0
10749,scales|instruct,0,0
10750,scales|intent,0,0
10751,scales|is,0,0
10752,scales|itself,0,0
10753,scales|know,0,0
10754,scales|language,0,0
10755,scales|large,0,0
10756,scales|learn,0,0
10757,scales|learned,0,0
10758,scales|likelihood,0,0
10759,scales|maps,0,0
10760,scales|mathematical,0,0
10761,scales|meaning,0,0
10762,scales|mechanism,0,0
10763,scales|method,0,0
10764,scales|minimization,0,0
10765,scales|model,0,0
10766,scales|network,0,0
10767,scales|neural,0,0
10768,scales|next,0,0
10769,scales|no,0,0
10770,scales|nonlinear,0,0
10771,scales|not,0,0
10772,scales|number,0,0
10773,scales|numeric,0,0
10774,scales|of,0,0
10775,scales|offset,0,0
10776,scales|on,0,0
10777,scales|one,0,0
10778,scales|optimization,0,0
10779,scales|output,0,0
10780,scales|outputs,0,0
10781,scales|over,0,0
10782,scales|parameter,0,0
10783,scales|parameters,0,0
10784,scales|part,0,0
10785,scales|patterns,0,0
10786,scales|people,0,0
10787,scales|predicted,0,0
10788,scales|prediction,0,0
10789,scales|predictor,0,0
10790,scales|predicts,0,0
10791,scales|probabilities,0,0
10792,scales|probability,0,0
10793,scales|produces,0,0
10794,scales|prompt,0,0
10795,scales|reason,0,0
10796,scales|reduces,0,0
10797,scales|relevant,0,0
10798,scales|repeated,0,0
10799,scales|represents,0,0
10800,scales|scales,0,0
10801,scales|shifts,0,0
10802,scales|slows,0,0
10803,scales|statistical,0,0
10804,scales|stops,0,0
10805,scales|sum,0,0
10806,scales|sums,0,0
10807,scales|text,0,0
10808,scales|the,0,0
10809,scales|to,0,0
10810,scales|token,0,0
10811,scales|tokens,0,0
10812,scales|trained,0,0
10813,scales|training,0,0
10814,scales|truth,0,0
10815,scales|understand,0,0
10816,scales|understanding,0,0
10817,scales|unit,0,0
10818,scales|updated,0,0
10819,scales|updates,0,0
10820,scales|using,0,0
10821,scales|vector,0,0
10822,scales|weight,0,0
10823,scales|weighted,0,0
10824,scales|weighting,0,0
10825,scales|what,0,0
10826,scales|when,0,0
10827,scales|word,0,0
10828,scales|zero,0,0
10829,shifts|a,-0.0369,-0.0369
10830,shifts|adjusts,0,0
10831,shifts|an,0,0
10832,shifts|and,0,0
10833,shifts|applies,0,0
10834,shifts|attention,0,0
10835,shifts|be,0,0
10836,shifts|between,0,0
10837,shifts|bias,0,0
10838,shifts|by,0,0
10839,shifts|can,0,0
10840,shifts|change,0,0
10841,shifts|chosen,0,0
10842,shifts|collection,0,0
10843,shifts|conditions,0,0
10844,shifts|corpus,0,0
10845,shifts|create,0,0
10846,shifts|data,0,0
10847,shifts|descent,0,0
10848,shifts|determines,0,0
10849,shifts|does,0,0
10850,shifts|during,0,0
10851,shifts|embedding,0,0
10852,shifts|emphasizes,0,0
10853,shifts|error,0,0
10854,shifts|fact,0,0
10855,shifts|fit,0,0
10856,shifts|from,0,0
10857,shifts|function,0,0
10858,shifts|functions,0,0
10859,shifts|gradient,0,0
10860,shifts|gradients,0,0
10861,shifts|has,0,0
10862,shifts|helps,0,0
10863,shifts|improvement,0,0
10864,shifts|in,0,0
10865,shifts|inference,0,0
10866,shifts|input,0,0
10867,shifts|inputs,0,0
10868,shifts|instruct,0,0
10869,shifts|intent,0,0
10870,shifts|is,0,0
10871,shifts|itself,0,0
10872,shifts|know,0,0
10873,shifts|language,0,0
10874,shifts|large,0,0
10875,shifts|learn,0,0
10876,shifts|learned,0,0
10877,shifts|likelihood,0,0
10878,shifts|maps,0,0
10879,shifts|mathematical,0,0
10880,shifts|meaning,0,0
10881,shifts|mechanism,0,0
10882,shifts|method,0,0
10883,shifts|minimization,0,0
10884,shifts|model,0,0
10885,shifts|network,0,0
10886,shifts|neural,0,0
10887,shifts|next,0,0
10888,shifts|no,0,0
10889,shifts|nonlinear,0,0
10890,shifts|not,0,0
10891,shifts|number,0,0
10892,shifts|numeric,0,0
10893,shifts|of,0,0
10894,shifts|offset,0,0
10895,shifts|on,0,0
10896,shifts|one,0,0
10897,shifts|optimization,0,0
10898,shifts|output,0,0
10899,shifts|outputs,0,0
10900,shifts|over,0,0
10901,shifts|parameter,0,0
10902,shifts|parameters,0,0
10903,shifts|part,0,0
10904,shifts|patterns,0,0
10905,shifts|people,0,0
10906,shifts|predicted,0,0
10907,shifts|prediction,0,0
10908,shifts|predictor,0,0
10909,shifts|predicts,0,0
10910,shifts|probabilities,0,0
10911,shifts|probability,0,0
10912,shifts|produces,0,0
10913,shifts|prompt,0,0
10914,shifts|reason,0,0
10915,shifts|reduces,0,0
10916,shifts|relevant,0,0
10917,shifts|repeated,0,0
10918,shifts|represents,0,0
10919,shifts|scales,0,0
10920,shifts|shifts,0,0
10921,shifts|slows,0,0
10922,shifts|statistical,0,0
10923,shifts|stops,0,0
10924,shifts|sum,0,0
10925,shifts|sums,0,0
10926,shifts|text,0,0
10927,shifts|the,0,0
10928,shifts|to,0,0
10929,shifts|token,0,0
10930,shifts|tokens,0,0
10931,shifts|trained,0,0
10932,shifts|training,0,0
10933,shifts|truth,0,0
10934,shifts|understand,0,0
10935,shifts|understanding,0,0
10936,shifts|unit,0,0
10937,shifts|updated,0,0
10938,shifts|updates,0,0
10939,shifts|using,0,0
10940,shifts|vector,0,0
10941,shifts|weight,0,0
10942,shifts|weighted,0,0
10943,shifts|weighting,0,0
10944,shifts|what,0,0
10945,shifts|when,0,0
10946,shifts|word,0,0
10947,shifts|zero,0,0
10948,slows|a,-0.0369,-0.0369
10949,slows|adjusts,0,0
10950,slows|an,0,0
10951,slows|and,0,0
10952,slows|applies,0,0
10953,slows|attention,0,0
10954,slows|be,0,0
10955,slows|between,0,0
10956,slows|bias,0,0
10957,slows|by,0,0
10958,slows|can,0,0
10959,slows|change,0,0
10960,slows|chosen,0,0
10961,slows|collection,0,0
10962,slows|conditions,0,0
10963,slows|corpus,0,0
10964,slows|create,0,0
10965,slows|data,0,0
10966,slows|descent,0,0
10967,slows|determines,0,0
10968,slows|does,0,0
10969,slows|during,0,0
10970,slows|embedding,0,0
10971,slows|emphasizes,0,0
10972,slows|error,0,0
10973,slows|fact,0,0
10974,slows|fit,0,0
10975,slows|from,0,0
10976,slows|function,0,0
10977,slows|functions,0,0
10978,slows|gradient,0,0
10979,slows|gradients,0,0
10980,slows|has,0,0
10981,slows|helps,0,0
10982,slows|improvement,0,0
10983,slows|in,0,0
10984,slows|inference,0,0
10985,slows|input,0,0
10986,slows|inputs,0,0
10987,slows|instruct,0,0
10988,slows|intent,0,0
10989,slows|is,0,0
10990,slows|itself,0,0
10991,slows|know,0,0
10992,slows|language,0,0
10993,slows|large,0,0
10994,slows|learn,0,0
10995,slows|learned,0,0
10996,slows|likelihood,0,0
10997,slows|maps,0,0
10998,slows|mathematical,0,0
10999,slows|meaning,0,0
11000,slows|mechanism,0,0
11001,slows|method,0,0
11002,slows|minimization,0,0
11003,slows|model,0,0
11004,slows|network,0,0
11005,slows|neural,0,0
11006,slows|next,0,0
11007,slows|no,0,0
11008,slows|nonlinear,0,0
11009,slows|not,0,0
11010,slows|number,0,0
11011,slows|numeric,0,0
11012,slows|of,0,0
11013,slows|offset,0,0
11014,slows|on,0,0
11015,slows|one,0,0
11016,slows|optimization,0,0
11017,slows|output,0,0
11018,slows|outputs,0,0
11019,slows|over,0,0
11020,slows|parameter,0,0
11021,slows|parameters,0,0
11022,slows|part,0,0
11023,slows|patterns,0,0
11024,slows|people,0,0
11025,slows|predicted,0,0
11026,slows|prediction,0,0
11027,slows|predictor,0,0
11028,slows|predicts,0,0
11029,slows|probabilities,0,0
11030,slows|probability,0,0
11031,slows|produces,0,0
11032,slows|prompt,0,0
11033,slows|reason,0,0
11034,slows|reduces,0,0
11035,slows|relevant,0,0
11036,slows|repeated,0,0
11037,slows|represents,0,0
11038,slows|scales,0,0
11039,slows|shifts,0,0
11040,slows|slows,0,0
11041,slows|statistical,0,0
11042,slows|stops,0,0
11043,slows|sum,0,0
11044,slows|sums,0,0
11045,slows|text,0,0
11046,slows|the,0,0
11047,slows|to,0,0
11048,slows|token,0,0
11049,slows|tokens,0,0
11050,slows|trained,0,0
11051,slows|training,0,0
11052,slows|truth,0,0
11053,slows|understand,0,0
11054,slows|understanding,0,0
11055,slows|unit,0,0
11056,slows|updated,0,0
11057,slows|updates,0,0
11058,slows|using,0,0
11059,slows|vector,0,0
11060,slows|weight,0,0
11061,slows|weighted,0,0
11062,slows|weighting,0,0
11063,slows|what,0,0
11064,slows|when,0,0
11065,slows|word,0,0
11066,slows|zero,0,0
11067,statistical|a,0,0
11068,statistical|adjusts,0,0
11069,statistical|an,0,0
11070,statistical|and,0,0
11071,statistical|applies,0,0
11072,statistical|attention,0,0
11073,statistical|be,0,0
11074,statistical|between,0,0
11075,statistical|bias,0,0
11076,statistical|by,0,0
11077,statistical|can,0,0
11078,statistical|change,0,0
11079,statistical|chosen,0,0
11080,statistical|collection,0,0
11081,statistical|conditions,0,0
11082,statistical|corpus,0,0
11083,statistical|create,0,0
11084,statistical|data,0,0
11085,statistical|descent,0,0
11086,statistical|determines,0,0
11087,statistical|does,0,0
11088,statistical|during,0,0
11089,statistical|embedding,0,0
11090,statistical|emphasizes,0,0
11091,statistical|error,0,0
11092,statistical|fact,0,0
11093,statistical|fit,0,0
11094,statistical|from,0,0
11095,statistical|function,0,0
11096,statistical|functions,0,0
11097,statistical|gradient,0,0
11098,statistical|gradients,0,0
11099,statistical|has,0,0
11100,statistical|helps,0,0
11101,statistical|improvement,0,0
11102,statistical|in,0,0
11103,statistical|inference,0,0
11104,statistical|input,0,0
11105,statistical|inputs,0,0
11106,statistical|instruct,0,0
11107,statistical|intent,0,0
11108,statistical|is,0,0
11109,statistical|itself,0,0
11110,statistical|know,0,0
11111,statistical|language,0,0
11112,statistical|large,0,0
11113,statistical|learn,0,0
11114,statistical|learned,0,0
11115,statistical|likelihood,0,0
11116,statistical|maps,0,0
11117,statistical|mathematical,0,0
11118,statistical|meaning,0,0
11119,statistical|mechanism,0,0
11120,statistical|method,0,0
11121,statistical|minimization,0,0
11122,statistical|model,0,0
11123,statistical|network,0,0
11124,statistical|neural,0,0
11125,statistical|next,-0.0369,-0.0369
11126,statistical|no,0,0
11127,statistical|nonlinear,0,0
11128,statistical|not,0,0
11129,statistical|number,0,0
11130,statistical|numeric,0,0
11131,statistical|of,0,0
11132,statistical|offset,0,0
11133,statistical|on,0,0
11134,statistical|one,0,0
11135,statistical|optimization,0,0
11136,statistical|output,0,0
11137,statistical|outputs,0,0
11138,statistical|over,0,0
11139,statistical|parameter,0,0
11140,statistical|parameters,0,0
11141,statistical|part,0,0
11142,statistical|patterns,0,0
11143,statistical|people,0,0
11144,statistical|predicted,0,0
11145,statistical|prediction,0,0
11146,statistical|predictor,0,0
11147,statistical|predicts,0,0
11148,statistical|probabilities,0,0
11149,statistical|probability,0,0
11150,statistical|produces,0,0
11151,statistical|prompt,0,0
11152,statistical|reason,0,0
11153,statistical|reduces,0,0
11154,statistical|relevant,0,0
11155,statistical|repeated,0,0
11156,statistical|represents,0,0
11157,statistical|scales,0,0
11158,statistical|shifts,0,0
11159,statistical|slows,0,0
11160,statistical|statistical,0,0
11161,statistical|stops,0,0
11162,statistical|sum,0,0
11163,statistical|sums,0,0
11164,statistical|text,0,0
11165,statistical|the,0,0
11166,statistical|to,0,0
11167,statistical|token,0,0
11168,statistical|tokens,0,0
11169,statistical|trained,0,0
11170,statistical|training,0,0
11171,statistical|truth,0,0
11172,statistical|understand,0,0
11173,statistical|understanding,0,0
11174,statistical|unit,0,0
11175,statistical|updated,0,0
11176,statistical|updates,0,0
11177,statistical|using,0,0
11178,statistical|vector,0,0
11179,statistical|weight,0,0
11180,statistical|weighted,0,0
11181,statistical|weighting,0,0
11182,statistical|what,0,0
11183,statistical|when,0,0
11184,statistical|word,0,0
11185,statistical|zero,0,0
11186,stops|a,0,0
11187,stops|adjusts,0,0
11188,stops|an,0,0
11189,stops|and,0,0
11190,stops|applies,0,0
11191,stops|attention,0,0
11192,stops|be,0,0
11193,stops|between,0,0
11194,stops|bias,0,0
11195,stops|by,0,0
11196,stops|can,0,0
11197,stops|change,0,0
11198,stops|chosen,0,0
11199,stops|collection,0,0
11200,stops|conditions,0,0
11201,stops|corpus,0,0
11202,stops|create,0,0
11203,stops|data,0,0
11204,stops|descent,0,0
11205,stops|determines,0,0
11206,stops|does,0,0
11207,stops|during,0,0
11208,stops|embedding,0,0
11209,stops|emphasizes,0,0
11210,stops|error,0,0
11211,stops|fact,0,0
11212,stops|fit,0,0
11213,stops|from,0,0
11214,stops|function,0,0
11215,stops|functions,0,0
11216,stops|gradient,0,0
11217,stops|gradients,0,0
11218,stops|has,0,0
11219,stops|helps,0,0
11220,stops|improvement,0,0
11221,stops|in,0,0
11222,stops|inference,0,0
11223,stops|input,0,0
11224,stops|inputs,0,0
11225,stops|instruct,0,0
11226,stops|intent,0,0
11227,stops|is,0,0
11228,stops|itself,0,0
11229,stops|know,0,0
11230,stops|language,0,0
11231,stops|large,0,0
11232,stops|learn,0,0
11233,stops|learned,0,0
11234,stops|likelihood,0,0
11235,stops|maps,0,0
11236,stops|mathematical,0,0
11237,stops|meaning,0,0
11238,stops|mechanism,0,0
11239,stops|method,0,0
11240,stops|minimization,0,0
11241,stops|model,0,0
11242,stops|network,0,0
11243,stops|neural,0,0
11244,stops|next,0,0
11245,stops|no,0,0
11246,stops|nonlinear,0,0
11247,stops|not,0,0
11248,stops|number,0,0
11249,stops|numeric,0,0
11250,stops|of,0,0
11251,stops|offset,0,0
11252,stops|on,0,0
11253,stops|one,0,0
11254,stops|optimization,0,0
11255,stops|output,0,0
11256,stops|outputs,0,0
11257,stops|over,0,0
11258,stops|parameter,0,0
11259,stops|parameters,0,0
11260,stops|part,0,0
11261,stops|patterns,0,0
11262,stops|people,0,0
11263,stops|predicted,0,0
11264,stops|prediction,0,0
11265,stops|predictor,0,0
11266,stops|predicts,0,0
11267,stops|probabilities,0,0
11268,stops|probability,0,0
11269,stops|produces,0,0
11270,stops|prompt,0,0
11271,stops|reason,0,0
11272,stops|reduces,0,0
11273,stops|relevant,0,0
11274,stops|repeated,0,0
11275,stops|represents,0,0
11276,stops|scales,0,0
11277,stops|shifts,0,0
11278,stops|slows,0,0
11279,stops|statistical,0,0
11280,stops|stops,0,0
11281,stops|sum,0,0
11282,stops|sums,0,0
11283,stops|text,0,0
11284,stops|the,0,0
11285,stops|to,0,0
11286,stops|token,0,0
11287,stops|tokens,0,0
11288,stops|trained,0,0
11289,stops|training,0,0
11290,stops|truth,0,0
11291,stops|understand,0,0
11292,stops|understanding,0,0
11293,stops|unit,0,0
11294,stops|updated,0,0
11295,stops|updates,0,0
11296,stops|using,0,0
11297,stops|vector,0,0
11298,stops|weight,0,0
11299,stops|weighted,0,0
11300,stops|weighting,0,0
11301,stops|what,0,0
11302,stops|when,-0.0369,-0.0369
11303,stops|word,0,0
11304,stops|zero,0,0
11305,sum|a,0,0
11306,sum|adjusts,0,0
11307,sum|an,0,0
11308,sum|and,0,0
11309,sum|applies,0,0
11310,sum|attention,0,0
11311,sum|be,0,0
11312,sum|between,0,0
11313,sum|bias,0,0
11314,sum|by,0,0
11315,sum|can,0,0
11316,sum|change,0,0
11317,sum|chosen,0,0
11318,sum|collection,0,0
11319,sum|conditions,0,0
11320,sum|corpus,0,0
11321,sum|create,0,0
11322,sum|data,0,0
11323,sum|descent,0,0
11324,sum|determines,0,0
11325,sum|does,0,0
11326,sum|during,0,0
11327,sum|embedding,0,0
11328,sum|emphasizes,0,0
11329,sum|error,0,0
11330,sum|fact,0,0
11331,sum|fit,0,0
11332,sum|from,0,0
11333,sum|function,0,0
11334,sum|functions,0,0
11335,sum|gradient,0,0
11336,sum|gradients,0,0
11337,sum|has,0,0
11338,sum|helps,0,0
11339,sum|improvement,0,0
11340,sum|in,0,0
11341,sum|inference,0,0
11342,sum|input,0,0
11343,sum|inputs,0,0
11344,sum|instruct,0,0
11345,sum|intent,0,0
11346,sum|is,0,0
11347,sum|itself,0,0
11348,sum|know,0,0
11349,sum|language,0,0
11350,sum|large,0,0
11351,sum|learn,0,0
11352,sum|learned,0,0
11353,sum|likelihood,0,0
11354,sum|maps,0,0
11355,sum|mathematical,0,0
11356,sum|meaning,0,0
11357,sum|mechanism,0,0
11358,sum|method,0,0
11359,sum|minimization,0,0
11360,sum|model,0,0
11361,sum|network,0,0
11362,sum|neural,0,0
11363,sum|next,0,0
11364,sum|no,0,0
11365,sum|nonlinear,0,0
11366,sum|not,0,0
11367,sum|number,0,0
11368,sum|numeric,0,0
11369,sum|of,0,0
11370,sum|offset,0,0
11371,sum|on,0,0
11372,sum|one,0,0
11373,sum|optimization,0,0
11374,sum|output,0,0
11375,sum|outputs,0,0
11376,sum|over,0,0
11377,sum|parameter,0,0
11378,sum|parameters,0,0
11379,sum|part,0,0
11380,sum|patterns,0,0
11381,sum|people,0,0
11382,sum|predicted,0,0
11383,sum|prediction,0,0
11384,sum|predictor,0,0
11385,sum|predicts,0,0
11386,sum|probabilities,0,0
11387,sum|probability,0,0
11388,sum|produces,0,0
11389,sum|prompt,0,0
11390,sum|reason,0,0
11391,sum|reduces,0,0
11392,sum|relevant,0,0
11393,sum|repeated,0,0
11394,sum|represents,0,0
11395,sum|scales,0,0
11396,sum|shifts,0,0
11397,sum|slows,0,0
11398,sum|statistical,0,0
11399,sum|stops,0,0
11400,sum|sum,0,0
11401,sum|sums,0,0
11402,sum|text,0,0
11403,sum|the,0,0
11404,sum|to,-0.0369,-0.0369
11405,sum|token,0,0
11406,sum|tokens,0,0
11407,sum|trained,0,0
11408,sum|training,0,0
11409,sum|truth,0,0
11410,sum|understand,0,0
11411,sum|understanding,0,0
11412,sum|unit,0,0
11413,sum|updated,0,0
11414,sum|updates,0,0
11415,sum|using,0,0
11416,sum|vector,0,0
11417,sum|weight,0,0
11418,sum|weighted,0,0
11419,sum|weighting,0,0
11420,sum|what,0,0
11421,sum|when,0,0
11422,sum|word,0,0
11423,sum|zero,0,0
11424,sums|a,-0.0369,-0.0369
11425,sums|adjusts,0,0
11426,sums|an,0,0
11427,sums|and,0,0
11428,sums|applies,0,0
11429,sums|attention,0,0
11430,sums|be,0,0
11431,sums|between,0,0
11432,sums|bias,0,0
11433,sums|by,0,0
11434,sums|can,0,0
11435,sums|change,0,0
11436,sums|chosen,0,0
11437,sums|collection,0,0
11438,sums|conditions,0,0
11439,sums|corpus,0,0
11440,sums|create,0,0
11441,sums|data,0,0
11442,sums|descent,0,0
11443,sums|determines,0,0
11444,sums|does,0,0
11445,sums|during,0,0
11446,sums|embedding,0,0
11447,sums|emphasizes,0,0
11448,sums|error,0,0
11449,sums|fact,0,0
11450,sums|fit,0,0
11451,sums|from,0,0
11452,sums|function,0,0
11453,sums|functions,0,0
11454,sums|gradient,0,0
11455,sums|gradients,0,0
11456,sums|has,0,0
11457,sums|helps,0,0
11458,sums|improvement,0,0
11459,sums|in,0,0
11460,sums|inference,0,0
11461,sums|input,0,0
11462,sums|inputs,0,0
11463,sums|instruct,0,0
11464,sums|intent,0,0
11465,sums|is,0,0
11466,sums|itself,0,0
11467,sums|know,0,0
11468,sums|language,0,0
11469,sums|large,0,0
11470,sums|learn,0,0
11471,sums|learned,0,0
11472,sums|likelihood,0,0
11473,sums|maps,0,0
11474,sums|mathematical,0,0
11475,sums|meaning,0,0
11476,sums|mechanism,0,0
11477,sums|method,0,0
11478,sums|minimization,0,0
11479,sums|model,0,0
11480,sums|network,0,0
11481,sums|neural,0,0
11482,sums|next,0,0
11483,sums|no,0,0
11484,sums|nonlinear,0,0
11485,sums|not,0,0
11486,sums|number,0,0
11487,sums|numeric,0,0
11488,sums|of,0,0
11489,sums|offset,0,0
11490,sums|on,0,0
11491,sums|one,0,0
11492,sums|optimization,0,0
11493,sums|output,0,0
11494,sums|outputs,0,0
11495,sums|over,0,0
11496,sums|parameter,0,0
11497,sums|parameters,0,0
11498,sums|part,0,0
11499,sums|patterns,0,0
11500,sums|people,0,0
11501,sums|predicted,0,0
11502,sums|prediction,0,0
11503,sums|predictor,0,0
11504,sums|predicts,0,0
11505,sums|probabilities,0,0
11506,sums|probability,0,0
11507,sums|produces,0,0
11508,sums|prompt,0,0
11509,sums|reason,0,0
11510,sums|reduces,0,0
11511,sums|relevant,0,0
11512,sums|repeated,0,0
11513,sums|represents,0,0
11514,sums|scales,0,0
11515,sums|shifts,0,0
11516,sums|slows,0,0
11517,sums|statistical,0,0
11518,sums|stops,0,0
11519,sums|sum,0,0
11520,sums|sums,0,0
11521,sums|text,0,0
11522,sums|the,0,0
11523,sums|to,0,0
11524,sums|token,0,0
11525,sums|tokens,0,0
11526,sums|trained,0,0
11527,sums|training,0,0
11528,sums|truth,0,0
11529,sums|understand,0,0
11530,sums|understanding,0,0
11531,sums|unit,0,0
11532,sums|updated,0,0
11533,sums|updates,0,0
11534,sums|using,0,0
11535,sums|vector,0,0
11536,sums|weight,0,0
11537,sums|weighted,0,0
11538,sums|weighting,0,0
11539,sums|what,0,0
11540,sums|when,0,0
11541,sums|word,0,0
11542,sums|zero,0,0
11543,text|a,-0.1259,-0.1259
11544,text|adjusts,0,0
11545,text|an,0,0
11546,text|and,0,0
11547,text|applies,0,0
11548,text|attention,0,0
11549,text|be,0,0
11550,text|between,0,0
11551,text|bias,0,0
11552,text|by,0,0
11553,text|can,0,0
11554,text|change,0,0
11555,text|chosen,0,0
11556,text|collection,0,0
11557,text|conditions,0,0
11558,text|corpus,0,0
11559,text|create,0,0
11560,text|data,0,0
11561,text|descent,0,0
11562,text|determines,0,0
11563,text|does,0,0
11564,text|during,0,0
11565,text|embedding,0,0
11566,text|emphasizes,0,0
11567,text|error,0,0
11568,text|fact,0,0
11569,text|fit,0,0
11570,text|from,0,0
11571,text|function,0,0
11572,text|functions,0,0
11573,text|gradient,0,0
11574,text|gradients,0,0
11575,text|has,0,0
11576,text|helps,0,0
11577,text|improvement,0,0
11578,text|in,0,0
11579,text|inference,0,0
11580,text|input,0,0
11581,text|inputs,0,0
11582,text|instruct,0,0
11583,text|intent,0,0
11584,text|is,0,0
11585,text|itself,0,0
11586,text|know,0,0
11587,text|language,0,0
11588,text|large,0,0
11589,text|learn,0,0
11590,text|learned,0,0
11591,text|likelihood,0,0
11592,text|maps,0,0
11593,text|mathematical,0,0
11594,text|meaning,0,0
11595,text|mechanism,0,0
11596,text|method,0,0
11597,text|minimization,0,0
11598,text|model,0,0
11599,text|network,0,0
11600,text|neural,0,0
11601,text|next,0,0
11602,text|no,0,0
11603,text|nonlinear,0,0
11604,text|not,0,0
11605,text|number,0,0
11606,text|numeric,0,0
11607,text|of,0,0
11608,text|offset,0,0
11609,text|on,0,0
11610,text|one,0,0
11611,text|optimization,0,0
11612,text|output,0,0
11613,text|outputs,0,0
11614,text|over,0,0
11615,text|parameter,0,0
11616,text|parameters,0,0
11617,text|part,0,0
11618,text|patterns,0,0
11619,text|people,0,0
11620,text|predicted,0,0
11621,text|prediction,0,0
11622,text|predictor,0,0
11623,text|predicts,0,0
11624,text|probabilities,0,0
11625,text|probability,0,0
11626,text|produces,0,0
11627,text|prompt,0,0
11628,text|reason,0,0
11629,text|reduces,0,0
11630,text|relevant,0,0
11631,text|repeated,0,0
11632,text|represents,0,0
11633,text|scales,0,0
11634,text|shifts,0,0
11635,text|slows,0,0
11636,text|statistical,0,0
11637,text|stops,0,0
11638,text|sum,0,0
11639,text|sums,0,0
11640,text|text,0,0
11641,text|the,0,0
11642,text|to,0,0
11643,text|token,0,0
11644,text|tokens,0,0
11645,text|trained,0,0
11646,text|training,0,0
11647,text|truth,0,0
11648,text|understand,0,0
11649,text|understanding,0,0
11650,text|unit,0,0
11651,text|updated,0,0
11652,text|updates,0,0
11653,text|using,0,0
11654,text|vector,0,0
11655,text|weight,0,0
11656,text|weighted,0,0
11657,text|weighting,0,0
11658,text|what,0,0
11659,text|when,0,0
11660,text|word,0,0
11661,text|zero,0,0
11662,the|a,0,0
11663,the|adjusts,0,0
11664,the|an,0,0
11665,the|and,0,0
11666,the|applies,0,0
11667,the|attention,0,0
11668,the|be,0,0
11669,the|between,0,0
11670,the|bias,0,0
11671,the|by,0,0
11672,the|can,0,0
11673,the|change,0,0
11674,the|chosen,0,0
11675,the|collection,0,0
11676,the|conditions,0,0
11677,the|corpus,0,0
11678,the|create,0,0
11679,the|data,4.3550,-0.0369
11680,the|descent,0,0
11681,the|determines,0,0
11682,the|does,0,0
11683,the|during,0,0
11684,the|embedding,0,0
11685,the|emphasizes,0,0
11686,the|error,0,0
11687,the|fact,0,0
11688,the|fit,0,0
11689,the|from,0,0
11690,the|function,0,0
11691,the|functions,0,0
11692,the|gradient,0,0
11693,the|gradients,0,0
11694,the|has,0,0
11695,the|helps,0,0
11696,the|improvement,0,0
11697,the|in,0,0
11698,the|inference,0,0
11699,the|input,0,0
11700,the|inputs,0,0
11701,the|instruct,0,0
11702,the|intent,0,0
11703,the|is,0,0
11704,the|itself,0,0
11705,the|know,0,0
11706,the|language,0,0
11707,the|large,0,0
11708,the|learn,0,0
11709,the|learned,0,0
11710,the|likelihood,0,0
11711,the|maps,0,0
11712,the|mathematical,0,0
11713,the|meaning,0,0
11714,the|mechanism,0,0
11715,the|method,0,0
11716,the|minimization,0,0
11717,the|model,0,0
11718,the|network,0,0
11719,the|neural,0,0
11720,the|next,0,0
11721,the|no,0,0
11722,the|nonlinear,0,0
11723,the|not,0,0
11724,the|number,0,0
11725,the|numeric,0,0
11726,the|of,0,0
11727,the|offset,0,0
11728,the|on,0,0
11729,the|one,0,0
11730,the|optimization,0,0
11731,the|output,0,0
11732,the|outputs,0,0
11733,the|over,0,0
11734,the|parameter,0,0
11735,the|parameters,0,0
11736,the|part,0,0
11737,the|patterns,0,0
11738,the|people,0,0
11739,the|predicted,0,0
11740,the|prediction,0,0
11741,the|predictor,0,0
11742,the|predicts,0,0
11743,the|probabilities,0,0
11744,the|probability,0,0
11745,the|produces,0,0
11746,the|prompt,0,0
11747,the|reason,0,0
11748,the|reduces,0,0
11749,the|relevant,0,0
11750,the|repeated,0,0
11751,the|represents,0,0
11752,the|scales,0,0
11753,the|shifts,0,0
11754,the|slows,0,0
11755,the|statistical,0,0
11756,the|stops,0,0
11757,the|sum,0,0
11758,the|sums,0,0
11759,the|text,0,0
11760,the|the,0,0
11761,the|to,0,0
11762,the|token,0,0
11763,the|tokens,0,0
11764,the|trained,0,0
11765,the|training,0,0
11766,the|truth,0,0
11767,the|understand,0,0
11768,the|understanding,0,0
11769,the|unit,0,0
11770,the|updated,0,0
11771,the|updates,0,0
11772,the|using,0,0
11773,the|vector,0,0
11774,the|weight,0,0
11775,the|weighted,0,0
11776,the|weighting,0,0
11777,the|what,0,0
11778,the|when,0,0
11779,the|word,0,0
11780,the|zero,0,0
11781,to|a,0,0
11782,to|adjusts,0,0
11783,to|an,0,0
11784,to|and,0,0
11785,to|applies,0,0
11786,to|attention,0,0
11787,to|be,0,0
11788,to|between,0,0
11789,to|bias,0,0
11790,to|by,0,0
11791,to|can,0,0
11792,to|change,0,0
11793,to|chosen,0,0
11794,to|collection,0,0
11795,to|conditions,0,0
11796,to|corpus,0,0
11797,to|create,0,0
11798,to|data,0,0
11799,to|descent,0,0
11800,to|determines,0,0
11801,to|does,0,0
11802,to|during,0,0
11803,to|embedding,0,0
11804,to|emphasizes,0,0
11805,to|error,0,0
11806,to|fact,0,0
11807,to|fit,0,0
11808,to|from,0,0
11809,to|function,0,0
11810,to|functions,0,0
11811,to|gradient,0,0
11812,to|gradients,0,0
11813,to|has,0,0
11814,to|helps,0,0
11815,to|improvement,0,0
11816,to|in,0,0
11817,to|inference,0,0
11818,to|input,0,0
11819,to|inputs,0,0
11820,to|instruct,0,0
11821,to|intent,0,0
11822,to|is,0,0
11823,to|itself,0,0
11824,to|know,0,0
11825,to|language,0,0
11826,to|large,0,0
11827,to|learn,0,0
11828,to|learned,0,0
11829,to|likelihood,0,0
11830,to|maps,0,0
11831,to|mathematical,0,0
11832,to|meaning,0,0
11833,to|mechanism,0,0
11834,to|method,0,0
11835,to|minimization,0,0
11836,to|model,0,0
11837,to|network,0,0
11838,to|neural,0,0
11839,to|next,0,0
11840,to|no,0,0
11841,to|nonlinear,0,0
11842,to|not,0,0
11843,to|number,0,0
11844,to|numeric,0,0
11845,to|of,0,0
11846,to|offset,0,0
11847,to|on,0,0
11848,to|one,4.3550,-0.0369
11849,to|optimization,0,0
11850,to|output,0,0
11851,to|outputs,4.3550,-0.0369
11852,to|over,0,0
11853,to|parameter,0,0
11854,to|parameters,0,0
11855,to|part,0,0
11856,to|patterns,0,0
11857,to|people,0,0
11858,to|predicted,0,0
11859,to|prediction,0,0
11860,to|predictor,0,0
11861,to|predicts,0,0
11862,to|probabilities,0,0
11863,to|probability,0,0
11864,to|produces,0,0
11865,to|prompt,0,0
11866,to|reason,0,0
11867,to|reduces,0,0
11868,to|relevant,0,0
11869,to|repeated,0,0
11870,to|represents,0,0
11871,to|scales,0,0
11872,to|shifts,0,0
11873,to|slows,0,0
11874,to|statistical,0,0
11875,to|stops,0,0
11876,to|sum,0,0
11877,to|sums,0,0
11878,to|text,0,0
11879,to|the,0,0
11880,to|to,0,0
11881,to|token,0,0
11882,to|tokens,0,0
11883,to|trained,0,0
11884,to|training,0,0
11885,to|truth,0,0
11886,to|understand,0,0
11887,to|understanding,0,0
11888,to|unit,0,0
11889,to|updated,0,0
11890,to|updates,0,0
11891,to|using,0,0
11892,to|vector,0,0
11893,to|weight,0,0
11894,to|weighted,0,0
11895,to|weighting,0,0
11896,to|what,0,0
11897,to|when,0,0
11898,to|word,0,0
11899,to|zero,0,0
11900,token|a,0,0
11901,token|adjusts,0,0
11902,token|an,-0.0688,-0.0688
11903,token|and,0,0
11904,token|applies,0,0
11905,token|attention,0,0
11906,token|be,0,0
11907,token|between,0,0
11908,token|bias,0,0
11909,token|by,0,0
11910,token|can,-0.0518,-0.0518
11911,token|change,0,0
11912,token|chosen,0,0
11913,token|collection,0,0
11914,token|conditions,0,0
11915,token|corpus,0,0
11916,token|create,0,0
11917,token|data,0,0
11918,token|descent,0,0
11919,token|determines,0,0
11920,token|does,0,0
11921,token|during,0,0
11922,token|embedding,0,0
11923,token|emphasizes,0,0
11924,token|error,0,0
11925,token|fact,0,0
11926,token|fit,0,0
11927,token|from,0,0
11928,token|function,0,0
11929,token|functions,0,0
11930,token|gradient,0,0
11931,token|gradients,0,0
11932,token|has,-0.0369,-0.0369
11933,token|helps,0,0
11934,token|improvement,0,0
11935,token|in,0,0
11936,token|inference,0,0
11937,token|input,0,0
11938,token|inputs,0,0
11939,token|instruct,0,0
11940,token|intent,0,0
11941,token|is,4.3550,-0.0369
11942,token|itself,0,0
11943,token|know,0,0
11944,token|language,0,0
11945,token|large,0,0
11946,token|learn,0,0
11947,token|learned,0,0
11948,token|likelihood,0,0
11949,token|maps,0,0
11950,token|mathematical,0,0
11951,token|meaning,0,0
11952,token|mechanism,0,0
11953,token|method,0,0
11954,token|minimization,0,0
11955,token|model,0,0
11956,token|network,0,0
11957,token|neural,0,0
11958,token|next,0,0
11959,token|no,0,0
11960,token|nonlinear,0,0
11961,token|not,0,0
11962,token|number,0,0
11963,token|numeric,0,0
11964,token|of,0,0
11965,token|offset,0,0
11966,token|on,0,0
11967,token|one,0,0
11968,token|optimization,0,0
11969,token|output,0,0
11970,token|outputs,0,0
11971,token|over,0,0
11972,token|parameter,0,0
11973,token|parameters,0,0
11974,token|part,0,0
11975,token|patterns,0,0
11976,token|people,0,0
11977,token|predicted,0,0
11978,token|prediction,0,0
11979,token|predictor,4.3550,-0.0369
11980,token|predicts,0,0
11981,token|probabilities,0,0
11982,token|probability,0,0
11983,token|produces,0,0
11984,token|prompt,0,0
11985,token|reason,0,0
11986,token|reduces,0,0
11987,token|relevant,0,0
11988,token|repeated,0,0
11989,token|represents,0,0
11990,token|scales,0,0
11991,token|shifts,0,0
11992,token|slows,0,0
11993,token|statistical,0,0
11994,token|stops,0,0
11995,token|sum,0,0
11996,token|sums,0,0
11997,token|text,0,0
11998,token|the,0,0
11999,token|to,0,0
12000,token|token,0,0
12001,token|tokens,0,0
12002,token|trained,0,0
12003,token|training,0,0
12004,token|truth,0,0
12005,token|understand,0,0
12006,token|understanding,0,0
12007,token|unit,0,0
12008,token|updated,0,0
12009,token|updates,0,0
12010,token|using,0,0
12011,token|vector,0,0
12012,token|weight,0,0
12013,token|weighted,0,0
12014,token|weighting,0,0
12015,token|what,0,0
12016,token|when,0,0
12017,token|word,0,0
12018,token|zero,0,0
12019,tokens|a,-0.0369,-0.0369
12020,tokens|adjusts,0,0
12021,tokens|an,0,0
12022,tokens|and,0,0
12023,tokens|applies,0,0
12024,tokens|attention,-0.0369,-0.0369
12025,tokens|be,0,0
12026,tokens|between,0,0
12027,tokens|bias,0,0
12028,tokens|by,0,0
12029,tokens|can,0,0
12030,tokens|change,0,0
12031,tokens|chosen,0,0
12032,tokens|collection,0,0
12033,tokens|conditions,0,0
12034,tokens|corpus,0,0
12035,tokens|create,0,0
12036,tokens|data,0,0
12037,tokens|descent,0,0
12038,tokens|determines,0,0
12039,tokens|does,0,0
12040,tokens|during,0,0
12041,tokens|embedding,0,0
12042,tokens|emphasizes,0,0
12043,tokens|error,0,0
12044,tokens|fact,0,0
12045,tokens|fit,0,0
12046,tokens|from,0,0
12047,tokens|function,0,0
12048,tokens|functions,0,0
12049,tokens|gradient,0,0
12050,tokens|gradients,0,0
12051,tokens|has,0,0
12052,tokens|helps,0,0
12053,tokens|improvement,0,0
12054,tokens|in,0,0
12055,tokens|inference,0,0
12056,tokens|input,0,0
12057,tokens|inputs,0,0
12058,tokens|instruct,0,0
12059,tokens|intent,0,0
12060,tokens|is,0,0
12061,tokens|itself,0,0
12062,tokens|know,0,0
12063,tokens|language,0,0
12064,tokens|large,0,0
12065,tokens|learn,0,0
12066,tokens|learned,0,0
12067,tokens|likelihood,0,0
12068,tokens|maps,0,0
12069,tokens|mathematical,0,0
12070,tokens|meaning,0,0
12071,tokens|mechanism,0,0
12072,tokens|method,0,0
12073,tokens|minimization,0,0
12074,tokens|model,0,0
12075,tokens|network,0,0
12076,tokens|neural,0,0
12077,tokens|next,0,0
12078,tokens|no,0,0
12079,tokens|nonlinear,0,0
12080,tokens|not,0,0
12081,tokens|number,0,0
12082,tokens|numeric,0,0
12083,tokens|of,0,0
12084,tokens|offset,0,0
12085,tokens|on,0,0
12086,tokens|one,0,0
12087,tokens|optimization,0,0
12088,tokens|output,0,0
12089,tokens|outputs,0,0
12090,tokens|over,0,0
12091,tokens|parameter,0,0
12092,tokens|parameters,0,0
12093,tokens|part,0,0
12094,tokens|patterns,0,0
12095,tokens|people,0,0
12096,tokens|predicted,0,0
12097,tokens|prediction,0,0
12098,tokens|predictor,0,0
12099,tokens|predicts,0,0
12100,tokens|probabilities,0,0
12101,tokens|probability,0,0
12102,tokens|produces,0,0
12103,tokens|prompt,0,0
12104,tokens|reason,0,0
12105,tokens|reduces,0,0
12106,tokens|relevant,0,0
12107,tokens|repeated,0,0
12108,tokens|represents,0,0
12109,tokens|scales,0,0
12110,tokens|shifts,0,0
12111,tokens|slows,0,0
12112,tokens|statistical,0,0
12113,tokens|stops,0,0
12114,tokens|sum,0,0
12115,tokens|sums,0,0
12116,tokens|text,0,0
12117,tokens|the,0,0
12118,tokens|to,0,0
12119,tokens|token,0,0
12120,tokens|tokens,0,0
12121,tokens|trained,0,0
12122,tokens|training,0,0
12123,tokens|truth,0,0
12124,tokens|understand,0,0
12125,tokens|understanding,0,0
12126,tokens|unit,0,0
12127,tokens|updated,0,0
12128,tokens|updates,0,0
12129,tokens|using,0,0
12130,tokens|vector,0,0
12131,tokens|weight,0,0
12132,tokens|weighted,0,0
12133,tokens|weighting,0,0
12134,tokens|what,0,0
12135,tokens|when,0,0
12136,tokens|word,0,0
12137,tokens|zero,0,0
12138,trained|a,0,0
12139,trained|adjusts,0,0
12140,trained|an,0,0
12141,trained|and,0,0
12142,trained|applies,0,0
12143,trained|attention,0,0
12144,trained|be,0,0
12145,trained|between,0,0
12146,trained|bias,0,0
12147,trained|by,0,0
12148,trained|can,0,0
12149,trained|change,0,0
12150,trained|chosen,0,0
12151,trained|collection,0,0
12152,trained|conditions,0,0
12153,trained|corpus,0,0
12154,trained|create,0,0
12155,trained|data,0,0
12156,trained|descent,0,0
12157,trained|determines,0,0
12158,trained|does,0,0
12159,trained|during,0,0
12160,trained|embedding,0,0
12161,trained|emphasizes,0,0
12162,trained|error,0,0
12163,trained|fact,0,0
12164,trained|fit,0,0
12165,trained|from,0,0
12166,trained|function,0,0
12167,trained|functions,0,0
12168,trained|gradient,0,0
12169,trained|gradients,0,0
12170,trained|has,0,0
12171,trained|helps,0,0
12172,trained|improvement,0,0
12173,trained|in,0,0
12174,trained|inference,0,0
12175,trained|input,0,0
12176,trained|inputs,0,0
12177,trained|instruct,0,0
12178,trained|intent,0,0
12179,trained|is,0,0
12180,trained|itself,0,0
12181,trained|know,0,0
12182,trained|language,0,0
12183,trained|large,0,0
12184,trained|learn,0,0
12185,trained|learned,0,0
12186,trained|likelihood,0,0
12187,trained|maps,0,0
12188,trained|mathematical,0,0
12189,trained|meaning,0,0
12190,trained|mechanism,0,0
12191,trained|method,0,0
12192,trained|minimization,0,0
12193,trained|model,-0.0369,-0.0369
12194,trained|network,0,0
12195,trained|neural,0,0
12196,trained|next,0,0
12197,trained|no,0,0
12198,trained|nonlinear,0,0
12199,trained|not,0,0
12200,trained|number,0,0
12201,trained|numeric,0,0
12202,trained|of,0,0
12203,trained|offset,0,0
12204,trained|on,-0.0369,-0.0369
12205,trained|one,0,0
12206,trained|optimization,0,0
12207,trained|output,0,0
12208,trained|outputs,0,0
12209,trained|over,0,0
12210,trained|parameter,0,0
12211,trained|parameters,0,0
12212,trained|part,0,0
12213,trained|patterns,0,0
12214,trained|people,0,0
12215,trained|predicted,0,0
12216,trained|prediction,0,0
12217,trained|predictor,0,0
12218,trained|predicts,0,0
12219,trained|probabilities,0,0
12220,trained|probability,0,0
12221,trained|produces,0,0
12222,trained|prompt,0,0
12223,trained|reason,0,0
12224,trained|reduces,0,0
12225,trained|relevant,0,0
12226,trained|repeated,0,0
12227,trained|represents,0,0
12228,trained|scales,0,0
12229,trained|shifts,0,0
12230,trained|slows,0,0
12231,trained|statistical,0,0
12232,trained|stops,0,0
12233,trained|sum,0,0
12234,trained|sums,0,0
12235,trained|text,0,0
12236,trained|the,0,0
12237,trained|to,0,0
12238,trained|token,0,0
12239,trained|tokens,0,0
12240,trained|trained,0,0
12241,trained|training,0,0
12242,trained|truth,0,0
12243,trained|understand,0,0
12244,trained|understanding,0,0
12245,trained|unit,0,0
12246,trained|updated,0,0
12247,trained|updates,0,0
12248,trained|using,-0.0369,-0.0369
12249,trained|vector,0,0
12250,trained|weight,0,0
12251,trained|weighted,0,0
12252,trained|weighting,0,0
12253,trained|what,0,0
12254,trained|when,0,0
12255,trained|word,0,0
12256,trained|zero,0,0
12257,training|a,-0.0688,-0.0688
12258,training|adjusts,-0.0369,-0.0369
12259,training|an,0,0
12260,training|and,0,0
12261,training|applies,0,0
12262,training|attention,0,0
12263,training|be,0,0
12264,training|between,0,0
12265,training|bias,0,0
12266,training|by,0,0
12267,training|can,0,0
12268,training|change,0,0
12269,training|chosen,0,0
12270,training|collection,0,0
12271,training|conditions,0,0
12272,training|corpus,0,0
12273,training|create,0,0
12274,training|data,0,0
12275,training|descent,0,0
12276,training|determines,0,0
12277,training|does,0,0
12278,training|during,0,0
12279,training|embedding,0,0
12280,training|emphasizes,0,0
12281,training|error,0,0
12282,training|fact,0,0
12283,training|fit,0,0
12284,training|from,0,0
12285,training|function,0,0
12286,training|functions,0,0
12287,training|gradient,0,0
12288,training|gradients,0,0
12289,training|has,0,0
12290,training|helps,0,0
12291,training|improvement,0,0
12292,training|in,0,0
12293,training|inference,0,0
12294,training|input,0,0
12295,training|inputs,0,0
12296,training|instruct,0,0
12297,training|intent,0,0
12298,training|is,-0.0369,-0.0369
12299,training|itself,0,0
12300,training|know,0,0
12301,training|language,0,0
12302,training|large,0,0
12303,training|learn,0,0
12304,training|learned,0,0
12305,training|likelihood,0,0
12306,training|maps,0,0
12307,training|mathematical,0,0
12308,training|meaning,0,0
12309,training|mechanism,0,0
12310,training|method,0,0
12311,training|minimization,0,0
12312,training|model,0,0
12313,training|network,0,0
12314,training|neural,0,0
12315,training|next,0,0
12316,training|no,0,0
12317,training|nonlinear,0,0
12318,training|not,0,0
12319,training|number,0,0
12320,training|numeric,0,0
12321,training|of,0,0
12322,training|offset,0,0
12323,training|on,0,0
12324,training|one,0,0
12325,training|optimization,0,0
12326,training|output,0,0
12327,training|outputs,0,0
12328,training|over,0,0
12329,training|parameter,0,0
12330,training|parameters,0,0
12331,training|part,0,0
12332,training|patterns,0,0
12333,training|people,0,0
12334,training|predicted,0,0
12335,training|prediction,0,0
12336,training|predictor,0,0
12337,training|predicts,0,0
12338,training|probabilities,0,0
12339,training|probability,0,0
12340,training|produces,0,0
12341,training|prompt,0,0
12342,training|reason,0,0
12343,training|reduces,0,0
12344,training|relevant,0,0
12345,training|repeated,0,0
12346,training|represents,0,0
12347,training|scales,0,0
12348,training|shifts,0,0
12349,training|slows,0,0
12350,training|statistical,0,0
12351,training|stops,-0.0369,-0.0369
12352,training|sum,0,0
12353,training|sums,0,0
12354,training|text,0,0
12355,training|the,0,0
12356,training|to,0,0
12357,training|token,0,0
12358,training|tokens,0,0
12359,training|trained,0,0
12360,training|training,0,0
12361,training|truth,0,0
12362,training|understand,0,0
12363,training|understanding,0,0
12364,training|unit,0,0
12365,training|updated,0,0
12366,training|updates,0,0
12367,training|using,0,0
12368,training|vector,0,0
12369,training|weight,0,0
12370,training|weighted,0,0
12371,training|weighting,0,0
12372,training|what,0,0
12373,training|when,0,0
12374,training|word,0,0
12375,training|zero,0,0
12376,truth|a,-0.0369,-0.0369
12377,truth|adjusts,0,0
12378,truth|an,0,0
12379,truth|and,0,0
12380,truth|applies,0,0
12381,truth|attention,0,0
12382,truth|be,0,0
12383,truth|between,0,0
12384,truth|bias,0,0
12385,truth|by,0,0
12386,truth|can,0,0
12387,truth|change,0,0
12388,truth|chosen,0,0
12389,truth|collection,0,0
12390,truth|conditions,0,0
12391,truth|corpus,0,0
12392,truth|create,0,0
12393,truth|data,0,0
12394,truth|descent,0,0
12395,truth|determines,0,0
12396,truth|does,0,0
12397,truth|during,0,0
12398,truth|embedding,0,0
12399,truth|emphasizes,0,0
12400,truth|error,0,0
12401,truth|fact,0,0
12402,truth|fit,0,0
12403,truth|from,0,0
12404,truth|function,0,0
12405,truth|functions,0,0
12406,truth|gradient,0,0
12407,truth|gradients,0,0
12408,truth|has,0,0
12409,truth|helps,0,0
12410,truth|improvement,0,0
12411,truth|in,0,0
12412,truth|inference,0,0
12413,truth|input,0,0
12414,truth|inputs,0,0
12415,truth|instruct,0,0
12416,truth|intent,0,0
12417,truth|is,0,0
12418,truth|itself,0,0
12419,truth|know,0,0
12420,truth|language,0,0
12421,truth|large,0,0
12422,truth|learn,0,0
12423,truth|learned,0,0
12424,truth|likelihood,0,0
12425,truth|maps,0,0
12426,truth|mathematical,0,0
12427,truth|meaning,0,0
12428,truth|mechanism,0,0
12429,truth|method,0,0
12430,truth|minimization,0,0
12431,truth|model,0,0
12432,truth|network,0,0
12433,truth|neural,0,0
12434,truth|next,0,0
12435,truth|no,0,0
12436,truth|nonlinear,0,0
12437,truth|not,0,0
12438,truth|number,0,0
12439,truth|numeric,0,0
12440,truth|of,0,0
12441,truth|offset,0,0
12442,truth|on,0,0
12443,truth|one,0,0
12444,truth|optimization,0,0
12445,truth|output,0,0
12446,truth|outputs,0,0
12447,truth|over,0,0
12448,truth|parameter,0,0
12449,truth|parameters,0,0
12450,truth|part,0,0
12451,truth|patterns,0,0
12452,truth|people,0,0
12453,truth|predicted,0,0
12454,truth|prediction,0,0
12455,truth|predictor,0,0
12456,truth|predicts,0,0
12457,truth|probabilities,0,0
12458,truth|probability,0,0
12459,truth|produces,0,0
12460,truth|prompt,0,0
12461,truth|reason,0,0
12462,truth|reduces,0,0
12463,truth|relevant,0,0
12464,truth|repeated,0,0
12465,truth|represents,0,0
12466,truth|scales,0,0
12467,truth|shifts,0,0
12468,truth|slows,0,0
12469,truth|statistical,0,0
12470,truth|stops,0,0
12471,truth|sum,0,0
12472,truth|sums,0,0
12473,truth|text,0,0
12474,truth|the,0,0
12475,truth|to,0,0
12476,truth|token,0,0
12477,truth|tokens,0,0
12478,truth|trained,0,0
12479,truth|training,0,0
12480,truth|truth,0,0
12481,truth|understand,0,0
12482,truth|understanding,0,0
12483,truth|unit,0,0
12484,truth|updated,0,0
12485,truth|updates,0,0
12486,truth|using,0,0
12487,truth|vector,0,0
12488,truth|weight,0,0
12489,truth|weighted,0,0
12490,truth|weighting,0,0
12491,truth|what,0,0
12492,truth|when,0,0
12493,truth|word,0,0
12494,truth|zero,0,0
12495,understand|a,0,0
12496,understand|adjusts,0,0
12497,understand|an,0,0
12498,understand|and,0,0
12499,understand|applies,0,0
12500,understand|attention,0,0
12501,understand|be,0,0
12502,understand|between,0,0
12503,understand|bias,0,0
12504,understand|by,0,0
12505,understand|can,0,0
12506,understand|change,0,0
12507,understand|chosen,0,0
12508,understand|collection,0,0
12509,understand|conditions,0,0
12510,understand|corpus,0,0
12511,understand|create,0,0
12512,understand|data,0,0
12513,understand|descent,0,0
12514,understand|determines,0,0
12515,understand|does,0,0
12516,understand|during,0,0
12517,understand|embedding,0,0
12518,understand|emphasizes,0,0
12519,understand|error,0,0
12520,understand|fact,0,0
12521,understand|fit,0,0
12522,understand|from,0,0
12523,understand|function,0,0
12524,understand|functions,0,0
12525,understand|gradient,0,0
12526,understand|gradients,0,0
12527,understand|has,0,0
12528,understand|helps,0,0
12529,understand|improvement,0,0
12530,understand|in,0,0
12531,understand|inference,0,0
12532,understand|input,0,0
12533,understand|inputs,0,0
12534,understand|instruct,0,0
12535,understand|intent,0,0
12536,understand|is,0,0
12537,understand|itself,0,0
12538,understand|know,0,0
12539,understand|language,0,0
12540,understand|large,0,0
12541,understand|learn,0,0
12542,understand|learned,0,0
12543,understand|likelihood,0,0
12544,understand|maps,0,0
12545,understand|mathematical,0,0
12546,understand|meaning,-0.0369,-0.0369
12547,understand|mechanism,0,0
12548,understand|method,0,0
12549,understand|minimization,0,0
12550,understand|model,0,0
12551,understand|network,0,0
12552,understand|neural,0,0
12553,understand|next,0,0
12554,understand|no,0,0
12555,understand|nonlinear,0,0
12556,understand|not,0,0
12557,understand|number,0,0
12558,understand|numeric,0,0
12559,understand|of,0,0
12560,understand|offset,0,0
12561,understand|on,0,0
12562,understand|one,0,0
12563,understand|optimization,0,0
12564,understand|output,0,0
12565,understand|outputs,0,0
12566,understand|over,0,0
12567,understand|parameter,0,0
12568,understand|parameters,0,0
12569,understand|part,0,0
12570,understand|patterns,0,0
12571,understand|people,0,0
12572,understand|predicted,0,0
12573,understand|prediction,0,0
12574,understand|predictor,0,0
12575,understand|predicts,0,0
12576,understand|probabilities,0,0
12577,understand|probability,0,0
12578,understand|produces,0,0
12579,understand|prompt,0,0
12580,understand|reason,0,0
12581,understand|reduces,0,0
12582,understand|relevant,0,0
12583,understand|repeated,0,0
12584,understand|represents,0,0
12585,understand|scales,0,0
12586,understand|shifts,0,0
12587,understand|slows,0,0
12588,understand|statistical,0,0
12589,understand|stops,0,0
12590,understand|sum,0,0
12591,understand|sums,0,0
12592,understand|text,0,0
12593,understand|the,0,0
12594,understand|to,0,0
12595,understand|token,0,0
12596,understand|tokens,0,0
12597,understand|trained,0,0
12598,understand|training,0,0
12599,understand|truth,0,0
12600,understand|understand,0,0
12601,understand|understanding,0,0
12602,understand|unit,0,0
12603,understand|updated,0,0
12604,understand|updates,0,0
12605,understand|using,0,0
12606,understand|vector,0,0
12607,understand|weight,0,0
12608,understand|weighted,0,0
12609,understand|weighting,0,0
12610,understand|what,0,0
12611,understand|when,0,0
12612,understand|word,0,0
12613,understand|zero,0,0
12614,understanding|a,0,0
12615,understanding|adjusts,0,0
12616,understanding|an,0,0
12617,understanding|and,0,0
12618,understanding|applies,0,0
12619,understanding|attention,0,0
12620,understanding|be,0,0
12621,understanding|between,0,0
12622,understanding|bias,0,0
12623,understanding|by,0,0
12624,understanding|can,0,0
12625,understanding|change,0,0
12626,understanding|chosen,0,0
12627,understanding|collection,0,0
12628,understanding|conditions,0,0
12629,understanding|corpus,0,0
12630,understanding|create,0,0
12631,understanding|data,0,0
12632,understanding|descent,0,0
12633,understanding|determines,0,0
12634,understanding|does,0,0
12635,understanding|during,0,0
12636,understanding|embedding,0,0
12637,understanding|emphasizes,0,0
12638,understanding|error,0,0
12639,understanding|fact,0,0
12640,understanding|fit,0,0
12641,understanding|from,0,0
12642,understanding|function,0,0
12643,understanding|functions,0,0
12644,understanding|gradient,0,0
12645,understanding|gradients,0,0
12646,understanding|has,0,0
12647,understanding|helps,0,0
12648,understanding|improvement,0,0
12649,understanding|in,0,0
12650,understanding|inference,-0.0369,-0.0369
12651,understanding|input,0,0
12652,understanding|inputs,0,0
12653,understanding|instruct,0,0
12654,understanding|intent,0,0
12655,understanding|is,0,0
12656,understanding|itself,0,0
12657,understanding|know,0,0
12658,understanding|language,0,0
12659,understanding|large,0,0
12660,understanding|learn,0,0
12661,understanding|learned,0,0
12662,understanding|likelihood,0,0
12663,understanding|maps,0,0
12664,understanding|mathematical,0,0
12665,understanding|meaning,0,0
12666,understanding|mechanism,0,0
12667,understanding|method,0,0
12668,understanding|minimization,0,0
12669,understanding|model,0,0
12670,understanding|network,0,0
12671,understanding|neural,0,0
12672,understanding|next,0,0
12673,understanding|no,0,0
12674,understanding|nonlinear,0,0
12675,understanding|not,0,0
12676,understanding|number,0,0
12677,understanding|numeric,0,0
12678,understanding|of,0,0
12679,understanding|offset,0,0
12680,understanding|on,0,0
12681,understanding|one,0,0
12682,understanding|optimization,0,0
12683,understanding|output,0,0
12684,understanding|outputs,0,0
12685,understanding|over,0,0
12686,understanding|parameter,0,0
12687,understanding|parameters,0,0
12688,understanding|part,0,0
12689,understanding|patterns,0,0
12690,understanding|people,0,0
12691,understanding|predicted,0,0
12692,understanding|prediction,0,0
12693,understanding|predictor,0,0
12694,understanding|predicts,0,0
12695,understanding|probabilities,0,0
12696,understanding|probability,0,0
12697,understanding|produces,0,0
12698,understanding|prompt,0,0
12699,understanding|reason,0,0
12700,understanding|reduces,0,0
12701,understanding|relevant,0,0
12702,understanding|repeated,0,0
12703,understanding|represents,0,0
12704,understanding|scales,0,0
12705,understanding|shifts,0,0
12706,understanding|slows,0,0
12707,understanding|statistical,0,0
12708,understanding|stops,0,0
12709,understanding|sum,0,0
12710,understanding|sums,0,0
12711,understanding|text,0,0
12712,understanding|the,0,0
12713,understanding|to,0,0
12714,understanding|token,0,0
12715,understanding|tokens,0,0
12716,understanding|trained,0,0
12717,understanding|training,0,0
12718,understanding|truth,0,0
12719,understanding|understand,0,0
12720,understanding|understanding,0,0
12721,understanding|unit,0,0
12722,understanding|updated,0,0
12723,understanding|updates,0,0
12724,understanding|using,0,0
12725,understanding|vector,0,0
12726,understanding|weight,0,0
12727,understanding|weighted,0,0
12728,understanding|weighting,0,0
12729,understanding|what,0,0
12730,understanding|when,0,0
12731,understanding|word,0,0
12732,understanding|zero,0,0
12733,unit|a,0,0
12734,unit|adjusts,0,0
12735,unit|an,0,0
12736,unit|and,0,0
12737,unit|applies,0,0
12738,unit|attention,0,0
12739,unit|be,0,0
12740,unit|between,0,0
12741,unit|bias,0,0
12742,unit|by,0,0
12743,unit|can,0,0
12744,unit|change,0,0
12745,unit|chosen,0,0
12746,unit|collection,0,0
12747,unit|conditions,0,0
12748,unit|corpus,0,0
12749,unit|create,0,0
12750,unit|data,0,0
12751,unit|descent,0,0
12752,unit|determines,0,0
12753,unit|does,0,0
12754,unit|during,0,0
12755,unit|embedding,0,0
12756,unit|emphasizes,0,0
12757,unit|error,0,0
12758,unit|fact,0,0
12759,unit|fit,0,0
12760,unit|from,0,0
12761,unit|function,0,0
12762,unit|functions,0,0
12763,unit|gradient,0,0
12764,unit|gradients,0,0
12765,unit|has,0,0
12766,unit|helps,0,0
12767,unit|improvement,0,0
12768,unit|in,0,0
12769,unit|inference,0,0
12770,unit|input,0,0
12771,unit|inputs,0,0
12772,unit|instruct,0,0
12773,unit|intent,0,0
12774,unit|is,0,0
12775,unit|itself,0,0
12776,unit|know,0,0
12777,unit|language,0,0
12778,unit|large,0,0
12779,unit|learn,0,0
12780,unit|learned,0,0
12781,unit|likelihood,0,0
12782,unit|maps,0,0
12783,unit|mathematical,0,0
12784,unit|meaning,0,0
12785,unit|mechanism,0,0
12786,unit|method,0,0
12787,unit|minimization,0,0
12788,unit|model,0,0
12789,unit|network,0,0
12790,unit|neural,0,0
12791,unit|next,0,0
12792,unit|no,0,0
12793,unit|nonlinear,0,0
12794,unit|not,0,0
12795,unit|number,0,0
12796,unit|numeric,0,0
12797,unit|of,-0.0369,-0.0369
12798,unit|offset,0,0
12799,unit|on,0,0
12800,unit|one,0,0
12801,unit|optimization,0,0
12802,unit|output,0,0
12803,unit|outputs,0,0
12804,unit|over,0,0
12805,unit|parameter,0,0
12806,unit|parameters,0,0
12807,unit|part,0,0
12808,unit|patterns,0,0
12809,unit|people,0,0
12810,unit|predicted,0,0
12811,unit|prediction,0,0
12812,unit|predictor,0,0
12813,unit|predicts,0,0
12814,unit|probabilities,0,0
12815,unit|probability,0,0
12816,unit|produces,0,0
12817,unit|prompt,0,0
12818,unit|reason,0,0
12819,unit|reduces,0,0
12820,unit|relevant,0,0
12821,unit|repeated,0,0
12822,unit|represents,0,0
12823,unit|scales,0,0
12824,unit|shifts,0,0
12825,unit|slows,0,0
12826,unit|statistical,0,0
12827,unit|stops,0,0
12828,unit|sum,0,0
12829,unit|sums,0,0
12830,unit|text,0,0
12831,unit|the,0,0
12832,unit|to,0,0
12833,unit|token,0,0
12834,unit|tokens,0,0
12835,unit|trained,0,0
12836,unit|training,0,0
12837,unit|truth,0,0
12838,unit|understand,0,0
12839,unit|understanding,0,0
12840,unit|unit,0,0
12841,unit|updated,0,0
12842,unit|updates,0,0
12843,unit|using,0,0
12844,unit|vector,0,0
12845,unit|weight,0,0
12846,unit|weighted,0,0
12847,unit|weighting,0,0
12848,unit|what,0,0
12849,unit|when,0,0
12850,unit|word,0,0
12851,unit|zero,0,0
12852,updated|a,0,0
12853,updated|adjusts,0,0
12854,updated|an,0,0
12855,updated|and,0,0
12856,updated|applies,0,0
12857,updated|attention,0,0
12858,updated|be,0,0
12859,updated|between,0,0
12860,updated|bias,0,0
12861,updated|by,0,0
12862,updated|can,0,0
12863,updated|change,0,0
12864,updated|chosen,0,0
12865,updated|collection,0,0
12866,updated|conditions,0,0
12867,updated|corpus,0,0
12868,updated|create,0,0
12869,updated|data,0,0
12870,updated|descent,0,0
12871,updated|determines,0,0
12872,updated|does,0,0
12873,updated|during,-0.0369,-0.0369
12874,updated|embedding,0,0
12875,updated|emphasizes,0,0
12876,updated|error,0,0
12877,updated|fact,0,0
12878,updated|fit,0,0
12879,updated|from,0,0
12880,updated|function,0,0
12881,updated|functions,0,0
12882,updated|gradient,0,0
12883,updated|gradients,0,0
12884,updated|has,0,0
12885,updated|helps,0,0
12886,updated|improvement,0,0
12887,updated|in,0,0
12888,updated|inference,0,0
12889,updated|input,0,0
12890,updated|inputs,0,0
12891,updated|instruct,0,0
12892,updated|intent,0,0
12893,updated|is,0,0
12894,updated|itself,0,0
12895,updated|know,0,0
12896,updated|language,0,0
12897,updated|large,0,0
12898,updated|learn,0,0
12899,updated|learned,0,0
12900,updated|likelihood,0,0
12901,updated|maps,0,0
12902,updated|mathematical,0,0
12903,updated|meaning,0,0
12904,updated|mechanism,0,0
12905,updated|method,0,0
12906,updated|minimization,0,0
12907,updated|model,0,0
12908,updated|network,0,0
12909,updated|neural,0,0
12910,updated|next,0,0
12911,updated|no,0,0
12912,updated|nonlinear,0,0
12913,updated|not,0,0
12914,updated|number,0,0
12915,updated|numeric,0,0
12916,updated|of,0,0
12917,updated|offset,0,0
12918,updated|on,0,0
12919,updated|one,0,0
12920,updated|optimization,0,0
12921,updated|output,0,0
12922,updated|outputs,0,0
12923,updated|over,0,0
12924,updated|parameter,0,0
12925,updated|parameters,0,0
12926,updated|part,0,0
12927,updated|patterns,0,0
12928,updated|people,0,0
12929,updated|predicted,0,0
12930,updated|prediction,0,0
12931,updated|predictor,0,0
12932,updated|predicts,0,0
12933,updated|probabilities,0,0
12934,updated|probability,0,0
12935,updated|produces,0,0
12936,updated|prompt,0,0
12937,updated|reason,0,0
12938,updated|reduces,0,0
12939,updated|relevant,0,0
12940,updated|repeated,0,0
12941,updated|represents,0,0
12942,updated|scales,0,0
12943,updated|shifts,0,0
12944,updated|slows,0,0
12945,updated|statistical,0,0
12946,updated|stops,0,0
12947,updated|sum,0,0
12948,updated|sums,0,0
12949,updated|text,0,0
12950,updated|the,0,0
12951,updated|to,0,0
12952,updated|token,0,0
12953,updated|tokens,0,0
12954,updated|trained,0,0
12955,updated|training,0,0
12956,updated|truth,0,0
12957,updated|understand,0,0
12958,updated|understanding,0,0
12959,updated|unit,0,0
12960,updated|updated,0,0
12961,updated|updates,0,0
12962,updated|using,0,0
12963,updated|vector,0,0
12964,updated|weight,0,0
12965,updated|weighted,0,0
12966,updated|weighting,0,0
12967,updated|what,0,0
12968,updated|when,0,0
12969,updated|word,0,0
12970,updated|zero,0,0
12971,updates|a,0,0
12972,updates|adjusts,0,0
12973,updates|an,0,0
12974,updates|and,0,0
12975,updates|applies,0,0
12976,updates|attention,0,0
12977,updates|be,0,0
12978,updates|between,0,0
12979,updates|bias,0,0
12980,updates|by,0,0
12981,updates|can,0,0
12982,updates|change,0,0
12983,updates|chosen,0,0
12984,updates|collection,0,0
12985,updates|conditions,0,0
12986,updates|corpus,0,0
12987,updates|create,0,0
12988,updates|data,0,0
12989,updates|descent,0,0
12990,updates|determines,0,0
12991,updates|does,0,0
12992,updates|during,0,0
12993,updates|embedding,0,0
12994,updates|emphasizes,0,0
12995,updates|error,0,0
12996,updates|fact,0,0
12997,updates|fit,0,0
12998,updates|from,0,0
12999,updates|function,0,0
13000,updates|functions,0,0
13001,updates|gradient,0,0
13002,updates|gradients,0,0
13003,updates|has,0,0
13004,updates|helps,0,0
13005,updates|improvement,0,0
13006,updates|in,0,0
13007,updates|inference,0,0
13008,updates|input,0,0
13009,updates|inputs,0,0
13010,updates|instruct,0,0
13011,updates|intent,0,0
13012,updates|is,0,0
13013,updates|itself,0,0
13014,updates|know,0,0
13015,updates|language,0,0
13016,updates|large,0,0
13017,updates|learn,0,0
13018,updates|learned,0,0
13019,updates|likelihood,0,0
13020,updates|maps,0,0
13021,updates|mathematical,0,0
13022,updates|meaning,0,0
13023,updates|mechanism,0,0
13024,updates|method,0,0
13025,updates|minimization,0,0
13026,updates|model,0,0
13027,updates|network,0,0
13028,updates|neural,0,0
13029,updates|next,0,0
13030,updates|no,0,0
13031,updates|nonlinear,0,0
13032,updates|not,0,0
13033,updates|number,0,0
13034,updates|numeric,0,0
13035,updates|of,0,0
13036,updates|offset,0,0
13037,updates|on,0,0
13038,updates|one,0,0
13039,updates|optimization,0,0
13040,updates|output,0,0
13041,updates|outputs,0,0
13042,updates|over,0,0
13043,updates|parameter,0,0
13044,updates|parameters,-0.0369,-0.0369
13045,updates|part,0,0
13046,updates|patterns,0,0
13047,updates|people,0,0
13048,updates|predicted,0,0
13049,updates|prediction,0,0
13050,updates|predictor,0,0
13051,updates|predicts,0,0
13052,updates|probabilities,0,0
13053,updates|probability,0,0
13054,updates|produces,0,0
13055,updates|prompt,0,0
13056,updates|reason,0,0
13057,updates|reduces,0,0
13058,updates|relevant,0,0
13059,updates|repeated,0,0
13060,updates|represents,0,0
13061,updates|scales,0,0
13062,updates|shifts,0,0
13063,updates|slows,0,0
13064,updates|statistical,0,0
13065,updates|stops,0,0
13066,updates|sum,0,0
13067,updates|sums,0,0
13068,updates|text,0,0
13069,updates|the,0,0
13070,updates|to,0,0
13071,updates|token,0,0
13072,updates|tokens,0,0
13073,updates|trained,0,0
13074,updates|training,0,0
13075,updates|truth,0,0
13076,updates|understand,0,0
13077,updates|understanding,0,0
13078,updates|unit,0,0
13079,updates|updated,0,0
13080,updates|updates,0,0
13081,updates|using,0,0
13082,updates|vector,0,0
13083,updates|weight,0,0
13084,updates|weighted,0,0
13085,updates|weighting,0,0
13086,updates|what,0,0
13087,updates|when,0,0
13088,updates|word,0,0
13089,updates|zero,0,0
13090,using|a,-0.0369,-0.0369
13091,using|adjusts,0,0
13092,using|an,0,0
13093,using|and,0,0
13094,using|applies,0,0
13095,using|attention,0,0
13096,using|be,0,0
13097,using|between,0,0
13098,using|bias,0,0
13099,using|by,0,0
13100,using|can,0,0
13101,using|change,0,0
13102,using|chosen,0,0
13103,using|collection,0,0
13104,using|conditions,0,0
13105,using|corpus,0,0
13106,using|create,0,0
13107,using|data,0,0
13108,using|descent,0,0
13109,using|determines,0,0
13110,using|does,0,0
13111,using|during,0,0
13112,using|embedding,0,0
13113,using|emphasizes,0,0
13114,using|error,0,0
13115,using|fact,0,0
13116,using|fit,0,0
13117,using|from,0,0
13118,using|function,0,0
13119,using|functions,0,0
13120,using|gradient,0,0
13121,using|gradients,-0.0369,-0.0369
13122,using|has,0,0
13123,using|helps,0,0
13124,using|improvement,0,0
13125,using|in,0,0
13126,using|inference,0,0
13127,using|input,0,0
13128,using|inputs,0,0
13129,using|instruct,0,0
13130,using|intent,0,0
13131,using|is,0,0
13132,using|itself,0,0
13133,using|know,0,0
13134,using|language,0,0
13135,using|large,0,0
13136,using|learn,0,0
13137,using|learned,0,0
13138,using|likelihood,0,0
13139,using|maps,0,0
13140,using|mathematical,0,0
13141,using|meaning,0,0
13142,using|mechanism,0,0
13143,using|method,0,0
13144,using|minimization,0,0
13145,using|model,0,0
13146,using|network,0,0
13147,using|neural,0,0
13148,using|next,0,0
13149,using|no,0,0
13150,using|nonlinear,0,0
13151,using|not,0,0
13152,using|number,0,0
13153,using|numeric,0,0
13154,using|of,0,0
13155,using|offset,0,0
13156,using|on,0,0
13157,using|one,0,0
13158,using|optimization,0,0
13159,using|output,0,0
13160,using|outputs,0,0
13161,using|over,0,0
13162,using|parameter,0,0
13163,using|parameters,0,0
13164,using|part,0,0
13165,using|patterns,0,0
13166,using|people,0,0
13167,using|predicted,0,0
13168,using|prediction,0,0
13169,using|predictor,0,0
13170,using|predicts,0,0
13171,using|probabilities,0,0
13172,using|probability,0,0
13173,using|produces,0,0
13174,using|prompt,0,0
13175,using|reason,0,0
13176,using|reduces,0,0
13177,using|relevant,0,0
13178,using|repeated,0,0
13179,using|represents,0,0
13180,using|scales,0,0
13181,using|shifts,0,0
13182,using|slows,0,0
13183,using|statistical,0,0
13184,using|stops,0,0
13185,using|sum,0,0
13186,using|sums,0,0
13187,using|text,0,0
13188,using|the,0,0
13189,using|to,0,0
13190,using|token,0,0
13191,using|tokens,0,0
13192,using|trained,0,0
13193,using|training,0,0
13194,using|truth,0,0
13195,using|understand,0,0
13196,using|understanding,0,0
13197,using|unit,0,0
13198,using|updated,0,0
13199,using|updates,0,0
13200,using|using,0,0
13201,using|vector,0,0
13202,using|weight,0,0
13203,using|weighted,0,0
13204,using|weighting,0,0
13205,using|what,0,0
13206,using|when,0,0
13207,using|word,0,0
13208,using|zero,0,0
13209,vector|a,0,0
13210,vector|adjusts,0,0
13211,vector|an,-0.0369,-0.0369
13212,vector|and,0,0
13213,vector|applies,0,0
13214,vector|attention,0,0
13215,vector|be,0,0
13216,vector|between,0,0
13217,vector|bias,0,0
13218,vector|by,0,0
13219,vector|can,0,0
13220,vector|change,0,0
13221,vector|chosen,0,0
13222,vector|collection,0,0
13223,vector|conditions,0,0
13224,vector|corpus,0,0
13225,vector|create,0,0
13226,vector|data,0,0
13227,vector|descent,0,0
13228,vector|determines,0,0
13229,vector|does,0,0
13230,vector|during,0,0
13231,vector|embedding,0,0
13232,vector|emphasizes,0,0
13233,vector|error,0,0
13234,vector|fact,0,0
13235,vector|fit,0,0
13236,vector|from,0,0
13237,vector|function,0,0
13238,vector|functions,0,0
13239,vector|gradient,0,0
13240,vector|gradients,0,0
13241,vector|has,0,0
13242,vector|helps,0,0
13243,vector|improvement,0,0
13244,vector|in,0,0
13245,vector|inference,0,0
13246,vector|input,0,0
13247,vector|inputs,0,0
13248,vector|instruct,0,0
13249,vector|intent,0,0
13250,vector|is,0,0
13251,vector|itself,0,0
13252,vector|know,0,0
13253,vector|language,0,0
13254,vector|large,0,0
13255,vector|learn,0,0
13256,vector|learned,0,0
13257,vector|likelihood,0,0
13258,vector|maps,0,0
13259,vector|mathematical,0,0
13260,vector|meaning,0,0
13261,vector|mechanism,0,0
13262,vector|method,0,0
13263,vector|minimization,0,0
13264,vector|model,0,0
13265,vector|network,0,0
13266,vector|neural,0,0
13267,vector|next,0,0
13268,vector|no,0,0
13269,vector|nonlinear,0,0
13270,vector|not,0,0
13271,vector|number,0,0
13272,vector|numeric,0,0
13273,vector|of,0,0
13274,vector|offset,0,0
13275,vector|on,0,0
13276,vector|one,0,0
13277,vector|optimization,0,0
13278,vector|output,0,0
13279,vector|outputs,0,0
13280,vector|over,0,0
13281,vector|parameter,0,0
13282,vector|parameters,0,0
13283,vector|part,0,0
13284,vector|patterns,0,0
13285,vector|people,0,0
13286,vector|predicted,0,0
13287,vector|prediction,0,0
13288,vector|predictor,0,0
13289,vector|predicts,0,0
13290,vector|probabilities,0,0
13291,vector|probability,0,0
13292,vector|produces,0,0
13293,vector|prompt,0,0
13294,vector|reason,0,0
13295,vector|reduces,0,0
13296,vector|relevant,0,0
13297,vector|repeated,0,0
13298,vector|represents,0,0
13299,vector|scales,0,0
13300,vector|shifts,0,0
13301,vector|slows,0,0
13302,vector|statistical,0,0
13303,vector|stops,0,0
13304,vector|sum,0,0
13305,vector|sums,0,0
13306,vector|text,0,0
13307,vector|the,0,0
13308,vector|to,0,0
13309,vector|token,0,0
13310,vector|tokens,0,0
13311,vector|trained,0,0
13312,vector|training,0,0
13313,vector|truth,0,0
13314,vector|understand,0,0
13315,vector|understanding,0,0
13316,vector|unit,0,0
13317,vector|updated,0,0
13318,vector|updates,0,0
13319,vector|using,0,0
13320,vector|vector,0,0
13321,vector|weight,0,0
13322,vector|weighted,0,0
13323,vector|weighting,0,0
13324,vector|what,0,0
13325,vector|when,0,0
13326,vector|word,0,0
13327,vector|zero,0,0
13328,weight|a,0,0
13329,weight|adjusts,0,0
13330,weight|an,0,0
13331,weight|and,0,0
13332,weight|applies,0,0
13333,weight|attention,0,0
13334,weight|be,0,0
13335,weight|between,0,0
13336,weight|bias,0,0
13337,weight|by,0,0
13338,weight|can,0,0
13339,weight|change,0,0
13340,weight|chosen,0,0
13341,weight|collection,0,0
13342,weight|conditions,0,0
13343,weight|corpus,0,0
13344,weight|create,0,0
13345,weight|data,0,0
13346,weight|descent,0,0
13347,weight|determines,0,0
13348,weight|does,0,0
13349,weight|during,0,0
13350,weight|embedding,0,0
13351,weight|emphasizes,0,0
13352,weight|error,0,0
13353,weight|fact,0,0
13354,weight|fit,0,0
13355,weight|from,0,0
13356,weight|function,0,0
13357,weight|functions,0,0
13358,weight|gradient,0,0
13359,weight|gradients,0,0
13360,weight|has,0,0
13361,weight|helps,0,0
13362,weight|improvement,0,0
13363,weight|in,0,0
13364,weight|inference,0,0
13365,weight|input,0,0
13366,weight|inputs,0,0
13367,weight|instruct,0,0
13368,weight|intent,0,0
13369,weight|is,4.0094,-0.0688
13370,weight|itself,0,0
13371,weight|know,0,0
13372,weight|language,0,0
13373,weight|large,0,0
13374,weight|learn,0,0
13375,weight|learned,0,0
13376,weight|likelihood,0,0
13377,weight|maps,0,0
13378,weight|mathematical,0,0
13379,weight|meaning,0,0
13380,weight|mechanism,0,0
13381,weight|method,0,0
13382,weight|minimization,0,0
13383,weight|model,0,0
13384,weight|network,0,0
13385,weight|neural,0,0
13386,weight|next,0,0
13387,weight|no,0,0
13388,weight|nonlinear,0,0
13389,weight|not,0,0
13390,weight|number,0,0
13391,weight|numeric,0,0
13392,weight|of,0,0
13393,weight|offset,0,0
13394,weight|on,0,0
13395,weight|one,0,0
13396,weight|optimization,0,0
13397,weight|output,0,0
13398,weight|outputs,0,0
13399,weight|over,0,0
13400,weight|parameter,0,0
13401,weight|parameters,0,0
13402,weight|part,0,0
13403,weight|patterns,0,0
13404,weight|people,0,0
13405,weight|predicted,0,0
13406,weight|prediction,0,0
13407,weight|predictor,0,0
13408,weight|predicts,0,0
13409,weight|probabilities,0,0
13410,weight|probability,0,0
13411,weight|produces,0,0
13412,weight|prompt,0,0
13413,weight|reason,0,0
13414,weight|reduces,0,0
13415,weight|relevant,0,0
13416,weight|repeated,0,0
13417,weight|represents,0,0
13418,weight|scales,-0.0369,-0.0369
13419,weight|shifts,0,0
13420,weight|slows,0,0
13421,weight|statistical,0,0
13422,weight|stops,0,0
13423,weight|sum,0,0
13424,weight|sums,0,0
13425,weight|text,0,0
13426,weight|the,0,0
13427,weight|to,0,0
13428,weight|token,0,0
13429,weight|tokens,0,0
13430,weight|trained,0,0
13431,weight|training,0,0
13432,weight|truth,0,0
13433,weight|understand,0,0
13434,weight|understanding,0,0
13435,weight|unit,0,0
13436,weight|updated,0,0
13437,weight|updates,0,0
13438,weight|using,0,0
13439,weight|vector,0,0
13440,weight|weight,0,0
13441,weight|weighted,0,0
13442,weight|weighting,0,0
13443,weight|what,0,0
13444,weight|when,0,0
13445,weight|word,0,0
13446,weight|zero,0,0
13447,weighted|a,0,0
13448,weighted|adjusts,0,0
13449,weighted|an,0,0
13450,weighted|and,0,0
13451,weighted|applies,0,0
13452,weighted|attention,0,0
13453,weighted|be,0,0
13454,weighted|between,0,0
13455,weighted|bias,0,0
13456,weighted|by,0,0
13457,weighted|can,0,0
13458,weighted|change,0,0
13459,weighted|chosen,0,0
13460,weighted|collection,0,0
13461,weighted|conditions,0,0
13462,weighted|corpus,0,0
13463,weighted|create,0,0
13464,weighted|data,0,0
13465,weighted|descent,0,0
13466,weighted|determines,0,0
13467,weighted|does,0,0
13468,weighted|during,0,0
13469,weighted|embedding,0,0
13470,weighted|emphasizes,0,0
13471,weighted|error,0,0
13472,weighted|fact,0,0
13473,weighted|fit,0,0
13474,weighted|from,0,0
13475,weighted|function,0,0
13476,weighted|functions,0,0
13477,weighted|gradient,0,0
13478,weighted|gradients,0,0
13479,weighted|has,0,0
13480,weighted|helps,0,0
13481,weighted|improvement,0,0
13482,weighted|in,0,0
13483,weighted|inference,0,0
13484,weighted|input,0,0
13485,weighted|inputs,0,0
13486,weighted|instruct,0,0
13487,weighted|intent,0,0
13488,weighted|is,0,0
13489,weighted|itself,0,0
13490,weighted|know,0,0
13491,weighted|language,0,0
13492,weighted|large,0,0
13493,weighted|learn,0,0
13494,weighted|learned,0,0
13495,weighted|likelihood,0,0
13496,weighted|maps,0,0
13497,weighted|mathematical,0,0
13498,weighted|meaning,0,0
13499,weighted|mechanism,0,0
13500,weighted|method,0,0
13501,weighted|minimization,0,0
13502,weighted|model,0,0
13503,weighted|network,0,0
13504,weighted|neural,0,0
13505,weighted|next,0,0
13506,weighted|no,0,0
13507,weighted|nonlinear,0,0
13508,weighted|not,0,0
13509,weighted|number,0,0
13510,weighted|numeric,0,0
13511,weighted|of,0,0
13512,weighted|offset,0,0
13513,weighted|on,0,0
13514,weighted|one,0,0
13515,weighted|optimization,0,0
13516,weighted|output,0,0
13517,weighted|outputs,0,0
13518,weighted|over,0,0
13519,weighted|parameter,0,0
13520,weighted|parameters,0,0
13521,weighted|part,0,0
13522,weighted|patterns,0,0
13523,weighted|people,0,0
13524,weighted|predicted,0,0
13525,weighted|prediction,0,0
13526,weighted|predictor,0,0
13527,weighted|predicts,0,0
13528,weighted|probabilities,0,0
13529,weighted|probability,0,0
13530,weighted|produces,0,0
13531,weighted|prompt,0,0
13532,weighted|reason,0,0
13533,weighted|reduces,0,0
13534,weighted|relevant,0,0
13535,weighted|repeated,0,0
13536,weighted|represents,0,0
13537,weighted|scales,0,0
13538,weighted|shifts,0,0
13539,weighted|slows,0,0
13540,weighted|statistical,0,0
13541,weighted|stops,0,0
13542,weighted|sum,0,0
13543,weighted|sums,4.3550,-0.0369
13544,weighted|text,0,0
13545,weighted|the,0,0
13546,weighted|to,0,0
13547,weighted|token,0,0
13548,weighted|tokens,0,0
13549,weighted|trained,0,0
13550,weighted|training,0,0
13551,weighted|truth,0,0
13552,weighted|understand,0,0
13553,weighted|understanding,0,0
13554,weighted|unit,0,0
13555,weighted|updated,0,0
13556,weighted|updates,0,0
13557,weighted|using,0,0
13558,weighted|vector,0,0
13559,weighted|weight,0,0
13560,weighted|weighted,0,0
13561,weighted|weighting,0,0
13562,weighted|what,0,0
13563,weighted|when,0,0
13564,weighted|word,0,0
13565,weighted|zero,0,0
13566,weighting|a,0,0
13567,weighting|adjusts,0,0
13568,weighting|an,0,0
13569,weighting|and,0,0
13570,weighting|applies,0,0
13571,weighting|attention,0,0
13572,weighting|be,0,0
13573,weighting|between,0,0
13574,weighting|bias,0,0
13575,weighting|by,0,0
13576,weighting|can,0,0
13577,weighting|change,0,0
13578,weighting|chosen,0,0
13579,weighting|collection,0,0
13580,weighting|conditions,0,0
13581,weighting|corpus,0,0
13582,weighting|create,0,0
13583,weighting|data,0,0
13584,weighting|descent,0,0
13585,weighting|determines,0,0
13586,weighting|does,0,0
13587,weighting|during,0,0
13588,weighting|embedding,0,0
13589,weighting|emphasizes,0,0
13590,weighting|error,0,0
13591,weighting|fact,0,0
13592,weighting|fit,0,0
13593,weighting|from,0,0
13594,weighting|function,0,0
13595,weighting|functions,0,0
13596,weighting|gradient,0,0
13597,weighting|gradients,0,0
13598,weighting|has,0,0
13599,weighting|helps,0,0
13600,weighting|improvement,0,0
13601,weighting|in,0,0
13602,weighting|inference,0,0
13603,weighting|input,0,0
13604,weighting|inputs,0,0
13605,weighting|instruct,0,0
13606,weighting|intent,0,0
13607,weighting|is,0,0
13608,weighting|itself,0,0
13609,weighting|know,0,0
13610,weighting|language,0,0
13611,weighting|large,0,0
13612,weighting|learn,0,0
13613,weighting|learned,0,0
13614,weighting|likelihood,0,0
13615,weighting|maps,0,0
13616,weighting|mathematical,0,0
13617,weighting|meaning,0,0
13618,weighting|mechanism,-0.0369,-0.0369
13619,weighting|method,0,0
13620,weighting|minimization,0,0
13621,weighting|model,0,0
13622,weighting|network,0,0
13623,weighting|neural,0,0
13624,weighting|next,0,0
13625,weighting|no,0,0
13626,weighting|nonlinear,0,0
13627,weighting|not,0,0
13628,weighting|number,0,0
13629,weighting|numeric,0,0
13630,weighting|of,0,0
13631,weighting|offset,0,0
13632,weighting|on,0,0
13633,weighting|one,0,0
13634,weighting|optimization,0,0
13635,weighting|output,0,0
13636,weighting|outputs,0,0
13637,weighting|over,0,0
13638,weighting|parameter,0,0
13639,weighting|parameters,0,0
13640,weighting|part,0,0
13641,weighting|patterns,0,0
13642,weighting|people,0,0
13643,weighting|predicted,0,0
13644,weighting|prediction,0,0
13645,weighting|predictor,0,0
13646,weighting|predicts,0,0
13647,weighting|probabilities,0,0
13648,weighting|probability,0,0
13649,weighting|produces,0,0
13650,weighting|prompt,0,0
13651,weighting|reason,0,0
13652,weighting|reduces,0,0
13653,weighting|relevant,0,0
13654,weighting|repeated,0,0
13655,weighting|represents,0,0
13656,weighting|scales,0,0
13657,weighting|shifts,0,0
13658,weighting|slows,0,0
13659,weighting|statistical,0,0
13660,weighting|stops,0,0
13661,weighting|sum,0,0
13662,weighting|sums,0,0
13663,weighting|text,0,0
13664,weighting|the,0,0
13665,weighting|to,0,0
13666,weighting|token,0,0
13667,weighting|tokens,0,0
13668,weighting|trained,0,0
13669,weighting|training,0,0
13670,weighting|truth,0,0
13671,weighting|understand,0,0
13672,weighting|understanding,0,0
13673,weighting|unit,0,0
13674,weighting|updated,0,0
13675,weighting|updates,0,0
13676,weighting|using,0,0
13677,weighting|vector,0,0
13678,weighting|weight,0,0
13679,weighting|weighted,0,0
13680,weighting|weighting,0,0
13681,weighting|what,0,0
13682,weighting|when,0,0
13683,weighting|word,0,0
13684,weighting|zero,0,0
13685,what|a,-0.0369,-0.0369
13686,what|adjusts,0,0
13687,what|an,0,0
13688,what|and,0,0
13689,what|applies,0,0
13690,what|attention,0,0
13691,what|be,0,0
13692,what|between,0,0
13693,what|bias,0,0
13694,what|by,0,0
13695,what|can,0,0
13696,what|change,0,0
13697,what|chosen,0,0
13698,what|collection,0,0
13699,what|conditions,0,0
13700,what|corpus,0,0
13701,what|create,0,0
13702,what|data,0,0
13703,what|descent,0,0
13704,what|determines,0,0
13705,what|does,0,0
13706,what|during,0,0
13707,what|embedding,0,0
13708,what|emphasizes,0,0
13709,what|error,0,0
13710,what|fact,0,0
13711,what|fit,0,0
13712,what|from,0,0
13713,what|function,0,0
13714,what|functions,0,0
13715,what|gradient,0,0
13716,what|gradients,0,0
13717,what|has,0,0
13718,what|helps,0,0
13719,what|improvement,0,0
13720,what|in,0,0
13721,what|inference,0,0
13722,what|input,0,0
13723,what|inputs,0,0
13724,what|instruct,0,0
13725,what|intent,0,0
13726,what|is,0,0
13727,what|itself,0,0
13728,what|know,0,0
13729,what|language,0,0
13730,what|large,0,0
13731,what|learn,0,0
13732,what|learned,0,0
13733,what|likelihood,0,0
13734,what|maps,0,0
13735,what|mathematical,0,0
13736,what|meaning,0,0
13737,what|mechanism,0,0
13738,what|method,0,0
13739,what|minimization,0,0
13740,what|model,0,0
13741,what|network,0,0
13742,what|neural,0,0
13743,what|next,0,0
13744,what|no,0,0
13745,what|nonlinear,0,0
13746,what|not,0,0
13747,what|number,0,0
13748,what|numeric,0,0
13749,what|of,0,0
13750,what|offset,0,0
13751,what|on,0,0
13752,what|one,0,0
13753,what|optimization,0,0
13754,what|output,0,0
13755,what|outputs,0,0
13756,what|over,0,0
13757,what|parameter,0,0
13758,what|parameters,0,0
13759,what|part,0,0
13760,what|patterns,0,0
13761,what|people,0,0
13762,what|predicted,0,0
13763,what|prediction,0,0
13764,what|predictor,0,0
13765,what|predicts,0,0
13766,what|probabilities,0,0
13767,what|probability,0,0
13768,what|produces,0,0
13769,what|prompt,0,0
13770,what|reason,0,0
13771,what|reduces,0,0
13772,what|relevant,0,0
13773,what|repeated,0,0
13774,what|represents,0,0
13775,what|scales,0,0
13776,what|shifts,0,0
13777,what|slows,0,0
13778,what|statistical,0,0
13779,what|stops,0,0
13780,what|sum,0,0
13781,what|sums,0,0
13782,what|text,0,0
13783,what|the,0,0
13784,what|to,0,0
13785,what|token,0,0
13786,what|tokens,0,0
13787,what|trained,0,0
13788,what|training,0,0
13789,what|truth,0,0
13790,what|understand,0,0
13791,what|understanding,0,0
13792,what|unit,0,0
13793,what|updated,0,0
13794,what|updates,0,0
13795,what|using,0,0
13796,what|vector,0,0
13797,what|weight,0,0
13798,what|weighted,0,0
13799,what|weighting,0,0
13800,what|what,0,0
13801,what|when,0,0
13802,what|word,0,0
13803,what|zero,0,0
13804,when|a,0,0
13805,when|adjusts,0,0
13806,when|an,0,0
13807,when|and,0,0
13808,when|applies,0,0
13809,when|attention,0,0
13810,when|be,0,0
13811,when|between,0,0
13812,when|bias,0,0
13813,when|by,0,0
13814,when|can,0,0
13815,when|change,0,0
13816,when|chosen,0,0
13817,when|collection,0,0
13818,when|conditions,0,0
13819,when|corpus,0,0
13820,when|create,0,0
13821,when|data,0,0
13822,when|descent,0,0
13823,when|determines,0,0
13824,when|does,0,0
13825,when|during,0,0
13826,when|embedding,0,0
13827,when|emphasizes,0,0
13828,when|error,0,0
13829,when|fact,0,0
13830,when|fit,0,0
13831,when|from,0,0
13832,when|function,0,0
13833,when|functions,0,0
13834,when|gradient,0,0
13835,when|gradients,0,0
13836,when|has,0,0
13837,when|helps,0,0
13838,when|improvement,-0.0369,-0.0369
13839,when|in,0,0
13840,when|inference,0,0
13841,when|input,0,0
13842,when|inputs,0,0
13843,when|instruct,0,0
13844,when|intent,0,0
13845,when|is,0,0
13846,when|itself,0,0
13847,when|know,0,0
13848,when|language,0,0
13849,when|large,0,0
13850,when|learn,0,0
13851,when|learned,0,0
13852,when|likelihood,0,0
13853,when|maps,0,0
13854,when|mathematical,0,0
13855,when|meaning,0,0
13856,when|mechanism,0,0
13857,when|method,0,0
13858,when|minimization,0,0
13859,when|model,0,0
13860,when|network,0,0
13861,when|neural,0,0
13862,when|next,0,0
13863,when|no,0,0
13864,when|nonlinear,0,0
13865,when|not,0,0
13866,when|number,0,0
13867,when|numeric,0,0
13868,when|of,0,0
13869,when|offset,0,0
13870,when|on,0,0
13871,when|one,0,0
13872,when|optimization,0,0
13873,when|output,0,0
13874,when|outputs,0,0
13875,when|over,0,0
13876,when|parameter,0,0
13877,when|parameters,0,0
13878,when|part,0,0
13879,when|patterns,0,0
13880,when|people,0,0
13881,when|predicted,0,0
13882,when|prediction,0,0
13883,when|predictor,0,0
13884,when|predicts,0,0
13885,when|probabilities,0,0
13886,when|probability,0,0
13887,when|produces,0,0
13888,when|prompt,0,0
13889,when|reason,0,0
13890,when|reduces,0,0
13891,when|relevant,0,0
13892,when|repeated,0,0
13893,when|represents,0,0
13894,when|scales,0,0
13895,when|shifts,0,0
13896,when|slows,0,0
13897,when|statistical,0,0
13898,when|stops,0,0
13899,when|sum,0,0
13900,when|sums,0,0
13901,when|text,0,0
13902,when|the,0,0
13903,when|to,0,0
13904,when|token,0,0
13905,when|tokens,0,0
13906,when|trained,0,0
13907,when|training,0,0
13908,when|truth,0,0
13909,when|understand,0,0
13910,when|understanding,0,0
13911,when|unit,0,0
13912,when|updated,0,0
13913,when|updates,0,0
13914,when|using,0,0
13915,when|vector,0,0
13916,when|weight,0,0
13917,when|weighted,0,0
13918,when|weighting,0,0
13919,when|what,0,0
13920,when|when,0,0
13921,when|word,0,0
13922,when|zero,0,0
13923,word|a,-0.0518,-0.0518
13924,word|adjusts,0,0
13925,word|an,0,0
13926,word|and,0,0
13927,word|applies,0,0
13928,word|attention,0,0
13929,word|be,0,0
13930,word|between,0,0
13931,word|bias,0,0
13932,word|by,0,0
13933,word|can,0,0
13934,word|change,0,0
13935,word|chosen,0,0
13936,word|collection,0,0
13937,word|conditions,0,0
13938,word|corpus,0,0
13939,word|create,0,0
13940,word|data,0,0
13941,word|descent,0,0
13942,word|determines,0,0
13943,word|does,0,0
13944,word|during,0,0
13945,word|embedding,0,0
13946,word|emphasizes,0,0
13947,word|error,0,0
13948,word|fact,0,0
13949,word|fit,0,0
13950,word|from,0,0
13951,word|function,0,0
13952,word|functions,0,0
13953,word|gradient,0,0
13954,word|gradients,0,0
13955,word|has,0,0
13956,word|helps,0,0
13957,word|improvement,0,0
13958,word|in,0,0
13959,word|inference,0,0
13960,word|input,0,0
13961,word|inputs,0,0
13962,word|instruct,0,0
13963,word|intent,0,0
13964,word|is,0,0
13965,word|itself,0,0
13966,word|know,0,0
13967,word|language,0,0
13968,word|large,0,0
13969,word|learn,0,0
13970,word|learned,0,0
13971,word|likelihood,0,0
13972,word|maps,0,0
13973,word|mathematical,0,0
13974,word|meaning,0,0
13975,word|mechanism,0,0
13976,word|method,0,0
13977,word|minimization,0,0
13978,word|model,0,0
13979,word|network,0,0
13980,word|neural,0,0
13981,word|next,0,0
13982,word|no,0,0
13983,word|nonlinear,0,0
13984,word|not,0,0
13985,word|number,0,0
13986,word|numeric,0,0
13987,word|of,0,0
13988,word|offset,0,0
13989,word|on,0,0
13990,word|one,0,0
13991,word|optimization,0,0
13992,word|output,0,0
13993,word|outputs,0,0
13994,word|over,0,0
13995,word|parameter,0,0
13996,word|parameters,0,0
13997,word|part,0,0
13998,word|patterns,0,0
13999,word|people,0,0
14000,word|predicted,0,0
14001,word|prediction,0,0
14002,word|predictor,0,0
14003,word|predicts,0,0
14004,word|probabilities,0,0
14005,word|probability,0,0
14006,word|produces,0,0
14007,word|prompt,0,0
14008,word|reason,0,0
14009,word|reduces,0,0
14010,word|relevant,0,0
14011,word|repeated,0,0
14012,word|represents,0,0
14013,word|scales,0,0
14014,word|shifts,0,0
14015,word|slows,0,0
14016,word|statistical,0,0
14017,word|stops,0,0
14018,word|sum,0,0
14019,word|sums,0,0
14020,word|text,0,0
14021,word|the,0,0
14022,word|to,0,0
14023,word|token,0,0
14024,word|tokens,0,0
14025,word|trained,0,0
14026,word|training,0,0
14027,word|truth,0,0
14028,word|understand,0,0
14029,word|understanding,0,0
14030,word|unit,0,0
14031,word|updated,0,0
14032,word|updates,0,0
14033,word|using,0,0
14034,word|vector,0,0
14035,word|weight,0,0
14036,word|weighted,0,0
14037,word|weighting,0,0
14038,word|what,0,0
14039,word|when,0,0
14040,word|word,0,0
14041,word|zero,0,0
14042,zero|a,0,0
14043,zero|adjusts,0,0
14044,zero|an,0,0
14045,zero|and,-0.0369,-0.0369
14046,zero|applies,0,0
14047,zero|attention,0,0
14048,zero|be,0,0
14049,zero|between,0,0
14050,zero|bias,0,0
14051,zero|by,0,0
14052,zero|can,0,0
14053,zero|change,0,0
14054,zero|chosen,0,0
14055,zero|collection,0,0
14056,zero|conditions,0,0
14057,zero|corpus,0,0
14058,zero|create,0,0
14059,zero|data,0,0
14060,zero|descent,0,0
14061,zero|determines,0,0
14062,zero|does,0,0
14063,zero|during,0,0
14064,zero|embedding,0,0
14065,zero|emphasizes,0,0
14066,zero|error,0,0
14067,zero|fact,0,0
14068,zero|fit,0,0
14069,zero|from,0,0
14070,zero|function,0,0
14071,zero|functions,0,0
14072,zero|gradient,0,0
14073,zero|gradients,0,0
14074,zero|has,0,0
14075,zero|helps,0,0
14076,zero|improvement,0,0
14077,zero|in,0,0
14078,zero|inference,0,0
14079,zero|input,0,0
14080,zero|inputs,0,0
14081,zero|instruct,0,0
14082,zero|intent,0,0
14083,zero|is,0,0
14084,zero|itself,0,0
14085,zero|know,0,0
14086,zero|language,0,0
14087,zero|large,0,0
14088,zero|learn,0,0
14089,zero|learned,0,0
14090,zero|likelihood,0,0
14091,zero|maps,0,0
14092,zero|mathematical,0,0
14093,zero|meaning,0,0
14094,zero|mechanism,0,0
14095,zero|method,0,0
14096,zero|minimization,0,0
14097,zero|model,0,0
14098,zero|network,0,0
14099,zero|neural,0,0
14100,zero|next,0,0
14101,zero|no,0,0
14102,zero|nonlinear,0,0
14103,zero|not,0,0
14104,zero|number,0,0
14105,zero|numeric,0,0
14106,zero|of,0,0
14107,zero|offset,0,0
14108,zero|on,0,0
14109,zero|one,0,0
14110,zero|optimization,0,0
14111,zero|output,0,0
14112,zero|outputs,0,0
14113,zero|over,0,0
14114,zero|parameter,0,0
14115,zero|parameters,0,0
14116,zero|part,0,0
14117,zero|patterns,0,0
14118,zero|people,0,0
14119,zero|predicted,0,0
14120,zero|prediction,0,0
14121,zero|predictor,0,0
14122,zero|predicts,0,0
14123,zero|probabilities,0,0
14124,zero|probability,0,0
14125,zero|produces,0,0
14126,zero|prompt,0,0
14127,zero|reason,0,0
14128,zero|reduces,0,0
14129,zero|relevant,0,0
14130,zero|repeated,0,0
14131,zero|represents,0,0
14132,zero|scales,0,0
14133,zero|shifts,0,0
14134,zero|slows,0,0
14135,zero|statistical,0,0
14136,zero|stops,0,0
14137,zero|sum,0,0
14138,zero|sums,0,0
14139,zero|text,0,0
14140,zero|the,0,0
14141,zero|to,0,0
14142,zero|token,0,0
14143,zero|tokens,0,0
14144,zero|trained,0,0
14145,zero|training,0,0
14146,zero|truth,0,0
14147,zero|understand,0,0
14148,zero|understanding,0,0
14149,zero|unit,0,0
14150,zero|updated,0,0
14151,zero|updates,0,0
14152,zero|using,0,0
14153,zero|vector,0,0
14154,zero|weight,0,0
14155,zero|weighted,0,0
14156,zero|weighting,0,0
14157,zero|what,0,0
14158,zero|when,0,0
14159,zero|word,0,0
14160,zero|zero,0,0
